*************************************************
******************* ORCA 6.1.1 ******************
*************************************************
$Calculation_Status
   &GeometryIndex 1
   &version [&Type "String"] "6.1.1"
   &progName [&Type "String"] "LeanSCF"
   &Status [&Type "String"] "NORMAL TERMINATION"
$End
$Geometry
   &GeometryIndex 1
   &NAtoms [&Type "Integer"] 17
   &NCorelessECP [&Type "Integer"] 0
   &NGhostAtoms [&Type "Integer"] 0
   &CartesianCoordinates [&Type "Coordinates", &Dim(17,4), &Units "Bohr"] 
              C      4.595396422707   -7.439483954056    2.739844889877
              C      2.813727909377   -5.314142494976    1.962616952715
              C      3.593767456670   -2.785724020004    1.785963086045
              C      2.067981808052   -0.735527520640    1.046499360354
              C     -0.713198308772   -0.940083685006    0.319535454944
              H      6.460245313630   -6.703030562097    3.160419012324
              H      4.770246205632   -8.829779186845    1.235192332073
              H      3.887297105271   -8.412672050449    4.405635018730
              H      0.886598671752   -5.824745286937    1.535605704959
              H      5.540230954803   -2.375347388898    2.251776363967
              H      3.214783258457   -3.613396023126   -2.899971022807
              H      2.889809152803    1.133313341152    1.020312933988
              H     -1.120728823347    0.241024363861   -1.309532551914
              H     -1.237261260936   -2.867010457374   -0.126262353994
              H     -1.913955541006   -0.301044182367    1.862117235105
              O      2.908390395241   -4.115887260143   -4.648886387044
              H      1.075292418258   -4.112750390350   -4.837960497627
$End
$SCF_Mulliken_Population_Analysis
   &GeometryIndex 1
   &NAtoms [&Type "Integer"] 17
   &ATNO [&Type "ArrayOfIntegers", &Dim (17,1)] 
                                                         0

0                                                        6
1                                                        6
2                                                        6
3                                                        6
4                                                        6
5                                                        1
6                                                        1
7                                                        1
8                                                        1
9                                                        1
10                                                       1
11                                                       1
12                                                       1
13                                                       1
14                                                       1
15                                                       8
16                                                       1
   &AtomicCharges [&Type "ArrayOfDoubles", &Dim (17,1)] 
                                                         0

0                                     -3.8327460606409947e-01
1                                     -1.1439543619436421e-01
2                                     -1.6764294837038030e-01
3                                     -1.1834823741105005e-01
4                                     -3.8792904011230966e-01
5                                      1.3151909662550110e-01
6                                      1.3615847330815578e-01
7                                      1.3347600645758217e-01
8                                      1.2062113246496575e-01
9                                      1.3287620836424574e-01
10                                     2.9709237398738586e-01
11                                     1.2735126289963694e-01
12                                     1.3274290657499188e-01
13                                     1.2512972893493113e-01
14                                     1.3811780754479597e-01
15                                    -5.8545074872968428e-01
16                                     2.8195601971971351e-01
   &Method [&Type "String"] "SCF"
   &Level [&Type "String"] "Relaxed density"
   &Mult [&Type "Integer"] 2
   &State [&Type "Integer"] -1
   &Irrep [&Type "Integer"] 0
$End
$SCF_Loewdin_Population_Analysis
   &GeometryIndex 1
   &NAtoms [&Type "Integer"] 17
   &ATNO [&Type "ArrayOfIntegers", &Dim (17,1)] 
                                                         0

0                                                        6
1                                                        6
2                                                        6
3                                                        6
4                                                        6
5                                                        1
6                                                        1
7                                                        1
8                                                        1
9                                                        1
10                                                       1
11                                                       1
12                                                       1
13                                                       1
14                                                       1
15                                                       8
16                                                       1
   &AtomicCharges [&Type "ArrayOfDoubles", &Dim (17,1)] 
                                                         0

0                                     -2.4593554104678716e-01
1                                     -6.8906849659908787e-02
2                                     -1.1268414649358682e-01
3                                     -7.1809286718726106e-02
4                                     -2.5059868931838025e-01
5                                      8.5442075155700792e-02
6                                      9.0004555504872741e-02
7                                      8.7947755131573602e-02
8                                      7.3314238404859622e-02
9                                      8.2890379889750010e-02
10                                     2.1937032283646873e-01
11                                     7.8044155432396622e-02
12                                     8.7022653519109316e-02
13                                     8.1102781808760738e-02
14                                     9.1858257488721118e-02
15                                    -4.3433562136143777e-01
16                                     2.0727295942660839e-01
   &Method [&Type "String"] "SCF"
   &Level [&Type "String"] "Relaxed density"
   &Mult [&Type "Integer"] 2
   &State [&Type "Integer"] -1
   &Irrep [&Type "Integer"] 0
$End
$SCF_Mayer_Population_Analysis
   &GeometryIndex 1
   &NAtoms [&Type "Integer"] 17 "Total number of atoms"
   &NBondOrdersPrint [&Type "Integer"] 15 "The number of bond orders larger than threshold"
   &bondThresh [&Type "Double"]       1.0000000000000001e-01  "The threshold for printing"
   &components [&Type "ArrayOfIntegers", &Dim (15,4)] "The indices and atomic numbers of the bonding atoms"
                                                         0                           1                           2                           3

0                                                        0                           6                           1                           6
1                                                        0                           6                           5                           1
2                                                        0                           6                           6                           1
3                                                        0                           6                           7                           1
4                                                        1                           6                           2                           6
5                                                        1                           6                           8                           1
6                                                        2                           6                           3                           6
7                                                        2                           6                           9                           1
8                                                        3                           6                           4                           6
9                                                        3                           6                          11                           1
10                                                       4                           6                          12                           1
11                                                       4                           6                          13                           1
12                                                       4                           6                          14                           1
13                                                      10                           1                          15                           8
14                                                      15                           8                          16                           1
   &BondOrders [&Type "ArrayOfDoubles", &Dim (15,1)] "The bond orders"
                                                         0

0                                      1.0229845233840671e+00
1                                      9.7413154171957617e-01
2                                      9.6442494072103124e-01
3                                      9.6573126504581064e-01
4                                      1.3436620532628103e+00
5                                      9.6127478311183190e-01
6                                      1.3324809783335954e+00
7                                      9.5809942891308442e-01
8                                      1.0221067172762033e+00
9                                      9.6167114214342642e-01
10                                     9.6924148979017299e-01
11                                     9.7349150734822254e-01
12                                     9.6198406647777168e-01
13                                     8.9337398198333073e-01
14                                     9.1035074728328846e-01
   &ATNO [&Type "ArrayOfIntegers", &Dim (17,1)] "Atomic number of the elements"
                                                         0

0                                                        6
1                                                        6
2                                                        6
3                                                        6
4                                                        6
5                                                        1
6                                                        1
7                                                        1
8                                                        1
9                                                        1
10                                                       1
11                                                       1
12                                                       1
13                                                       1
14                                                       1
15                                                       8
16                                                       1
   &NA [&Type "ArrayOfDoubles", &Dim (17,1)] "Mulliken gross atomic population"
                                                         0

0                                      6.3832746060640986e+00
1                                      6.1143954361943669e+00
2                                      6.1676429483703803e+00
3                                      6.1183482374110509e+00
4                                      6.3879290401123097e+00
5                                      8.6848090337449857e-01
6                                      8.6384152669184400e-01
7                                      8.6652399354241783e-01
8                                      8.7937886753503436e-01
9                                      8.6712379163575437e-01
10                                     7.0290762601261414e-01
11                                     8.7264873710036295e-01
12                                     8.6725709342500812e-01
13                                     8.7487027106506887e-01
14                                     8.6188219245520403e-01
15                                     8.5854507487296825e+00
16                                     7.1804398028028649e-01
   &ZA [&Type "ArrayOfDoubles", &Dim (17,1)] "Total nuclear charge"
                                                         0

0                                      6.0000000000000000e+00
1                                      6.0000000000000000e+00
2                                      6.0000000000000000e+00
3                                      6.0000000000000000e+00
4                                      6.0000000000000000e+00
5                                      1.0000000000000000e+00
6                                      1.0000000000000000e+00
7                                      1.0000000000000000e+00
8                                      1.0000000000000000e+00
9                                      1.0000000000000000e+00
10                                     1.0000000000000000e+00
11                                     1.0000000000000000e+00
12                                     1.0000000000000000e+00
13                                     1.0000000000000000e+00
14                                     1.0000000000000000e+00
15                                     8.0000000000000000e+00
16                                     1.0000000000000000e+00
   &QA [&Type "ArrayOfDoubles", &Dim (17,1)] "Mulliken gross atomic charge"
                                                         0

0                                     -3.8327460606409858e-01
1                                     -1.1439543619436687e-01
2                                     -1.6764294837038030e-01
3                                     -1.1834823741105094e-01
4                                     -3.8792904011230966e-01
5                                      1.3151909662550143e-01
6                                      1.3615847330815600e-01
7                                      1.3347600645758217e-01
8                                      1.2062113246496564e-01
9                                      1.3287620836424563e-01
10                                     2.9709237398738586e-01
11                                     1.2735126289963705e-01
12                                     1.3274290657499188e-01
13                                     1.2512972893493113e-01
14                                     1.3811780754479597e-01
15                                    -5.8545074872968250e-01
16                                     2.8195601971971351e-01
   &VA [&Type "ArrayOfDoubles", &Dim (17,1)] "Mayer's total valence"
                                                         0

0                                      3.9456331550306851e+00
1                                      3.9785109435722861e+00
2                                      3.9800706146860279e+00
3                                      3.9769627171260207e+00
4                                      3.9471273571214387e+00
5                                      9.8270272722281204e-01
6                                      9.8146087014639216e-01
7                                      9.8218415570013551e-01
8                                      9.8545054240286922e-01
9                                      9.8234391325074155e-01
10                                     9.1173612131853921e-01
11                                     9.8378165583786747e-01
12                                     9.8237932075402301e-01
13                                     9.8434255093667067e-01
14                                     9.8092347123901868e-01
15                                     1.8086473328614865e+00
16                                     9.2050080294381653e-01
   &BVA [&Type "ArrayOfDoubles", &Dim (17,1)] "Mayer's bonded valence"
                                                         0

0                                      3.9400529150638182e+00
1                                      3.4049387362672148e+00
2                                      3.6714599181020642e+00
3                                      3.3936099898477314e+00
4                                      3.9416876258991120e+00
5                                      9.8266096335077058e-01
6                                      9.8038596627930130e-01
7                                      9.8121395090587893e-01
8                                      9.8145577027311071e-01
9                                      9.8013177445118971e-01
10                                     9.1173611313266667e-01
11                                     9.7950647641514699e-01
12                                     9.8192724373312701e-01
13                                     9.8425484281154973e-01
14                                     9.7948146284695636e-01
15                                     1.8086466000873660e+00
16                                     9.2050080293429126e-01
   &FA [&Type "ArrayOfDoubles", &Dim (17,1)] "Mayer's free valence"
                                                         0

0                                      5.5802399668669622e-03
1                                      5.7357220730507130e-01
2                                      3.0861069658396367e-01
3                                      5.8335272727828924e-01
4                                      5.4397312223266603e-03
5                                      4.1763872041463047e-05
6                                      1.0749038670908456e-03
7                                      9.7020479425657664e-04
8                                      3.9947721297585535e-03
9                                      2.2121387995517965e-03
10                                     8.1858724954725348e-09
11                                     4.2751794227205188e-03
12                                     4.5207702089600211e-04
13                                     8.7708125120891480e-05
14                                     1.4420083920622694e-03
15                                     7.3277412049321811e-07
16                                     9.5252694620739931e-12
   &Method [&Type "String"] "SCF"
   &Level [&Type "String"] "Relaxed density"
   &Mult [&Type "Integer"] 2
   &State [&Type "Integer"] -1
   &Irrep [&Type "Integer"] 0
$End
$SCF_Energy
   &GeometryIndex 1
   &Method [&Type "String"] "SCF"
   &totalEnergy [&Type "ArrayOfDoubles", &Dim (1,1)] "Total energy of each state"
                                                         0

0                                     -2.6875147638786984e+02
   &Mult [&Type "ArrayOfIntegers", &Dim (1,1)] "Multiplicity of each state"
                                                         0

0                                                        2
$End
$SCF_Timings
   &GeometryIndex 1
   &TOTAL [&Type "Double"]       4.6397399999999989e-01
   &PREP [&Type "Double"]       1.0029049999999999e+00
   &FOCK [&Type "Double"]       1.6789900000000024e-01
   &DENS [&Type "Double"]       4.5021999999999895e-02
   &ETOT [&Type "Double"]       2.2461000000000064e-02
   &POP [&Type "Double"]       1.4481999999999884e-02
   &TRAFO [&Type "Double"]       1.9806999999999908e-02
   &DIIS [&Type "Double"]       1.0391299999999970e-01
   &SOSCF [&Type "Double"]       5.2764000000000033e-02
   &J [&Type "Double"]       1.2238700000000002e-01
   &FOCKSTART [&Type "Double"]       2.2920999999999747e-02
$End
$VdW_Correction
   &GeometryIndex 1
   &vdW [&Type "Double"]      -5.5386419911086886e-02
$End
$gCP_Energy
   &GeometryIndex 1
   &gCP_Energy [&Type "Double"]      -1.8801582999999900e-03
$End
$Single_Point_Data
   &GeometryIndex 1
   &FinalEnergy [&Type "Double"]      -2.6880874296608096e+02  "Final single point energy"
   &Converged [&Type "Boolean"] true
$End
$Calculation_Info
   &GeometryIndex 1
   &Mult [&Type "Integer"] 2
   &Charge [&Type "Integer"] 0
   &NumOfAtoms [&Type "Integer"] 17
   &NumOfElectrons [&Type "Integer"] 49
   &NumOfBasisFuncts [&Type "Integer"] 41
   &NumOfAuxCBasisFuncts [&Type "Integer"] 0
   &NumOfAuxJBasisFuncts [&Type "Integer"] 0
   &NumOfAuxJKBasisFuncts [&Type "Integer"] 0
   &NumOfCABSBasisFuncts [&Type "Integer"] 0
$End
$SCF_Dipole_Moment
   &GeometryIndex 1
   &dipoleMagnitude [&Type "Double", &Units "a.u."]       9.1992793891799307e-01
   &dipoleElecContrib [&Type "ArrayOfDoubles", &Dim (3,1)] "Electronic contribution"
                                                         0

0                                      1.0254653406539018e+00
1                                      1.1237171897818234e+00
2                                     -7.5305759492032942e-01
   &dipoleNucContrib [&Type "ArrayOfDoubles", &Dim (3,1)] "Nuclear contribution"
                                                         0

0                                     -1.6197296925678624e+00
1                                     -9.7255442634228606e-01
2                                      1.4388178385882675e+00
   &dipoleTotal [&Type "ArrayOfDoubles", &Dim (3,1)] "Total"
                                                         0

0                                     -5.9426435191396054e-01
1                                      1.5116276343953738e-01
2                                      6.8576024366793809e-01
   &doAtomicDipole [&Type "Boolean"] false
   &Method [&Type "String"] "SCF"
   &Level [&Type "String"] "Relaxed density"
   &Mult [&Type "Integer"] 2
   &State [&Type "Integer"] -1
   &Irrep [&Type "Integer"] 0
$End
$THERMOCHEMISTRY_Energies
   &GeometryIndex 1
   &temperature [&Type "Double"]       2.9814999999999998e+02
   &pressure [&Type "Double"]       1.0000000000000000e+00
   &totalMass [&Type "Double"]       8.7141999999999982e+01
   &spinDegeneracy [&Type "Integer"] 2
   &elEnergy [&Type "Double"]      -2.6880874296608096e+02
   &transEnergy [&Type "Double"]       1.4162714244859817e-03
   &rotEnergy [&Type "Double"]       1.4162714244859817e-03
   &vibEnergy [&Type "Double"]       7.4144245110144419e-03
   &numOfFreqs [&Type "Integer"] 51
   &freqScalingFactor [&Type "Double"]       1.0000000000000000e+00
   &FREQ [&Type "ArrayOfDoubles", &Units "cm^-1", &Dim (51,1)] 
                                                         0

0                                      0.0000000000000000e+00
1                                      0.0000000000000000e+00
2                                      0.0000000000000000e+00
3                                      0.0000000000000000e+00
4                                      0.0000000000000000e+00
5                                      0.0000000000000000e+00
6                                     -4.2439072957912785e+01
7                                      3.2237582957340969e+01
8                                      3.4135781431243579e+01
9                                      8.5553115416449288e+01
10                                     1.0228644164025582e+02
11                                     1.1232283050795198e+02
12                                     1.4861700617805266e+02
13                                     1.8111149228343348e+02
14                                     2.3099964968195968e+02
15                                     2.3603360729468994e+02
16                                     3.5443408957303683e+02
17                                     3.9455975584601373e+02
18                                     6.4996550859156491e+02
19                                     7.1556280661588266e+02
20                                     7.8743977381726688e+02
21                                     9.5954903020310235e+02
22                                     1.0231672321580955e+03
23                                     1.0598588445334778e+03
24                                     1.1725601908616300e+03
25                                     1.1773263446886087e+03
26                                     1.1855218171885442e+03
27                                     1.2758291170338373e+03
28                                     1.3214186370125512e+03
29                                     1.3287984521141248e+03
30                                     1.4918560260990578e+03
31                                     1.5933550207970661e+03
32                                     1.6377716703527508e+03
33                                     1.6492349441154304e+03
34                                     1.6545003465642487e+03
35                                     1.7289736946280864e+03
36                                     1.7374947144172902e+03
37                                     1.7389084664305153e+03
38                                     1.7437108767255145e+03
39                                     1.9279390451761547e+03
40                                     3.5344266846190430e+03
41                                     3.5394433222949592e+03
42                                     3.6550843359166679e+03
43                                     3.6576529508580529e+03
44                                     3.6776510521203531e+03
45                                     3.6872232189203532e+03
46                                     3.6907663778012011e+03
47                                     3.6981980927879804e+03
48                                     3.7047867147251627e+03
49                                     4.1296013164611541e+03
50                                     4.3380683469621863e+03
   &zpe [&Type "Double"]       1.6581856402438430e-01
   &innerEnergyU [&Type "Double"]      -2.6863267743469657e+02
   &enthalpyH [&Type "Double"]      -2.6863173322565433e+02
   &qEl [&Type "Double"]       6.5445636319338377e-04
   &qRot [&Type "Double"]       1.3341485920726393e-02
   &qVib [&Type "Double"]       1.4071732953632390e-02
   &qTrans [&Type "Double"]       1.8676318964067788e-02
   &entropyS [&Type "Double"]       4.6743994201619961e-02
   &freeEnergyG [&Type "Double"]      -2.6867847721985595e+02
   &isLinear [&Type "Boolean"] false
$End
$Hessian
   &GeometryIndex 1
   &HESSIAN [&Type "ArrayOfDoubles", &Dim (51,51)] "The Hessian"
                                                         0                           1                           2                           3                           4                           5                           6                           7

0                                      7.6119812459242120e-01         7.9790844852934487e-02        -9.2920161434338865e-03        -1.8837269017697009e-01         8.4499848802277955e-02        -4.3158821383516177e-02         9.4885463070983195e-03        -9.6043941205357017e-03
1                                      7.9790844852934487e-02         7.2086678905404933e-01         2.4151037233584312e-02         7.1933073216722709e-02        -2.0959477050958775e-01         3.9649614841848604e-02         2.8448531843820360e-02        -2.3648594270793834e-02
2                                     -9.2920161434338865e-03         2.4151037233584312e-02         7.4798463103407020e-01        -4.1446691552629769e-02         4.2141647907414509e-02        -8.8106559926146757e-02        -3.7461567954283331e-03         2.8215487520894221e-03
3                                     -1.8837269017697009e-01         7.1933073216722709e-02        -4.1446691552629769e-02         7.7122932914070841e-01         6.2040399254752174e-02         1.6003747502764559e-01        -1.7135996254737540e-01        -4.6786156796426434e-02
4                                      8.4499848802277955e-02        -2.0959477050958775e-01         4.2141647907414509e-02         6.2040399254752174e-02         7.0132517386676840e-01        -7.1043541305108981e-02        -1.1173698491685292e-01        -2.7534222470705283e-01
5                                     -4.3158821383516177e-02         3.9649614841848604e-02        -8.8106559926146757e-02         1.6003747502764559e-01        -7.1043541305108981e-02         1.7713003271206018e-01        -1.6234760322966064e-02         2.2124519230822533e-02
6                                      9.4885463070983195e-03         2.8448531843820360e-02        -3.7461567954283331e-03        -1.7135996254737540e-01        -1.1173698491685292e-01        -1.6234760322966064e-02         8.1333284174626508e-01         6.9106206148206853e-02
7                                     -9.6043941205357017e-03        -2.3648594270793834e-02         2.8215487520894221e-03        -4.6786156796426434e-02        -2.7534222470705283e-01         2.2124519230822533e-02         6.9106206148206853e-02         6.0483105453258801e-01
8                                      2.3410698183604179e-03         1.2047408092005912e-02         5.1402375303155230e-03        -2.6509226367426589e-02         4.0467012711595546e-03        -5.4735388056581638e-02         1.7670540775749827e-01        -5.1825071957155078e-02
9                                     -1.7438520112848773e-03        -4.4297756227247194e-03        -1.4103866403004147e-03         2.7936477933506086e-02         3.2319616196524570e-02         1.0234959232114805e-03        -2.1814646222821060e-01         5.4329633071113256e-02
10                                    -4.2044177458393896e-03        -6.5930282524662067e-04        -1.3438792553517359e-04         9.6183347634081831e-03        -9.0153057737788880e-02         1.7546321974167164e-02         1.0211323462108673e-01        -2.0622116907472687e-01
11                                    -1.4604345346374567e-03        -2.4972632561367407e-04         5.9727467797957966e-03         5.0830620221875055e-03         2.4144375717440450e-02         3.1973220782477337e-03        -6.2568237198275603e-02         3.6218564400495729e-02
12                                    -1.8512303054921695e-04        -5.7020946849890061e-04         1.7247101133140239e-05         1.0194707604729934e-03        -4.2834168159633212e-03         1.4457840114329317e-03        -1.7032948864453768e-02        -3.8908649697090292e-03
13                                     2.4303284651709201e-04         2.8846436937332966e-04         1.6622593214962690e-04        -7.8489780513454899e-04         2.5030220203334360e-03        -1.3596892501035120e-03         3.1182423359635385e-02         9.3462695213851581e-03
14                                    -4.2118582357380987e-04        -2.6965539158350232e-04         1.6164937660003575e-04         5.8442280844668787e-04        -1.6967275517833372e-03        -2.2856369106994839e-03        -1.1044525032015166e-02        -1.3072519405812593e-03
15                                    -3.8512143883748706e-01        -1.2558696963622026e-01        -7.0449282317652989e-02        -2.0623381600687905e-02        -7.6220606498755387e-03        -4.6274204593080839e-03         3.4121234008259727e-03        -3.5802663383281818e-03
16                                    -1.3208539542250386e-01        -1.1909106973496095e-01        -3.0241754323057216e-02         3.5303001445030097e-02         1.1486182887110220e-02         8.1739849820139099e-03         5.6085099511799571e-04         3.2367242300686151e-03
17                                    -6.9631137448102565e-02        -2.8519617076028660e-02        -8.7673894542128789e-02        -1.0283215844124784e-02        -3.6554491992136853e-03        -2.1617194100152833e-03         9.2784678567567076e-04        -1.4899445344006405e-03
18                                    -7.2966472216515074e-02         1.8461044099439997e-02         2.5248906219685278e-02        -5.9784468134094215e-04         2.0484642710371329e-02         1.5928156622604640e-02        -2.0683124153651838e-03        -7.8746636629669774e-04
19                                     1.7818160399681426e-02        -2.3366914413710971e-01        -1.8833957340217417e-01         3.3255685965655774e-03        -2.2590115132956275e-02        -1.6386342971310988e-02         1.8240501686498422e-03         2.2596982067335167e-04
20                                     2.2014804063519168e-02        -1.8471512745928109e-01        -2.6601837200825684e-01        -9.3675839005679523e-04         1.3322876480967479e-02         1.2898733902642590e-02        -2.3019399516119353e-03         7.1517169086631263e-04
21                                    -1.1410155788819316e-01        -6.4265184084661850e-02         1.0189402018131290e-01         1.0810432770735413e-02         1.7291933010926831e-02        -2.1891639653966642e-02        -2.9908973493322933e-03         2.7909779552555557e-05
22                                    -6.5400202490750639e-02        -1.4671486162432923e-01         1.4399009011042324e-01        -8.1953333358695084e-03        -1.8183398748169512e-02         2.2292197720147764e-02         2.3214845502668498e-03        -2.3130042190970708e-04
23                                     1.0504188069476761e-01         1.4127018865403349e-01        -3.1347654754730248e-01         9.5923376387641208e-04         4.0693374587858801e-03        -2.4109011249446744e-03         8.2204357401362196e-04        -1.2129256472189183e-03
24                                    -1.1056599799835760e-02        -7.6697488547138142e-03        -2.4653214424272566e-03        -4.2474504534939356e-01        -9.6089559042481731e-02        -8.8028142809960574e-02        -9.7859893980339549e-04        -3.0624960725043199e-04
25                                     2.9934604236867429e-02         9.2756851813363891e-03         6.9373116311405190e-03        -9.4112742837794139e-02        -9.4475482142107464e-02        -1.5088532323693105e-02        -3.5960467225211276e-02        -4.0390040406859977e-03
26                                    -7.9412684137098542e-03        -3.1173979839660935e-03         4.0938541815702459e-04        -8.8406953160359958e-02        -1.5125052001431010e-02        -5.2044182375103679e-02         4.2042002219625906e-03         3.3460985760269679e-04
27                                     1.4433098934356695e-03         2.7099582245580494e-03         1.3766277660222479e-03        -2.5716385500608105e-03         7.7804940625599700e-04        -1.9175617408664991e-03        -4.2648712268765376e-01        -7.6645654265095758e-02
28                                    -7.7701028674307272e-04         3.1775448104829898e-03        -1.4709243501929228e-03        -3.6604158016255398e-02        -5.5672442789806995e-03        -8.2714749625433966e-03        -7.5600002520338175e-02        -8.8261791290066394e-02
29                                     1.8629649888916616e-03        -5.3003233094142807e-04        -4.5464116102815278e-03         3.9377439284583055e-03         2.5465787216840431e-03         5.4082034890560078e-03        -9.0854699544613338e-02        -1.5937622710050735e-02
30                                    -3.5684552449639646e-04        -8.5560714108788352e-05         1.2450148035295642e-04        -9.7187934925539211e-05        -1.4928937516777254e-04        -1.2995024860402565e-04        -6.2680393472419713e-04         2.9425399387297347e-05
31                                    -2.1934695254644822e-04        -1.8350268389066458e-04        -3.8432272171096111e-04         1.9524766393945957e-04         7.8261835306246512e-04        -7.3348948971164736e-04        -6.0761570369806395e-05        -1.1440242296733313e-03
32                                    -1.4759254865338769e-04        -2.7203425619288981e-04         1.0592228066364905e-04        -1.7662755099763505e-04         9.6666220130058392e-04        -1.2950031973351511e-03        -5.1992799973774734e-04        -4.3171552123152490e-04
33                                     8.8871225632579376e-04         9.5429305863942669e-04        -4.9765254447008394e-06        -2.8460940274073433e-03         2.4637846980148552e-03        -2.7603250878657083e-03         1.2631652352337012e-02         2.4304354968988882e-02
34                                    -2.1543462168962515e-04        -1.6481342401136745e-04         8.1537283118169549e-05         2.5687745965980377e-03         8.2326696783442850e-04         1.2936112462094318e-03        -1.2019984316628238e-02        -1.7988079436151976e-02
35                                     2.2062413467971402e-04         3.5176943494616105e-04         1.6349882956094282e-04        -2.9526638179415985e-03         1.0362177777905918e-03         4.7553529105346330e-03         3.3623890344733993e-03         1.1776956981008009e-02
36                                     1.5144112923873206e-04         1.5863277848392806e-04         6.0199176903221168e-05         2.5097209518765628e-04        -6.6057907226942862e-04        -1.1777208952757373e-04        -4.1538042119084991e-03        -3.4579615133232908e-03
37                                     2.4632563972796432e-04         1.5705115612371515e-04         6.7901175024355129e-05         2.1040910855172094e-04        -3.8984989376862682e-04        -4.4401508719999622e-05        -1.7147358436039508e-03        -7.7518738751276449e-04
38                                     2.8357141473008777e-05        -3.3826914407832261e-06         1.8594405011077442e-05         1.8869517251754887e-04        -3.2961505392856019e-04         4.6417405596500599e-05         1.3496260292978311e-03        -1.1401916120924033e-04
39                                     3.2276461449523656e-04         7.6004096602169582e-06         1.9422656070159898e-04        -2.7535962951810315e-04         2.8800895131756641e-04        -2.5728545561931826e-04         4.7404760840143497e-03         1.8534264313895378e-04
40                                    -1.7703285992648043e-04        -1.7605682267385087e-04        -1.0933497039780269e-04         1.3861724425336674e-03        -4.4716162457816584e-04         8.5047279312832139e-04         1.3807416514120350e-03         3.3782954004334684e-04
41                                     2.4842505189874857e-04         3.2081686210439593e-05         1.9861352294652982e-05        -1.0712231537617902e-04         1.4899416354630506e-04        -3.6530287015186530e-04         1.5695748014692085e-03        -6.1236507483565690e-05
42                                     1.5031044592937596e-04         5.6992421581755250e-05        -1.0250982908063810e-05         1.8759944304188540e-04         2.1153367380891930e-04         5.6475422647476233e-04        -2.7353004373972291e-04        -2.6763965243092442e-03
43                                     5.5470080180006253e-05         2.6384482983031129e-05         8.4143313175817592e-06         7.4833532722981023e-07         3.4989324168766092e-04         3.7069629276874149e-04        -7.8742146872131779e-05        -9.8961135971240661e-04
44                                     1.6442154617808636e-04         1.0284710025903858e-04        -1.3801605149853539e-05        -7.8384743306975785e-06        -2.4099689998523114e-04         1.9005302203739874e-04        -2.0068124826238152e-03        -1.1785527021303741e-03
45                                     2.6686817771771746e-04         1.3155858606609273e-04        -1.2792083306171966e-04         1.5510774404578487e-04         8.0493910004649329e-06        -7.9268558920272437e-05         5.1405235712744055e-04        -6.9890547252437888e-05
46                                     2.5980212261353451e-04         2.4352630575598248e-04         4.3721291001775730e-04        -2.2357068464226451e-05        -5.4226588211795193e-04         8.7270309064913323e-04         2.7603246195872675e-05         6.2820259930907894e-04
47                                     9.4515374794443621e-06         1.1605009749208854e-04        -2.3105189540611982e-04         7.2069874352972962e-05        -4.6574236085414507e-04        -3.6657361315355682e-04         1.5268758082513136e-04        -2.6365045256006249e-04
48                                    -5.4979313302006005e-06        -6.0552336339073087e-05         3.6513213943002970e-05        -1.0018539001859644e-04         1.0582668906095687e-04         2.0951402296286257e-04        -1.2490251013611356e-06        -4.7588244430177588e-06
49                                    -1.4938325490427927e-04        -1.3332932750068804e-04        -1.3274169315447516e-04        -2.5886475185497995e-05         1.5413320311470310e-05        -2.0714922642364638e-04         3.3739818066995001e-05         3.4935974218714859e-05
50                                     1.2121885161207272e-04        -3.3911505388704052e-05         9.0112128203379303e-05        -4.1837147452342301e-05         9.4231538075270334e-05         1.4515196395708098e-04         2.1704984881112287e-04         1.7660530673509683e-05
                                                         8                           9                          10                          11                          12                          13                          14                          15

0                                      2.3410698183604179e-03        -1.7438520112848773e-03        -4.2044177458393896e-03        -1.4604345346374567e-03        -1.8512303054921695e-04         2.4303284651709201e-04        -4.2118582357380987e-04        -3.8512143883748706e-01
1                                      1.2047408092005912e-02        -4.4297756227247194e-03        -6.5930282524662067e-04        -2.4972632561367407e-04        -5.7020946849890061e-04         2.8846436937332966e-04        -2.6965539158350232e-04        -1.2558696963622026e-01
2                                      5.1402375303155230e-03        -1.4103866403004147e-03        -1.3438792553517359e-04         5.9727467797957966e-03         1.7247101133140239e-05         1.6622593214962690e-04         1.6164937660003575e-04        -7.0449282317652989e-02
3                                     -2.6509226367426589e-02         2.7936477933506086e-02         9.6183347634081831e-03         5.0830620221875055e-03         1.0194707604729934e-03        -7.8489780513454899e-04         5.8442280844668787e-04        -2.0623381600687905e-02
4                                      4.0467012711595546e-03         3.2319616196524570e-02        -9.0153057737788880e-02         2.4144375717440450e-02        -4.2834168159633212e-03         2.5030220203334360e-03        -1.6967275517833372e-03        -7.6220606498755387e-03
5                                     -5.4735388056581638e-02         1.0234959232114805e-03         1.7546321974167164e-02         3.1973220782477337e-03         1.4457840114329317e-03        -1.3596892501035120e-03        -2.2856369106994839e-03        -4.6274204593080839e-03
6                                      1.7670540775749827e-01        -2.1814646222821060e-01         1.0211323462108673e-01        -6.2568237198275603e-02        -1.7032948864453768e-02         3.1182423359635385e-02        -1.1044525032015166e-02         3.4121234008259727e-03
7                                     -5.1825071957155078e-02         5.4329633071113256e-02        -2.0622116907472687e-01         3.6218564400495729e-02        -3.8908649697090292e-03         9.3462695213851581e-03        -1.3072519405812593e-03        -3.5802663383281818e-03
8                                      1.8571144119560937e-01        -5.5478350674585550e-02         5.0903715591164272e-02        -6.8424650948895216e-02        -4.5714348971968490e-03         6.6803788242646217e-03        -8.2179628057884452e-04         1.5785142934609357e-03
9                                     -5.5478350674585550e-02         6.6579915075929041e-01         6.0096753804242668e-02         1.3920829800363343e-01        -2.7571938899245779e-01        -2.2131494784716772e-02        -5.4603908338072923e-02        -3.9747607977588719e-04
10                                     5.0903715591164272e-02         6.0096753804242668e-02         7.9996071016256243e-01        -7.6819464460808229e-02        -1.2970342462374603e-02        -1.2269526219853993e-01         1.7092360757503620e-03        -7.0025752535131901e-04
11                                    -6.8424650948895216e-02         1.3920829800363343e-01        -7.6819464460808229e-02         1.7119195048678826e-01        -5.2975683233203362e-02         1.3738130149849243e-03        -8.6268087798435422e-02         5.7038012460264623e-05
12                                    -4.5714348971968490e-03        -2.7571938899245779e-01        -1.2970342462374603e-02        -5.2975683233203362e-02         6.5524249984274674e-01         1.5278845589796139e-03        -1.8112766236980833e-02        -5.2327912662283003e-05
13                                     6.6803788242646217e-03        -2.2131494784716772e-02        -1.2269526219853993e-01         1.3738130149849243e-03         1.5278845589796139e-03         8.2249506348295720e-01        -7.8416202175073044e-03        -8.0642954879018430e-05
14                                    -8.2179628057884452e-04        -5.4603908338072923e-02         1.7092360757503620e-03        -8.6268087798435422e-02        -1.8112766236980833e-02        -7.8416202175073044e-03         7.5160351557943106e-01        -5.0231629413488100e-05
15                                     1.5785142934609357e-03        -3.9747607977588719e-04        -7.0025752535131901e-04         5.7038012460264623e-05        -5.2327912662283003e-05        -8.0642954879018430e-05        -5.0231629413488100e-05         4.0056677529558865e-01
16                                    -3.6008344796510097e-04        -9.1932111888426774e-05        -4.7655219137652865e-05        -1.5214379499942044e-05         5.5892844730677429e-05        -1.6363008220960778e-04         8.9371464540731439e-05         1.3418641252848335e-01
17                                     1.6845487211146980e-04        -7.6658083235553280e-05        -1.9374208876007503e-04        -7.4711883871345563e-05        -1.7418772732933794e-05         3.3941709936186667e-06        -2.2640059012095354e-05         7.6230481206638973e-02
18                                     7.3315724925733820e-07         6.0080746735382217e-04         6.3601954674558526e-04        -5.5983734173498318e-04         5.7540014614997846e-05        -1.8046488459343966e-05         4.0965147018275766e-05         8.6476400119140963e-03
19                                     1.1209051206737290e-04        -2.4667249197863478e-04        -4.6339350877102909e-04         7.9999093124706188e-04        -4.0010138407848162e-05         7.5262400282617584e-05         1.7291992436284202e-05         3.7956743611285322e-03
20                                    -1.5255943966874161e-03         8.4605505617201546e-04         7.4170143835371617e-04        -5.7240579639079034e-04         4.8286257882473003e-05         9.4985987115257711e-05        -1.9261551495483196e-05         2.8235085827584515e-03
21                                    -8.5759543026614439e-04         6.1467396007457565e-04         1.1017534624899674e-03         7.2414306206950558e-04         4.6788925605738621e-05         6.6075791422648953e-05         1.2965602133358775e-04        -7.6736672858828750e-03
22                                     8.4899603758214299e-04        -1.1550915390262217e-05        -8.4630328994420912e-04        -7.3885747678566335e-04        -3.0066714072038512e-05         1.7613608677194566e-05        -7.7684851546478686e-05        -2.5275970965921487e-03
23                                    -4.8888279312932670e-04        -2.6072886350913312e-04        -2.3056631971386712e-04        -5.6330757526900635e-05         1.2772638129652722e-05        -1.1321485756416480e-04        -9.2545540929218168e-06        -5.1239025443884020e-03
24                                    -1.3390557312022815e-03         4.9712028523092155e-04         2.7127470342647418e-03         4.3199030077085521e-04        -4.7414590080975538e-04         1.3928753564718191e-03        -2.8997051660563421e-05         4.8488037086906460e-04
25                                    -8.5259887063202661e-03         2.1643528503601710e-04         3.5566113974888269e-03        -1.0146200928769604e-03         2.4104759720664057e-04        -1.1264135923756864e-04        -1.2972799074582707e-04         1.8233506363990624e-03
26                                     4.0345107547338950e-03         6.5116064005770781e-04        -1.9929534373596899e-04        -2.8910677149389824e-03         1.9688116833022420e-04         5.6570693982703740e-04        -7.3938280032532957e-04        -5.7619339690665220e-04
27                                    -9.1551481372661614e-02        -1.3303910878767896e-02        -6.0968984161942630e-03        -3.5659064039270834e-03         2.1558591529152252e-03         6.4789550538376663e-04        -2.2657739427059780e-03         4.9682542758698080e-04
28                                    -1.4619839745587624e-02         3.1506662936223825e-02         8.1413026864026773e-03         8.0569195440353437e-03         9.6508802666390992e-04        -4.2794614243691458e-03         2.3898304706241793e-03         2.7801406922694914e-04
29                                    -7.0441732290895898e-02        -1.0197206828721203e-02        -1.5886860680381833e-03         1.7601559022971947e-03        -2.0580482772853586e-03         1.7219885434551360e-03         7.9016785367073180e-03         6.7528979786633629e-05
30                                     4.1227220248528411e-04         5.3732940648179171e-04         1.3071070452356788e-04         2.9606900423806155e-04         2.1924506426403872e-04        -1.6266516236348809e-04        -5.5970506721703724e-04        -1.2811569780442279e-05
31                                    -3.5252408875888382e-04        -5.6228323473066048e-04         1.6281815000864321e-04        -1.1165982316430761e-04        -7.3512541556583835e-06        -3.6248548638819134e-04         1.0458355575052817e-04         2.4461403803895847e-05
32                                    -2.2277894832213119e-03         1.2362442299160489e-03        -1.1632266342995149e-03        -1.1598856738785804e-03         1.7962760459086426e-04         1.0553670920269032e-04        -4.1146622183665504e-04        -1.0285441625493014e-04
33                                    -1.4173709626371343e-03        -1.3345072201096159e-01        -1.5019526276754674e-01        -8.4190372784677097e-03        -1.0113458477539243e-02        -3.1741173729743867e-02        -1.2421229417283906e-03         2.2735621295821243e-04
34                                     7.2678066414914866e-05        -1.4884939178767859e-01        -4.0313303725371491e-01         9.8668361459366052e-03         5.9375672668271762e-03         6.6141594238008083e-03         1.2748974423471308e-03         1.1082583229139395e-06
35                                     5.0015668564244269e-03        -7.7527575733923951e-03         8.8486608725712734e-03        -3.1990845177497534e-02        -5.0228090277848201e-03        -7.9529328874691357e-03         1.7607242219025085e-03         6.4718313228404693e-05
36                                    -1.4624311831824507e-03        -1.2412846557825565e-02         2.6683768719142738e-02        -3.1378177209412557e-02        -7.7529316236565810e-02         4.0445357261976844e-02        -5.9939622010810226e-02         4.4247861710265614e-05
37                                     1.2700792397095026e-04        -1.1664394714489545e-03         4.8400955645082309e-03        -5.0893769243656184e-03         4.1281667110507583e-02        -1.9699950305204306e-01         1.7071178729097936e-01         4.8440567651044947e-05
38                                    -2.1598782440148062e-04        -1.3652909150368743e-03         2.9689943572825247e-03        -2.2429180425768032e-03        -5.8461821990869342e-02         1.7117198900400790e-01        -3.0613694023457771e-01        -9.3722838121214867e-06
39                                     1.5923100959765960e-03        -1.2600963560385056e-02        -4.2011848739119104e-02        -7.3061872910169540e-03        -8.9662291690346091e-02        -8.8458032243238366e-02        -2.1075186785206618e-02        -2.6973047963424262e-06
40                                     5.4678916399471603e-04         5.9547098043075813e-04         4.7020650147201366e-03         1.0272983765345712e-03        -9.3088888128170039e-02        -4.1130077020134725e-01        -7.8744584357578570e-02        -1.6734793300428839e-05
41                                     4.5907530875652266e-04        -1.3644013732763225e-03        -8.7441115696457600e-03        -1.1553988118554841e-03        -2.1143893149658765e-02        -7.7572232989439494e-02        -8.9922921608060008e-02         6.4668512147124336e-06
42                                     9.5094886646940010e-04        -2.7868015957621714e-02         1.2965819475290428e-02         2.2323499005758852e-02        -1.8756852716887265e-01         6.7676740687895698e-02         1.6810370309239919e-01         1.9915920097025603e-05
43                                     3.5757071991250903e-04        -1.8701929256812804e-03         3.1642873244171047e-03         3.2056764528577901e-03         6.4836887455616762e-02        -1.0563944956234139e-01        -8.6242116555444698e-02         2.4380949592390459e-05
44                                    -6.0492629663004647e-04        -9.7113409409193795e-03         5.9554925796915679e-03         1.3007918149930324e-02         1.6057767033597195e-01        -8.7067681062848123e-02        -2.7514069946518471e-01         4.5412681645500778e-05
45                                    -9.5614274176776103e-04        -3.1610921107602750e-04        -3.5145939705776182e-05        -2.3456961205586835e-04        -1.9962762967136102e-04         1.4864016309552646e-04         5.2471120004352490e-04         7.9657170088333513e-06
46                                    -1.8456391724914979e-04         7.0579494048672370e-04        -2.3226115123784960e-04        -6.0731949226394547e-04         2.8815485736391044e-04         3.5316867646690832e-04        -5.0982582074738996e-04        -3.9240641763026900e-05
47                                    -8.9513698933604802e-04        -4.6245167992353502e-04         3.0793287198014685e-04        -2.1883955773875142e-04         1.8060455041705135e-04        -2.7840855578894607e-04        -1.0549899714732379e-04         9.5161058468239655e-05
48                                     5.2806686267136728e-04        -2.5812323570468219e-05         6.9181581239702392e-05         2.3536462462695645e-04        -2.0424785669173953e-04         4.5327389368824030e-05         5.5769122588185914e-05        -2.3929627486391630e-05
49                                    -6.2304649037640640e-05        -3.2478398412265960e-04        -7.6448041000167573e-05         6.9046896350868315e-05        -2.5233951875665978e-04        -1.3982013680059827e-04         4.9874024426348369e-04         3.3232116195887299e-06
50                                    -1.3340115759393525e-04        -1.7316587503130065e-04        -2.4857854929254434e-05        -7.4951233453502604e-05        -3.9020061462046070e-04         3.2521683554616689e-04         4.5601876680502061e-04        -2.7004596872197894e-05
                                                        16                          17                          18                          19                          20                          21                          22                          23

0                                     -1.3208539542250386e-01        -6.9631137448102565e-02        -7.2966472216515074e-02         1.7818160399681426e-02         2.2014804063519168e-02        -1.1410155788819316e-01        -6.5400202490750639e-02         1.0504188069476761e-01
1                                     -1.1909106973496095e-01        -2.8519617076028660e-02         1.8461044099439997e-02        -2.3366914413710971e-01        -1.8471512745928109e-01        -6.4265184084661850e-02        -1.4671486162432923e-01         1.4127018865403349e-01
2                                     -3.0241754323057216e-02        -8.7673894542128789e-02         2.5248906219685278e-02        -1.8833957340217417e-01        -2.6601837200825684e-01         1.0189402018131290e-01         1.4399009011042324e-01        -3.1347654754730248e-01
3                                      3.5303001445030097e-02        -1.0283215844124784e-02        -5.9784468134094215e-04         3.3255685965655774e-03        -9.3675839005679523e-04         1.0810432770735413e-02        -8.1953333358695084e-03         9.5923376387641208e-04
4                                      1.1486182887110220e-02        -3.6554491992136853e-03         2.0484642710371329e-02        -2.2590115132956275e-02         1.3322876480967479e-02         1.7291933010926831e-02        -1.8183398748169512e-02         4.0693374587858801e-03
5                                      8.1739849820139099e-03        -2.1617194100152833e-03         1.5928156622604640e-02        -1.6386342971310988e-02         1.2898733902642590e-02        -2.1891639653966642e-02         2.2292197720147764e-02        -2.4109011249446744e-03
6                                      5.6085099511799571e-04         9.2784678567567076e-04        -2.0683124153651838e-03         1.8240501686498422e-03        -2.3019399516119353e-03        -2.9908973493322933e-03         2.3214845502668498e-03         8.2204357401362196e-04
7                                      3.2367242300686151e-03        -1.4899445344006405e-03        -7.8746636629669774e-04         2.2596982067335167e-04         7.1517169086631263e-04         2.7909779552555557e-05        -2.3130042190970708e-04        -1.2129256472189183e-03
8                                     -3.6008344796510097e-04         1.6845487211146980e-04         7.3315724925733820e-07         1.1209051206737290e-04        -1.5255943966874161e-03        -8.5759543026614439e-04         8.4899603758214299e-04        -4.8888279312932670e-04
9                                     -9.1932111888426774e-05        -7.6658083235553280e-05         6.0080746735382217e-04        -2.4667249197863478e-04         8.4605505617201546e-04         6.1467396007457565e-04        -1.1550915390262217e-05        -2.6072886350913312e-04
10                                    -4.7655219137652865e-05        -1.9374208876007503e-04         6.3601954674558526e-04        -4.6339350877102909e-04         7.4170143835371617e-04         1.1017534624899674e-03        -8.4630328994420912e-04        -2.3056631971386712e-04
11                                    -1.5214379499942044e-05        -7.4711883871345563e-05        -5.5983734173498318e-04         7.9999093124706188e-04        -5.7240579639079034e-04         7.2414306206950558e-04        -7.3885747678566335e-04        -5.6330757526900635e-05
12                                     5.5892844730677429e-05        -1.7418772732933794e-05         5.7540014614997846e-05        -4.0010138407848162e-05         4.8286257882473003e-05         4.6788925605738621e-05        -3.0066714072038512e-05         1.2772638129652722e-05
13                                    -1.6363008220960778e-04         3.3941709936186667e-06        -1.8046488459343966e-05         7.5262400282617584e-05         9.4985987115257711e-05         6.6075791422648953e-05         1.7613608677194566e-05        -1.1321485756416480e-04
14                                     8.9371464540731439e-05        -2.2640059012095354e-05         4.0965147018275766e-05         1.7291992436284202e-05        -1.9261551495483196e-05         1.2965602133358775e-04        -7.7684851546478686e-05        -9.2545540929218168e-06
15                                     1.3418641252848335e-01         7.6230481206638973e-02         8.6476400119140963e-03         3.7956743611285322e-03         2.8235085827584515e-03        -7.6736672858828750e-03        -2.5275970965921487e-03        -5.1239025443884020e-03
16                                     1.2277414193108295e-01         2.9256405596444646e-02        -2.5243654545184499e-02        -6.9360811807121833e-03        -1.1721830970902796e-03        -1.4671009730323403e-02        -5.2028928256925896e-03        -7.2642751780621906e-03
17                                     2.9256405596444646e-02         7.9644923435672407e-02        -2.9893474272107565e-02        -9.1051454197640918e-03        -2.8517807833067189e-03         3.3045953425210606e-02         1.2115180759252497e-02         1.1836308041187141e-02
18                                    -2.5243654545184499e-02        -2.9893474272107565e-02         6.5742917937415393e-02        -2.3729012693876367e-02        -2.2364604635190074e-02        -4.2546190402104750e-05         1.1055042437803258e-02         1.1428792153250485e-02
19                                    -6.9360811807121833e-03        -9.1051454197640918e-03        -2.3729012693876367e-02         2.4474307524021133e-01         1.9589070186803606e-01        -2.2356090218908081e-03         1.7120797178081522e-02         1.7192784035407565e-02
20                                    -1.1721830970902796e-03        -2.8517807833067189e-03        -2.2364604635190074e-02         1.9589070186803606e-01         2.7798723485017413e-01         1.3686846859710215e-04        -2.5170858284723662e-02        -2.0735130519299028e-02
21                                    -1.4671009730323403e-02         3.3045953425210606e-02        -4.2546190402104750e-05        -2.2356090218908081e-03         1.3686846859710215e-04         1.1276662349522268e-01         6.3264448406972457e-02        -1.1320796649506706e-01
22                                    -5.2028928256925896e-03         1.2115180759252497e-02         1.1055042437803258e-02         1.7120797178081522e-02        -2.5170858284723662e-02         6.3264448406972457e-02         1.5252384504431671e-01        -1.5277746097171219e-01
23                                    -7.2642751780621906e-03         1.1836308041187141e-02         1.1428792153250485e-02         1.7192784035407565e-02        -2.0735130519299028e-02        -1.1320796649506706e-01        -1.5277746097171219e-01         3.2440871755340056e-01
24                                     1.8561400078657003e-03        -4.5773045226569435e-04         1.1785234482244037e-03        -1.0251628998857714e-03         4.5837501297188096e-04         1.1766167161879775e-03        -7.2249219086843904e-04         2.0052698503203632e-04
25                                    -5.5819871535584334e-03         1.4168749657618241e-03        -9.1201501754660974e-04         1.6555863187880000e-03         2.9309178002661068e-04        -5.2518812111843364e-04         1.3756266625741635e-03        -9.6459882203130056e-04
26                                     1.5487570033408187e-03         1.0205472937597159e-03         7.6701581982865799e-05         2.8572540740077015e-04         3.3015265538885973e-04         4.4279869252959562e-04        -1.1073887541298254e-03         8.2557405062129788e-04
27                                     2.0554044009205800e-04         8.5200404493149164e-05        -2.8195413919461293e-04         3.4995143284484095e-04        -3.6559403596838833e-04        -2.5121690012042943e-04         8.8743691799168800e-05         2.8119681547920591e-05
28                                    -4.9457120972576992e-04         1.5354678530731311e-04         4.0602591438967424e-05        -8.7242166075859732e-06         6.3763628947896252e-05        -3.1986160346491308e-05         1.8361468932611303e-04        -1.8324490442288895e-05
29                                     1.4422337934453860e-04         3.3160706071772190e-05         1.4780585317251732e-04        -5.2045289789960647e-04         2.7248508946688533e-04        -4.0548364457864165e-04         6.5839137901973458e-04         5.6220005600781829e-05
30                                     1.2062113032442075e-04        -1.4732555395957506e-04         8.4107269308853524e-05         1.1782757249333777e-04        -8.1695497556881990e-05        -1.6258004472120109e-05        -2.4900014421271572e-06         3.9455642730678840e-05
31                                     3.5276981125925613e-05         3.8092853455515177e-05         1.7583649311377016e-04        -2.3434391465498378e-04         3.6495853133405089e-04         4.4625657183746672e-05        -4.9606515964334733e-05        -3.2768307855177191e-05
32                                    -4.6869182674704087e-05        -3.9249150234863927e-05         5.9448639436160899e-05         9.8986790093621296e-05         1.6234583146731638e-04         1.9657304113540174e-04        -6.2736079768685015e-05        -6.0796419743903811e-05
33                                    -1.3584763197706500e-05         6.5251477736710925e-05        -1.6489450457144846e-04         5.4446626503242609e-05        -2.8615551041999789e-04        -3.2323229198634950e-04         1.5826061206601204e-04         9.4164284284811066e-05
34                                     2.8515883161595295e-05        -5.5605445713475914e-06        -5.1153138661038668e-05        -2.8143006201482475e-05        -2.5980776744390695e-05        -1.6863644329763146e-05        -6.0093761859014456e-05         1.5891075517329451e-05
35                                    -1.0625559506303634e-05         2.0296262124142694e-05        -1.0843810731067352e-04         7.8461871338155958e-05        -4.7623655221726242e-05        -3.9698019751369714e-05        -5.1311073843772375e-08         9.7394767492320385e-05
36                                    -1.6688122393890487e-05         1.0677441413909147e-05        -3.6296446546939338e-05         2.2075287683482703e-05        -5.4639159015960111e-05        -4.7842414270597624e-05         9.4905469008432081e-06         1.9074063649842342e-05
37                                    -5.6517007540633551e-05         2.3991717555581584e-05        -4.3260118215624575e-05         9.4693051935477481e-06        -3.8312646214686994e-05        -5.6202195124242815e-05         1.4857950758443610e-05         1.3641037353511777e-05
38                                    -2.9632082660022195e-05         4.3637532298525803e-06         1.4234556707944785e-05         8.2090138260634653e-06         4.2890395242804920e-05         3.5739314930137650e-05        -7.3851790906680204e-06        -2.4973147880653652e-05
39                                    -1.0213790959355263e-04         1.1065304642960533e-05        -1.5057279061678007e-05         4.7360872510448311e-05         2.0182190026806564e-05         4.3851711021987948e-05        -2.1670213464277397e-06        -3.7522548447096885e-05
40                                     2.2220828675423732e-05        -1.2556822275850213e-05         7.4433840642559453e-05        -2.5462493524905806e-05         4.9417588521738672e-05         4.6670065486302537e-05        -5.0917829161143541e-06         9.2966139118430199e-06
41                                    -6.6153833305936842e-05         1.5704738731344499e-05         6.4041255327361480e-06         3.1573225932490399e-06         5.1453837593638026e-05        -1.4833815545918028e-05         2.1762147854908641e-05        -2.4130796007958903e-05
42                                    -2.0307102633073705e-05         9.9700984429501225e-06        -2.1384124598125719e-05        -4.5404149281317099e-06        -1.6700343382949163e-05        -3.3692145473577942e-05         2.3315798806311343e-05         4.0440440051033033e-07
43                                     7.1355536021587085e-06         1.8828188744311335e-06        -3.2378710671050505e-05         3.0662118105616309e-06        -4.7476836904353616e-05        -2.9079014507474104e-05        -2.1514495601108585e-07         1.7166171072327844e-05
44                                     4.4630801443251104e-06         1.8803814148170392e-05        -4.8279649203233980e-05        -5.8410405398444040e-06        -7.6702119727932103e-05        -1.0458542387452199e-04         3.2474284594568399e-05         5.1331657505450639e-05
45                                    -6.4465451343844555e-05         1.1813350921769343e-04        -1.0502568430303380e-04        -1.0723008978454508e-04         5.8979384683299340e-05        -2.4327476014002290e-05         1.1798903571582503e-06        -2.0713999495471959e-05
46                                    -2.6240332198154150e-05        -1.1167950570587057e-05        -2.2919648998997278e-04         1.4510872007546071e-04        -5.0565857188129002e-04        -7.2199912906395448e-05         7.6352503339548010e-05         1.2097215125888541e-05
47                                     3.7782414694756926e-05         5.9173144628546590e-05         5.1141804433344200e-05        -2.1082620332704520e-04         1.0522005374311721e-04        -1.0585895433475479e-04        -2.5915413409975142e-05         5.2851791525700478e-05
48                                    -1.0680582499883939e-05        -1.8756199716399215e-07        -1.1748466932394601e-05         3.4981239970039834e-05         7.7639400432876100e-06         4.6250367299153399e-05        -7.9452670970229719e-06        -1.6726720452944592e-05
49                                     1.0446450909056317e-05        -1.3963785437804770e-05         1.1670304206706799e-04        -2.2927604578200822e-05         1.5452223120022664e-04         3.7784809630924406e-05        -1.8943521332981218e-05         7.9854183590428167e-06
50                                    -5.0419083324715949e-05         2.2597669045157424e-06        -3.5391288978488688e-05         6.5188638039957009e-05        -3.6457853333391951e-06         4.3002515942706682e-05         1.4992798399351211e-05        -4.1450207405441730e-05
                                                        24                          25                          26                          27                          28                          29                          30                          31

0                                     -1.1056599799835760e-02         2.9934604236867429e-02        -7.9412684137098542e-03         1.4433098934356695e-03        -7.7701028674307272e-04         1.8629649888916616e-03        -3.5684552449639646e-04        -2.1934695254644822e-04
1                                     -7.6697488547138142e-03         9.2756851813363891e-03        -3.1173979839660935e-03         2.7099582245580494e-03         3.1775448104829898e-03        -5.3003233094142807e-04        -8.5560714108788352e-05        -1.8350268389066458e-04
2                                     -2.4653214424272566e-03         6.9373116311405190e-03         4.0938541815702459e-04         1.3766277660222479e-03        -1.4709243501929228e-03        -4.5464116102815278e-03         1.2450148035295642e-04        -3.8432272171096111e-04
3                                     -4.2474504534939356e-01        -9.4112742837794139e-02        -8.8406953160359958e-02        -2.5716385500608105e-03        -3.6604158016255398e-02         3.9377439284583055e-03        -9.7187934925539211e-05         1.9524766393945957e-04
4                                     -9.6089559042481731e-02        -9.4475482142107464e-02        -1.5125052001431010e-02         7.7804940625599700e-04        -5.5672442789806995e-03         2.5465787216840431e-03        -1.4928937516777254e-04         7.8261835306246512e-04
5                                     -8.8028142809960574e-02        -1.5088532323693105e-02        -5.2044182375103679e-02        -1.9175617408664991e-03        -8.2714749625433966e-03         5.4082034890560078e-03        -1.2995024860402565e-04        -7.3348948971164736e-04
6                                     -9.7859893980339549e-04        -3.5960467225211276e-02         4.2042002219625906e-03        -4.2648712268765376e-01        -7.5600002520338175e-02        -9.0854699544613338e-02        -6.2680393472419713e-04        -6.0761570369806395e-05
7                                     -3.0624960725043199e-04        -4.0390040406859977e-03         3.3460985760269679e-04        -7.6645654265095758e-02        -8.8261791290066394e-02        -1.5937622710050735e-02         2.9425399387297347e-05        -1.1440242296733313e-03
8                                     -1.3390557312022815e-03        -8.5259887063202661e-03         4.0345107547338950e-03        -9.1551481372661614e-02        -1.4619839745587624e-02        -7.0441732290895898e-02         4.1227220248528411e-04        -3.5252408875888382e-04
9                                      4.9712028523092155e-04         2.1643528503601710e-04         6.5116064005770781e-04        -1.3303910878767896e-02         3.1506662936223825e-02        -1.0197206828721203e-02         5.3732940648179171e-04        -5.6228323473066048e-04
10                                     2.7127470342647418e-03         3.5566113974888269e-03        -1.9929534373596899e-04        -6.0968984161942630e-03         8.1413026864026773e-03        -1.5886860680381833e-03         1.3071070452356788e-04         1.6281815000864321e-04
11                                     4.3199030077085521e-04        -1.0146200928769604e-03        -2.8910677149389824e-03        -3.5659064039270834e-03         8.0569195440353437e-03         1.7601559022971947e-03         2.9606900423806155e-04        -1.1165982316430761e-04
12                                    -4.7414590080975538e-04         2.4104759720664057e-04         1.9688116833022420e-04         2.1558591529152252e-03         9.6508802666390992e-04        -2.0580482772853586e-03         2.1924506426403872e-04        -7.3512541556583835e-06
13                                     1.3928753564718191e-03        -1.1264135923756864e-04         5.6570693982703740e-04         6.4789550538376663e-04        -4.2794614243691458e-03         1.7219885434551360e-03        -1.6266516236348809e-04        -3.6248548638819134e-04
14                                    -2.8997051660563421e-05        -1.2972799074582707e-04        -7.3938280032532957e-04        -2.2657739427059780e-03         2.3898304706241793e-03         7.9016785367073180e-03        -5.5970506721703724e-04         1.0458355575052817e-04
15                                     4.8488037086906460e-04         1.8233506363990624e-03        -5.7619339690665220e-04         4.9682542758698080e-04         2.7801406922694914e-04         6.7528979786633629e-05        -1.2811569780442279e-05         2.4461403803895847e-05
16                                     1.8561400078657003e-03        -5.5819871535584334e-03         1.5487570033408187e-03         2.0554044009205800e-04        -4.9457120972576992e-04         1.4422337934453860e-04         1.2062113032442075e-04         3.5276981125925613e-05
17                                    -4.5773045226569435e-04         1.4168749657618241e-03         1.0205472937597159e-03         8.5200404493149164e-05         1.5354678530731311e-04         3.3160706071772190e-05        -1.4732555395957506e-04         3.8092853455515177e-05
18                                     1.1785234482244037e-03        -9.1201501754660974e-04         7.6701581982865799e-05        -2.8195413919461293e-04         4.0602591438967424e-05         1.4780585317251732e-04         8.4107269308853524e-05         1.7583649311377016e-04
19                                    -1.0251628998857714e-03         1.6555863187880000e-03         2.8572540740077015e-04         3.4995143284484095e-04        -8.7242166075859732e-06        -5.2045289789960647e-04         1.1782757249333777e-04        -2.3434391465498378e-04
20                                     4.5837501297188096e-04         2.9309178002661068e-04         3.3015265538885973e-04        -3.6559403596838833e-04         6.3763628947896252e-05         2.7248508946688533e-04        -8.1695497556881990e-05         3.6495853133405089e-04
21                                     1.1766167161879775e-03        -5.2518812111843364e-04         4.4279869252959562e-04        -2.5121690012042943e-04        -3.1986160346491308e-05        -4.0548364457864165e-04        -1.6258004472120109e-05         4.4625657183746672e-05
22                                    -7.2249219086843904e-04         1.3756266625741635e-03        -1.1073887541298254e-03         8.8743691799168800e-05         1.8361468932611303e-04         6.5839137901973458e-04        -2.4900014421271572e-06        -4.9606515964334733e-05
23                                     2.0052698503203632e-04        -9.6459882203130056e-04         8.2557405062129788e-04         2.8119681547920591e-05        -1.8324490442288895e-05         5.6220005600781829e-05         3.9455642730678840e-05        -3.2768307855177191e-05
24                                     4.3440592129846023e-01         9.7132180687108688e-02         9.4467420447724854e-02         8.7676620228122710e-04         4.9911773757814340e-04        -2.0913650143951894e-03         9.2604249271481098e-05         7.1077728169484031e-05
25                                     9.7132180687108688e-02         9.4384979837707453e-02         1.3553045949041494e-02         5.3336269593139184e-04        -4.7967303222881102e-03         2.2029197037759557e-03        -1.6630120147647712e-04         3.6825355987655661e-05
26                                     9.4467420447724854e-02         1.3553045949041494e-02         4.1893877713402625e-02        -2.1090145838968647e-03         2.0853030142614854e-03         7.3031350160941023e-03         2.5119588184963667e-04         3.6597212915709170e-04
27                                     8.7676620228122710e-04         5.3336269593139184e-04        -2.1090145838968647e-03         4.3595771611744100e-01         7.8197887578311670e-02         9.7980488927867232e-02         1.2834631881128455e-04        -1.4386127879191090e-05
28                                     4.9911773757814340e-04        -4.7967303222881102e-03         2.0853030142614854e-03         7.8197887578311670e-02         8.9897439549660216e-02         1.2376754557589555e-02         1.8188133825315341e-05        -4.1381067115711591e-05
29                                    -2.0913650143951894e-03         2.2029197037759557e-03         7.3031350160941023e-03         9.7980488927867232e-02         1.2376754557589555e-02         5.7157565550542286e-02        -3.4279989701333245e-04        -3.1607108955081296e-05
30                                     9.2604249271481098e-05        -1.6630120147647712e-04         2.5119588184963667e-04         1.2834631881128455e-04         1.8188133825315341e-05        -3.4279989701333245e-04         9.2877862765883529e-02         2.9912062869786440e-02
31                                     7.1077728169484031e-05         3.6825355987655661e-05         3.6597212915709170e-04        -1.4386127879191090e-05        -4.1381067115711591e-05        -3.1607108955081296e-05         2.9912062869786440e-02         4.8933087917726333e-02
32                                     3.5633593944082130e-04         3.5507268399122532e-05         4.9754785928592983e-05        -2.3487993815477989e-04        -1.0996235299909427e-06         1.3764142483601617e-05         1.1097469233504859e-01         1.6383403795918050e-01
33                                    -5.6397731820768829e-04         6.9374575496576152e-05        -1.1848803815788574e-04         1.8079107717530844e-03         6.0746765433799740e-04         1.8547362635186924e-03        -1.3526802593833700e-04         1.1588134300000641e-04
34                                    -2.1230231401687255e-04         2.1962150603452887e-04        -1.3265035969687992e-04        -7.9631175938865012e-04         1.9319959175493431e-03        -1.1950487834698738e-03        -9.2507323341135741e-05         4.9436611197955019e-06
35                                    -8.8562057915346750e-05        -3.5475880709665395e-05        -1.5435570747401102e-04         1.9561756111129355e-03        -8.7570492454149668e-04        -4.3473333327386666e-03        -6.7771291169456925e-05        -1.5855512977220365e-04
36                                    -2.4637749049161986e-05        -2.3440405820575609e-07        -7.6004944926787383e-05        -5.3711328656207125e-04         1.2159820913632674e-03         9.9649781374746334e-04        -2.4105889840932881e-04         3.3059857266951330e-04
37                                    -9.7195188701131117e-05         2.3550968063223380e-04        -3.5401108694129444e-06        -2.4273576830581133e-05         5.0097431662176576e-04         2.3687131835004374e-04         1.8275679611631985e-04        -7.3807452394476650e-05
38                                     3.3195218534130648e-05         5.3153917032221871e-05         4.4229051216417188e-06         3.8472648174724296e-05        -2.4436183991278734e-04         1.6536643718766423e-04         7.9877664037122931e-05        -1.6097050684517810e-04
39                                    -7.0436670940073661e-04         1.5582214116078247e-03        -8.8879899552706172e-04         2.2701498943000396e-04        -3.2945844824785824e-04         4.8362669096067054e-04        -5.6426297012936914e-04        -5.4881482425523959e-05
40                                     2.5610904126547995e-03        -1.7923147786129113e-03         1.3862124315459200e-03        -1.6348512114782235e-05        -4.9543464167054732e-04         1.6369559755161512e-05         1.0962573038484453e-04         3.4725795573901236e-04
41                                    -1.0236171429393853e-03         1.1165695477072886e-03        -6.5221143173120133e-05         1.1161347025575815e-04        -9.8975864093521840e-05         8.5973111395714252e-05         3.9599277619479199e-04         2.4608540285588152e-05
42                                    -1.1661850204561144e-04         1.1409762251687254e-04         1.1649525723029857e-05         4.6055817992961051e-04         1.1514161089825085e-05        -1.5151332059796857e-03        -1.3121779593580906e-04        -5.7273686843937891e-05
43                                    -7.6860255195789189e-05         8.0702809282838267e-05        -2.6300495578073467e-04         9.1281346612885226e-05         1.4620424584029217e-04        -1.3687514310032923e-04        -1.8690203650487307e-04        -8.6504108584862507e-05
44                                    -2.1900763657400728e-04         7.3880486225995140e-05         3.6582042047835764e-05         2.6950773149663886e-04         4.7024489621349554e-04        -8.9199400699129633e-04        -1.5255927579551227e-04         3.9637416367207124e-05
45                                    -1.8669394797136800e-04         1.1663452260910010e-05        -1.2403664284224396e-04        -5.4963735761697115e-05        -1.1127345552431386e-05         1.8342521645356576e-04        -7.9026173739786765e-02        -3.7455763675015158e-02
46                                    -1.2236286109351181e-04        -1.2435981729421076e-04        -2.9461175021985473e-04        -6.0971305200717939e-06         3.4283442884335403e-05         3.0232055690251501e-05        -1.0072545702222860e-02        -4.8054169649118419e-02
47                                    -2.4222705578945056e-04        -4.0340360596282689e-05         1.6499626290392014e-04         1.9341386518376483e-04         1.9470833812258552e-05         5.1663090897850414e-05        -4.2507302018073831e-02        -1.6257854815225470e-01
48                                     1.3825164599169919e-04         3.7905398404284793e-05        -2.7096353497002828e-05        -6.6386875462764658e-05         9.8553695390094388e-06        -1.2964004028064415e-05        -1.2731606675422676e-02         7.5303595460839284e-03
49                                     1.0140945846353914e-04         1.0137086395259161e-04         1.5561831757532585e-04         6.6189411799735939e-07        -6.8021207943772639e-05         9.1105417888408545e-06        -1.9671060113997881e-02        -7.3003266984852933e-05
50                                     2.0288603190055446e-06         7.8919137939515273e-05        -1.7872915714437832e-04        -6.6526334215096048e-05        -1.8242647945517572e-05         1.8100163106201891e-05        -6.8533426982897772e-02        -2.1941448408488700e-04
                                                        32                          33                          34                          35                          36                          37                          38                          39

0                                     -1.4759254865338769e-04         8.8871225632579376e-04        -2.1543462168962515e-04         2.2062413467971402e-04         1.5144112923873206e-04         2.4632563972796432e-04         2.8357141473008777e-05         3.2276461449523656e-04
1                                     -2.7203425619288981e-04         9.5429305863942669e-04        -1.6481342401136745e-04         3.5176943494616105e-04         1.5863277848392806e-04         1.5705115612371515e-04        -3.3826914407832261e-06         7.6004096602169582e-06
2                                      1.0592228066364905e-04        -4.9765254447008394e-06         8.1537283118169549e-05         1.6349882956094282e-04         6.0199176903221168e-05         6.7901175024355129e-05         1.8594405011077442e-05         1.9422656070159898e-04
3                                     -1.7662755099763505e-04        -2.8460940274073433e-03         2.5687745965980377e-03        -2.9526638179415985e-03         2.5097209518765628e-04         2.1040910855172094e-04         1.8869517251754887e-04        -2.7535962951810315e-04
4                                      9.6666220130058392e-04         2.4637846980148552e-03         8.2326696783442850e-04         1.0362177777905918e-03        -6.6057907226942862e-04        -3.8984989376862682e-04        -3.2961505392856019e-04         2.8800895131756641e-04
5                                     -1.2950031973351511e-03        -2.7603250878657083e-03         1.2936112462094318e-03         4.7553529105346330e-03        -1.1777208952757373e-04        -4.4401508719999622e-05         4.6417405596500599e-05        -2.5728545561931826e-04
6                                     -5.1992799973774734e-04         1.2631652352337012e-02        -1.2019984316628238e-02         3.3623890344733993e-03        -4.1538042119084991e-03        -1.7147358436039508e-03         1.3496260292978311e-03         4.7404760840143497e-03
7                                     -4.3171552123152490e-04         2.4304354968988882e-02        -1.7988079436151976e-02         1.1776956981008009e-02        -3.4579615133232908e-03        -7.7518738751276449e-04        -1.1401916120924033e-04         1.8534264313895378e-04
8                                     -2.2277894832213119e-03        -1.4173709626371343e-03         7.2678066414914866e-05         5.0015668564244269e-03        -1.4624311831824507e-03         1.2700792397095026e-04        -2.1598782440148062e-04         1.5923100959765960e-03
9                                      1.2362442299160489e-03        -1.3345072201096159e-01        -1.4884939178767859e-01        -7.7527575733923951e-03        -1.2412846557825565e-02        -1.1664394714489545e-03        -1.3652909150368743e-03        -1.2600963560385056e-02
10                                    -1.1632266342995149e-03        -1.5019526276754674e-01        -4.0313303725371491e-01         8.8486608725712734e-03         2.6683768719142738e-02         4.8400955645082309e-03         2.9689943572825247e-03        -4.2011848739119104e-02
11                                    -1.1598856738785804e-03        -8.4190372784677097e-03         9.8668361459366052e-03        -3.1990845177497534e-02        -3.1378177209412557e-02        -5.0893769243656184e-03        -2.2429180425768032e-03        -7.3061872910169540e-03
12                                     1.7962760459086426e-04        -1.0113458477539243e-02         5.9375672668271762e-03        -5.0228090277848201e-03        -7.7529316236565810e-02         4.1281667110507583e-02        -5.8461821990869342e-02        -8.9662291690346091e-02
13                                     1.0553670920269032e-04        -3.1741173729743867e-02         6.6141594238008083e-03        -7.9529328874691357e-03         4.0445357261976844e-02        -1.9699950305204306e-01         1.7117198900400790e-01        -8.8458032243238366e-02
14                                    -4.1146622183665504e-04        -1.2421229417283906e-03         1.2748974423471308e-03         1.7607242219025085e-03        -5.9939622010810226e-02         1.7071178729097936e-01        -3.0613694023457771e-01        -2.1075186785206618e-02
15                                    -1.0285441625493014e-04         2.2735621295821243e-04         1.1082583229139395e-06         6.4718313228404693e-05         4.4247861710265614e-05         4.8440567651044947e-05        -9.3722838121214867e-06        -2.6973047963424262e-06
16                                    -4.6869182674704087e-05        -1.3584763197706500e-05         2.8515883161595295e-05        -1.0625559506303634e-05        -1.6688122393890487e-05        -5.6517007540633551e-05        -2.9632082660022195e-05        -1.0213790959355263e-04
17                                    -3.9249150234863927e-05         6.5251477736710925e-05        -5.5605445713475914e-06         2.0296262124142694e-05         1.0677441413909147e-05         2.3991717555581584e-05         4.3637532298525803e-06         1.1065304642960533e-05
18                                     5.9448639436160899e-05        -1.6489450457144846e-04        -5.1153138661038668e-05        -1.0843810731067352e-04        -3.6296446546939338e-05        -4.3260118215624575e-05         1.4234556707944785e-05        -1.5057279061678007e-05
19                                     9.8986790093621296e-05         5.4446626503242609e-05        -2.8143006201482475e-05         7.8461871338155958e-05         2.2075287683482703e-05         9.4693051935477481e-06         8.2090138260634653e-06         4.7360872510448311e-05
20                                     1.6234583146731638e-04        -2.8615551041999789e-04        -2.5980776744390695e-05        -4.7623655221726242e-05        -5.4639159015960111e-05        -3.8312646214686994e-05         4.2890395242804920e-05         2.0182190026806564e-05
21                                     1.9657304113540174e-04        -3.2323229198634950e-04        -1.6863644329763146e-05        -3.9698019751369714e-05        -4.7842414270597624e-05        -5.6202195124242815e-05         3.5739314930137650e-05         4.3851711021987948e-05
22                                    -6.2736079768685015e-05         1.5826061206601204e-04        -6.0093761859014456e-05        -5.1311073843772375e-08         9.4905469008432081e-06         1.4857950758443610e-05        -7.3851790906680204e-06        -2.1670213464277397e-06
23                                    -6.0796419743903811e-05         9.4164284284811066e-05         1.5891075517329451e-05         9.7394767492320385e-05         1.9074063649842342e-05         1.3641037353511777e-05        -2.4973147880653652e-05        -3.7522548447096885e-05
24                                     3.5633593944082130e-04        -5.6397731820768829e-04        -2.1230231401687255e-04        -8.8562057915346750e-05        -2.4637749049161986e-05        -9.7195188701131117e-05         3.3195218534130648e-05        -7.0436670940073661e-04
25                                     3.5507268399122532e-05         6.9374575496576152e-05         2.1962150603452887e-04        -3.5475880709665395e-05        -2.3440405820575609e-07         2.3550968063223380e-04         5.3153917032221871e-05         1.5582214116078247e-03
26                                     4.9754785928592983e-05        -1.1848803815788574e-04        -1.3265035969687992e-04        -1.5435570747401102e-04        -7.6004944926787383e-05        -3.5401108694129444e-06         4.4229051216417188e-06        -8.8879899552706172e-04
27                                    -2.3487993815477989e-04         1.8079107717530844e-03        -7.9631175938865012e-04         1.9561756111129355e-03        -5.3711328656207125e-04        -2.4273576830581133e-05         3.8472648174724296e-05         2.2701498943000396e-04
28                                    -1.0996235299909427e-06         6.0746765433799740e-04         1.9319959175493431e-03        -8.7570492454149668e-04         1.2159820913632674e-03         5.0097431662176576e-04        -2.4436183991278734e-04        -3.2945844824785824e-04
29                                     1.3764142483601617e-05         1.8547362635186924e-03        -1.1950487834698738e-03        -4.3473333327386666e-03         9.9649781374746334e-04         2.3687131835004374e-04         1.6536643718766423e-04         4.8362669096067054e-04
30                                     1.1097469233504859e-01        -1.3526802593833700e-04        -9.2507323341135741e-05        -6.7771291169456925e-05        -2.4105889840932881e-04         1.8275679611631985e-04         7.9877664037122931e-05        -5.6426297012936914e-04
31                                     1.6383403795918050e-01         1.1588134300000641e-04         4.9436611197955019e-06        -1.5855512977220365e-04         3.3059857266951330e-04        -7.3807452394476650e-05        -1.6097050684517810e-04        -5.4881482425523959e-05
32                                     5.7380981871840520e-01        -3.2587769867868438e-04        -1.5879816900924663e-04         8.5351812644350307e-05        -1.9699318839320838e-04         2.6179404648028932e-05         2.5926324210379624e-04         2.1693385269622536e-04
33                                    -3.2587769867868438e-04         1.3303864850438737e-01         1.5103460724642601e-01         1.2126903571816200e-02         2.6485701305715070e-03        -1.4205202039972286e-04         1.1017041965137369e-03        -5.0579850575666798e-03
34                                    -1.5879816900924663e-04         1.5103460724642601e-01         4.1066559529003432e-01        -1.2124923134297048e-02         4.8180307053527016e-04         8.7980218083972064e-04        -2.3326546638513523e-04         2.1365954770641857e-03
35                                     8.5351812644350307e-05         1.2126903571816200e-02        -1.2124923134297048e-02         2.3138371991109886e-02         9.8397271003071245e-04        -8.6717620218036240e-04         1.0313572906226040e-03        -2.3577156232501531e-03
36                                    -1.9699318839320838e-04         2.6485701305715070e-03         4.8180307053527016e-04         9.8397271003071245e-04         8.2352434046510478e-02        -4.3665612547120827e-02         6.1750993212507307e-02         2.1650764365001660e-03
37                                     2.6179404648028932e-05        -1.4205202039972286e-04         8.7980218083972064e-04        -8.6717620218036240e-04        -4.3665612547120827e-02         1.9711606243644833e-01        -1.8435529152188412e-01         8.2591260973644085e-03
38                                     2.5926324210379624e-04         1.1017041965137369e-03        -2.3326546638513523e-04         1.0313572906226040e-03         6.1750993212507307e-02        -1.8435529152188412e-01         3.1563534640386698e-01         3.2493681113235215e-03
39                                     2.1693385269622536e-04        -5.0579850575666798e-03         2.1365954770641857e-03        -2.3577156232501531e-03         2.1650764365001660e-03         8.2591260973644085e-03         3.2493681113235215e-03         9.2501372470600127e-02
40                                     1.0703441505308803e-05         2.3161408523620849e-03         4.5588594770645981e-05         1.4461227151589973e-04        -4.9568958526520837e-03        -1.5549042081853438e-02        -9.0908188231160619e-03         9.3539465816782241e-02
41                                     1.9605871053107477e-04        -6.9183470476921922e-04         6.0189024843895387e-04         6.2123842152755860e-04         9.8072339673944617e-03         3.3212351672049306e-02         1.2292522366446746e-02         2.2694375953476894e-02
42                                    -1.6387384950848930e-04         1.3761380980067302e-03         4.6550268804493658e-05        -3.5138236245299363e-04         7.1328748023590559e-03        -3.1990972252206526e-03        -7.9265985838854053e-03         8.5552205944583043e-03
43                                    -5.4700591403534626e-05         9.5270269351306613e-05         1.9699498433860133e-04        -3.3982647091529650e-04        -1.6400375648951086e-02         1.0181601809856240e-02         2.0337761364432494e-02         2.4886463746615045e-02
44                                    -2.4931313482023237e-04        -1.5945675213426512e-04         5.6084191610004681e-04        -1.5020805739977854e-04         1.9497693671967485e-02        -1.3937392627559279e-02        -2.0773563766096886e-02         3.3980183324252896e-03
45                                    -1.3548264181092232e-01         1.0806563122470561e-04         6.2796343960169754e-05         5.8388881374384620e-05         1.0585370859437886e-04        -1.4515632914351932e-04        -1.5646735538412965e-04         1.1606970315518111e-04
46                                    -1.5976698638534406e-01        -1.5264285896874306e-04        -6.6824733708374922e-05         2.0307000107438507e-04        -4.4887495910382434e-04         8.7869018824208219e-05         3.7711386843643571e-04        -2.3048527112427939e-05
47                                    -5.6142382446521144e-01         1.5072165263172333e-04         1.7372020453608472e-04         2.7543427004432129e-06        -5.4852315395446938e-05         1.3738302524520397e-04        -2.2347895438657849e-04        -3.4543133540258656e-04
48                                     2.4079892204387388e-02        -7.1422243385768375e-05        -2.3993780676306517e-05        -4.7616450512827103e-05         1.3144559046574271e-04         3.5745209722994400e-05         5.4102503306006564e-05         2.1113759752867944e-04
49                                    -3.1274785032932044e-03         7.8974392542322154e-05         3.0507206163291013e-05        -6.9318265708462207e-05         2.4906777728390570e-04        -1.7938654469347502e-04        -3.4622465679004294e-04         8.7113718236033112e-05
50                                    -7.8149517779454811e-03         4.8406128567711297e-05        -7.0835838515404242e-05         1.2458223687901503e-05         1.4933540271465750e-04        -2.2387756513791534e-04         1.1731736549041877e-04         4.0849701345819502e-04
                                                        40                          41                          42                          43                          44                          45                          46                          47

0                                     -1.7703285992648043e-04         2.4842505189874857e-04         1.5031044592937596e-04         5.5470080180006253e-05         1.6442154617808636e-04         2.6686817771771746e-04         2.5980212261353451e-04         9.4515374794443621e-06
1                                     -1.7605682267385087e-04         3.2081686210439593e-05         5.6992421581755250e-05         2.6384482983031129e-05         1.0284710025903858e-04         1.3155858606609273e-04         2.4352630575598248e-04         1.1605009749208854e-04
2                                     -1.0933497039780269e-04         1.9861352294652982e-05        -1.0250982908063810e-05         8.4143313175817592e-06        -1.3801605149853539e-05        -1.2792083306171966e-04         4.3721291001775730e-04        -2.3105189540611982e-04
3                                      1.3861724425336674e-03        -1.0712231537617902e-04         1.8759944304188540e-04         7.4833532722981023e-07        -7.8384743306975785e-06         1.5510774404578487e-04        -2.2357068464226451e-05         7.2069874352972962e-05
4                                     -4.4716162457816584e-04         1.4899416354630506e-04         2.1153367380891930e-04         3.4989324168766092e-04        -2.4099689998523114e-04         8.0493910004649329e-06        -5.4226588211795193e-04        -4.6574236085414507e-04
5                                      8.5047279312832139e-04        -3.6530287015186530e-04         5.6475422647476233e-04         3.7069629276874149e-04         1.9005302203739874e-04        -7.9268558920272437e-05         8.7270309064913323e-04        -3.6657361315355682e-04
6                                      1.3807416514120350e-03         1.5695748014692085e-03        -2.7353004373972291e-04        -7.8742146872131779e-05        -2.0068124826238152e-03         5.1405235712744055e-04         2.7603246195872675e-05         1.5268758082513136e-04
7                                      3.3782954004334684e-04        -6.1236507483565690e-05        -2.6763965243092442e-03        -9.8961135971240661e-04        -1.1785527021303741e-03        -6.9890547252437888e-05         6.2820259930907894e-04        -2.6365045256006249e-04
8                                      5.4678916399471603e-04         4.5907530875652266e-04         9.5094886646940010e-04         3.5757071991250903e-04        -6.0492629663004647e-04        -9.5614274176776103e-04        -1.8456391724914979e-04        -8.9513698933604802e-04
9                                      5.9547098043075813e-04        -1.3644013732763225e-03        -2.7868015957621714e-02        -1.8701929256812804e-03        -9.7113409409193795e-03        -3.1610921107602750e-04         7.0579494048672370e-04        -4.6245167992353502e-04
10                                     4.7020650147201366e-03        -8.7441115696457600e-03         1.2965819475290428e-02         3.1642873244171047e-03         5.9554925796915679e-03        -3.5145939705776182e-05        -2.3226115123784960e-04         3.0793287198014685e-04
11                                     1.0272983765345712e-03        -1.1553988118554841e-03         2.2323499005758852e-02         3.2056764528577901e-03         1.3007918149930324e-02        -2.3456961205586835e-04        -6.0731949226394547e-04        -2.1883955773875142e-04
12                                    -9.3088888128170039e-02        -2.1143893149658765e-02        -1.8756852716887265e-01         6.4836887455616762e-02         1.6057767033597195e-01        -1.9962762967136102e-04         2.8815485736391044e-04         1.8060455041705135e-04
13                                    -4.1130077020134725e-01        -7.7572232989439494e-02         6.7676740687895698e-02        -1.0563944956234139e-01        -8.7067681062848123e-02         1.4864016309552646e-04         3.5316867646690832e-04        -2.7840855578894607e-04
14                                    -7.8744584357578570e-02        -8.9922921608060008e-02         1.6810370309239919e-01        -8.6242116555444698e-02        -2.7514069946518471e-01         5.2471120004352490e-04        -5.0982582074738996e-04        -1.0549899714732379e-04
15                                    -1.6734793300428839e-05         6.4668512147124336e-06         1.9915920097025603e-05         2.4380949592390459e-05         4.5412681645500778e-05         7.9657170088333513e-06        -3.9240641763026900e-05         9.5161058468239655e-05
16                                     2.2220828675423732e-05        -6.6153833305936842e-05        -2.0307102633073705e-05         7.1355536021587085e-06         4.4630801443251104e-06        -6.4465451343844555e-05        -2.6240332198154150e-05         3.7782414694756926e-05
17                                    -1.2556822275850213e-05         1.5704738731344499e-05         9.9700984429501225e-06         1.8828188744311335e-06         1.8803814148170392e-05         1.1813350921769343e-04        -1.1167950570587057e-05         5.9173144628546590e-05
18                                     7.4433840642559453e-05         6.4041255327361480e-06        -2.1384124598125719e-05        -3.2378710671050505e-05        -4.8279649203233980e-05        -1.0502568430303380e-04        -2.2919648998997278e-04         5.1141804433344200e-05
19                                    -2.5462493524905806e-05         3.1573225932490399e-06        -4.5404149281317099e-06         3.0662118105616309e-06        -5.8410405398444040e-06        -1.0723008978454508e-04         1.4510872007546071e-04        -2.1082620332704520e-04
20                                     4.9417588521738672e-05         5.1453837593638026e-05        -1.6700343382949163e-05        -4.7476836904353616e-05        -7.6702119727932103e-05         5.8979384683299340e-05        -5.0565857188129002e-04         1.0522005374311721e-04
21                                     4.6670065486302537e-05        -1.4833815545918028e-05        -3.3692145473577942e-05        -2.9079014507474104e-05        -1.0458542387452199e-04        -2.4327476014002290e-05        -7.2199912906395448e-05        -1.0585895433475479e-04
22                                    -5.0917829161143541e-06         2.1762147854908641e-05         2.3315798806311343e-05        -2.1514495601108585e-07         3.2474284594568399e-05         1.1798903571582503e-06         7.6352503339548010e-05        -2.5915413409975142e-05
23                                     9.2966139118430199e-06        -2.4130796007958903e-05         4.0440440051033033e-07         1.7166171072327844e-05         5.1331657505450639e-05        -2.0713999495471959e-05         1.2097215125888541e-05         5.2851791525700478e-05
24                                     2.5610904126547995e-03        -1.0236171429393853e-03        -1.1661850204561144e-04        -7.6860255195789189e-05        -2.1900763657400728e-04        -1.8669394797136800e-04        -1.2236286109351181e-04        -2.4222705578945056e-04
25                                    -1.7923147786129113e-03         1.1165695477072886e-03         1.1409762251687254e-04         8.0702809282838267e-05         7.3880486225995140e-05         1.1663452260910010e-05        -1.2435981729421076e-04        -4.0340360596282689e-05
26                                     1.3862124315459200e-03        -6.5221143173120133e-05         1.1649525723029857e-05        -2.6300495578073467e-04         3.6582042047835764e-05        -1.2403664284224396e-04        -2.9461175021985473e-04         1.6499626290392014e-04
27                                    -1.6348512114782235e-05         1.1161347025575815e-04         4.6055817992961051e-04         9.1281346612885226e-05         2.6950773149663886e-04        -5.4963735761697115e-05        -6.0971305200717939e-06         1.9341386518376483e-04
28                                    -4.9543464167054732e-04        -9.8975864093521840e-05         1.1514161089825085e-05         1.4620424584029217e-04         4.7024489621349554e-04        -1.1127345552431386e-05         3.4283442884335403e-05         1.9470833812258552e-05
29                                     1.6369559755161512e-05         8.5973111395714252e-05        -1.5151332059796857e-03        -1.3687514310032923e-04        -8.9199400699129633e-04         1.8342521645356576e-04         3.0232055690251501e-05         5.1663090897850414e-05
30                                     1.0962573038484453e-04         3.9599277619479199e-04        -1.3121779593580906e-04        -1.8690203650487307e-04        -1.5255927579551227e-04        -7.9026173739786765e-02        -1.0072545702222860e-02        -4.2507302018073831e-02
31                                     3.4725795573901236e-04         2.4608540285588152e-05        -5.7273686843937891e-05        -8.6504108584862507e-05         3.9637416367207124e-05        -3.7455763675015158e-02        -4.8054169649118419e-02        -1.6257854815225470e-01
32                                     1.0703441505308803e-05         1.9605871053107477e-04        -1.6387384950848930e-04        -5.4700591403534626e-05        -2.4931313482023237e-04        -1.3548264181092232e-01        -1.5976698638534406e-01        -5.6142382446521144e-01
33                                     2.3161408523620849e-03        -6.9183470476921922e-04         1.3761380980067302e-03         9.5270269351306613e-05        -1.5945675213426512e-04         1.0806563122470561e-04        -1.5264285896874306e-04         1.5072165263172333e-04
34                                     4.5588594770645981e-05         6.0189024843895387e-04         4.6550268804493658e-05         1.9699498433860133e-04         5.6084191610004681e-04         6.2796343960169754e-05        -6.6824733708374922e-05         1.7372020453608472e-04
35                                     1.4461227151589973e-04         6.2123842152755860e-04        -3.5138236245299363e-04        -3.3982647091529650e-04        -1.5020805739977854e-04         5.8388881374384620e-05         2.0307000107438507e-04         2.7543427004432129e-06
36                                    -4.9568958526520837e-03         9.8072339673944617e-03         7.1328748023590559e-03        -1.6400375648951086e-02         1.9497693671967485e-02         1.0585370859437886e-04        -4.4887495910382434e-04        -5.4852315395446938e-05
37                                    -1.5549042081853438e-02         3.3212351672049306e-02        -3.1990972252206526e-03         1.0181601809856240e-02        -1.3937392627559279e-02        -1.4515632914351932e-04         8.7869018824208219e-05         1.3738302524520397e-04
38                                    -9.0908188231160619e-03         1.2292522366446746e-02        -7.9265985838854053e-03         2.0337761364432494e-02        -2.0773563766096886e-02        -1.5646735538412965e-04         3.7711386843643571e-04        -2.2347895438657849e-04
39                                     9.3539465816782241e-02         2.2694375953476894e-02         8.5552205944583043e-03         2.4886463746615045e-02         3.3980183324252896e-03         1.1606970315518111e-04        -2.3048527112427939e-05        -3.4543133540258656e-04
40                                     4.3181027438232311e-01         8.2646038022333557e-02        -3.7643475386852018e-03        -7.3717131583981308e-03         1.3530412501684894e-03        -6.1061252966307031e-05        -4.7226457072491960e-04         3.4498254561674685e-05
41                                     8.2646038022333557e-02         8.1743999269043452e-02        -1.0420976332340360e-02        -3.1141412745866258e-02        -3.5486206279442324e-03        -2.6799656276598393e-04        -1.5629807739857607e-05         1.1906477044725666e-05
42                                    -3.7643475386852018e-03        -1.0420976332340360e-02         1.9805045312833339e-01        -7.1411108045107419e-02        -1.7166264182054497e-01         1.2793722948705767e-04        -4.2626193149759893e-05        -1.4730654590657845e-06
43                                    -7.3717131583981308e-03        -3.1141412745866258e-02        -7.1411108045107419e-02         9.9891075678378308e-02         9.3828101850980908e-02         1.0297969618998522e-04         6.8810709781971248e-05        -4.1611616432061854e-05
44                                     1.3530412501684894e-03        -3.5486206279442324e-03        -1.7166264182054497e-01         9.3828101850980908e-02         2.8801751451272917e-01         1.2842326845706508e-04        -1.2565051367075539e-04         9.8687856265292258e-05
45                                    -6.1061252966307031e-05        -2.6799656276598393e-04         1.2793722948705767e-04         1.0297969618998522e-04         1.2842326845706508e-04         7.0012586874350968e-01         2.1468645047950107e-02         1.4970257359726552e-01
46                                    -4.7226457072491960e-04        -1.5629807739857607e-05        -4.2626193149759893e-05         6.8810709781971248e-05        -1.2565051367075539e-04         2.1468645047950107e-02         5.3137053821452521e-02         1.7814246710811901e-01
47                                     3.4498254561674685e-05         1.1906477044725666e-05        -1.4730654590657845e-06        -4.1611616432061854e-05         9.8687856265292258e-05         1.4970257359726552e-01         1.7814246710811901e-01         6.2641360664394730e-01
48                                     5.7772371912347478e-05         1.9411232801585599e-04        -4.8022103355226282e-05        -1.1988854052209265e-06        -7.8656663095315500e-06        -6.2161486758728657e-01        -1.1497934327730695e-02        -1.0684102005837864e-01
49                                     3.7007584002857435e-04        -9.5413391055110009e-05         6.2488410493840608e-05        -2.8663717985953277e-05         1.2943558459344880e-04         1.5993454518298977e-02        -5.2559896614901395e-03        -1.5099749881208577e-02
50                                    -1.2974143649899846e-04        -4.1619773617277973e-04         1.0334188096118520e-04         1.4540931502494208e-04         2.8938025281494508e-05        -1.3372085978579168e-02        -1.8017993853435423e-02        -6.3496455191277140e-02
                                                        48                          49                          50

0                                     -5.4979313302006005e-06        -1.4938325490427927e-04         1.2121885161207272e-04
1                                     -6.0552336339073087e-05        -1.3332932750068804e-04        -3.3911505388704052e-05
2                                      3.6513213943002970e-05        -1.3274169315447516e-04         9.0112128203379303e-05
3                                     -1.0018539001859644e-04        -2.5886475185497995e-05        -4.1837147452342301e-05
4                                      1.0582668906095687e-04         1.5413320311470310e-05         9.4231538075270334e-05
5                                      2.0951402296286257e-04        -2.0714922642364638e-04         1.4515196395708098e-04
6                                     -1.2490251013611356e-06         3.3739818066995001e-05         2.1704984881112287e-04
7                                     -4.7588244430177588e-06         3.4935974218714859e-05         1.7660530673509683e-05
8                                      5.2806686267136728e-04        -6.2304649037640640e-05        -1.3340115759393525e-04
9                                     -2.5812323570468219e-05        -3.2478398412265960e-04        -1.7316587503130065e-04
10                                     6.9181581239702392e-05        -7.6448041000167573e-05        -2.4857854929254434e-05
11                                     2.3536462462695645e-04         6.9046896350868315e-05        -7.4951233453502604e-05
12                                    -2.0424785669173953e-04        -2.5233951875665978e-04        -3.9020061462046070e-04
13                                     4.5327389368824030e-05        -1.3982013680059827e-04         3.2521683554616689e-04
14                                     5.5769122588185914e-05         4.9874024426348369e-04         4.5601876680502061e-04
15                                    -2.3929627486391630e-05         3.3232116195887299e-06        -2.7004596872197894e-05
16                                    -1.0680582499883939e-05         1.0446450909056317e-05        -5.0419083324715949e-05
17                                    -1.8756199716399215e-07        -1.3963785437804770e-05         2.2597669045157424e-06
18                                    -1.1748466932394601e-05         1.1670304206706799e-04        -3.5391288978488688e-05
19                                     3.4981239970039834e-05        -2.2927604578200822e-05         6.5188638039957009e-05
20                                     7.7639400432876100e-06         1.5452223120022664e-04        -3.6457853333391951e-06
21                                     4.6250367299153399e-05         3.7784809630924406e-05         4.3002515942706682e-05
22                                    -7.9452670970229719e-06        -1.8943521332981218e-05         1.4992798399351211e-05
23                                    -1.6726720452944592e-05         7.9854183590428167e-06        -4.1450207405441730e-05
24                                     1.3825164599169919e-04         1.0140945846353914e-04         2.0288603190055446e-06
25                                     3.7905398404284793e-05         1.0137086395259161e-04         7.8919137939515273e-05
26                                    -2.7096353497002828e-05         1.5561831757532585e-04        -1.7872915714437832e-04
27                                    -6.6386875462764658e-05         6.6189411799735939e-07        -6.6526334215096048e-05
28                                     9.8553695390094388e-06        -6.8021207943772639e-05        -1.8242647945517572e-05
29                                    -1.2964004028064415e-05         9.1105417888408545e-06         1.8100163106201891e-05
30                                    -1.2731606675422676e-02        -1.9671060113997881e-02        -6.8533426982897772e-02
31                                     7.5303595460839284e-03        -7.3003266984852933e-05        -2.1941448408488700e-04
32                                     2.4079892204387388e-02        -3.1274785032932044e-03        -7.8149517779454811e-03
33                                    -7.1422243385768375e-05         7.8974392542322154e-05         4.8406128567711297e-05
34                                    -2.3993780676306517e-05         3.0507206163291013e-05        -7.0835838515404242e-05
35                                    -4.7616450512827103e-05        -6.9318265708462207e-05         1.2458223687901503e-05
36                                     1.3144559046574271e-04         2.4906777728390570e-04         1.4933540271465750e-04
37                                     3.5745209722994400e-05        -1.7938654469347502e-04        -2.2387756513791534e-04
38                                     5.4102503306006564e-05        -3.4622465679004294e-04         1.1731736549041877e-04
39                                     2.1113759752867944e-04         8.7113718236033112e-05         4.0849701345819502e-04
40                                     5.7772371912347478e-05         3.7007584002857435e-04        -1.2974143649899846e-04
41                                     1.9411232801585599e-04        -9.5413391055110009e-05        -4.1619773617277973e-04
42                                    -4.8022103355226282e-05         6.2488410493840608e-05         1.0334188096118520e-04
43                                    -1.1988854052209265e-06        -2.8663717985953277e-05         1.4540931502494208e-04
44                                    -7.8656663095315500e-06         1.2943558459344880e-04         2.8938025281494508e-05
45                                    -6.2161486758728657e-01         1.5993454518298977e-02        -1.3372085978579168e-02
46                                    -1.1497934327730695e-02        -5.2559896614901395e-03        -1.8017993853435423e-02
47                                    -1.0684102005837864e-01        -1.5099749881208577e-02        -6.3496455191277140e-02
48                                     6.3437789090475882e-01         3.6694207525174603e-03         8.1549568154445723e-02
49                                     3.6694207525174603e-03         5.4337833747271306e-03         1.8088780146769914e-02
50                                     8.1549568154445723e-02         1.8088780146769914e-02         7.1289425842889984e-02
   &MODES [&Type "ArrayOfDoubles", &Dim (51,51)] "The modes of vibrations"
                                                         0                           1                           2                           3                           4                           5                           6                           7

0                                      0.0000000000000000e+00         0.0000000000000000e+00         0.0000000000000000e+00         0.0000000000000000e+00         0.0000000000000000e+00         0.0000000000000000e+00         2.8801169506603923e-02         7.7905970630872288e-03
1                                      0.0000000000000000e+00         0.0000000000000000e+00         0.0000000000000000e+00         0.0000000000000000e+00         0.0000000000000000e+00         0.0000000000000000e+00        -8.2369256568591911e-03         1.0276904359281663e-02
2                                      0.0000000000000000e+00         0.0000000000000000e+00         0.0000000000000000e+00         0.0000000000000000e+00         0.0000000000000000e+00         0.0000000000000000e+00        -1.6600536192810983e-03        -1.2754375877683855e-01
3                                      0.0000000000000000e+00         0.0000000000000000e+00         0.0000000000000000e+00         0.0000000000000000e+00         0.0000000000000000e+00         0.0000000000000000e+00         1.5272065134069070e-02        -3.2640469763854712e-03
4                                      0.0000000000000000e+00         0.0000000000000000e+00         0.0000000000000000e+00         0.0000000000000000e+00         0.0000000000000000e+00         0.0000000000000000e+00        -2.5290059552340396e-02         2.2957857336076824e-02
5                                      0.0000000000000000e+00         0.0000000000000000e+00         0.0000000000000000e+00         0.0000000000000000e+00         0.0000000000000000e+00         0.0000000000000000e+00        -1.7960608724073648e-02        -6.7055670134013284e-02
6                                      0.0000000000000000e+00         0.0000000000000000e+00         0.0000000000000000e+00         0.0000000000000000e+00         0.0000000000000000e+00         0.0000000000000000e+00        -1.3548813402884724e-02        -2.2234382347929269e-02
7                                      0.0000000000000000e+00         0.0000000000000000e+00         0.0000000000000000e+00         0.0000000000000000e+00         0.0000000000000000e+00         0.0000000000000000e+00        -1.1809015747527674e-02         3.5489739476627723e-02
8                                      0.0000000000000000e+00         0.0000000000000000e+00         0.0000000000000000e+00         0.0000000000000000e+00         0.0000000000000000e+00         0.0000000000000000e+00         3.1112479630563909e-02         2.7105949689493251e-02
9                                      0.0000000000000000e+00         0.0000000000000000e+00         0.0000000000000000e+00         0.0000000000000000e+00         0.0000000000000000e+00         0.0000000000000000e+00        -7.2385557053379892e-03        -2.7214608823077018e-02
10                                     0.0000000000000000e+00         0.0000000000000000e+00         0.0000000000000000e+00         0.0000000000000000e+00         0.0000000000000000e+00         0.0000000000000000e+00        -9.5423144163096999e-03         4.8048233920620562e-02
11                                     0.0000000000000000e+00         0.0000000000000000e+00         0.0000000000000000e+00         0.0000000000000000e+00         0.0000000000000000e+00         0.0000000000000000e+00         2.8071566199777465e-02         7.2458263299739395e-02
12                                     0.0000000000000000e+00         0.0000000000000000e+00         0.0000000000000000e+00         0.0000000000000000e+00         0.0000000000000000e+00         0.0000000000000000e+00         1.3838980608411957e-02        -1.4069540284781136e-02
13                                     0.0000000000000000e+00         0.0000000000000000e+00         0.0000000000000000e+00         0.0000000000000000e+00         0.0000000000000000e+00         0.0000000000000000e+00         2.0247999446727432e-02         5.4276851883825160e-02
14                                     0.0000000000000000e+00         0.0000000000000000e+00         0.0000000000000000e+00         0.0000000000000000e+00         0.0000000000000000e+00         0.0000000000000000e+00        -5.4560735271762542e-02         2.1379981113025005e-02
15                                     0.0000000000000000e+00         0.0000000000000000e+00         0.0000000000000000e+00         0.0000000000000000e+00         0.0000000000000000e+00         0.0000000000000000e+00         9.9077134236229217e-03        -8.1764052636075658e-03
16                                     0.0000000000000000e+00         0.0000000000000000e+00         0.0000000000000000e+00         0.0000000000000000e+00         0.0000000000000000e+00         0.0000000000000000e+00         1.3545861624496001e-02         1.3784929979137477e-02
17                                     0.0000000000000000e+00         0.0000000000000000e+00         0.0000000000000000e+00         0.0000000000000000e+00         0.0000000000000000e+00         0.0000000000000000e+00         4.3931736520050620e-02        -6.2942517387002309e-02
18                                     0.0000000000000000e+00         0.0000000000000000e+00         0.0000000000000000e+00         0.0000000000000000e+00         0.0000000000000000e+00         0.0000000000000000e+00         7.9269854360733027e-02         5.0540867576969357e-02
19                                     0.0000000000000000e+00         0.0000000000000000e+00         0.0000000000000000e+00         0.0000000000000000e+00         0.0000000000000000e+00         0.0000000000000000e+00         8.1007689856269285e-03         7.8391893428310364e-02
20                                     0.0000000000000000e+00         0.0000000000000000e+00         0.0000000000000000e+00         0.0000000000000000e+00         0.0000000000000000e+00         0.0000000000000000e+00        -1.0798757850569034e-02        -1.8580372325658426e-01
21                                     0.0000000000000000e+00         0.0000000000000000e+00         0.0000000000000000e+00         0.0000000000000000e+00         0.0000000000000000e+00         0.0000000000000000e+00         7.9687630430416347e-03        -1.0174188495978682e-02
22                                     0.0000000000000000e+00         0.0000000000000000e+00         0.0000000000000000e+00         0.0000000000000000e+00         0.0000000000000000e+00         0.0000000000000000e+00        -3.3648239331480152e-02        -7.0931906861983196e-02
23                                     0.0000000000000000e+00         0.0000000000000000e+00         0.0000000000000000e+00         0.0000000000000000e+00         0.0000000000000000e+00         0.0000000000000000e+00        -2.5293551124225704e-02        -1.8277262530663002e-01
24                                     0.0000000000000000e+00         0.0000000000000000e+00         0.0000000000000000e+00         0.0000000000000000e+00         0.0000000000000000e+00         0.0000000000000000e+00         3.3125602442609703e-02         6.3715857143738907e-03
25                                     0.0000000000000000e+00         0.0000000000000000e+00         0.0000000000000000e+00         0.0000000000000000e+00         0.0000000000000000e+00         0.0000000000000000e+00        -5.1391755274989528e-02         2.0514564477872116e-02
26                                     0.0000000000000000e+00         0.0000000000000000e+00         0.0000000000000000e+00         0.0000000000000000e+00         0.0000000000000000e+00         0.0000000000000000e+00        -6.5276412298959488e-02        -1.0737647524013834e-01
27                                     0.0000000000000000e+00         0.0000000000000000e+00         0.0000000000000000e+00         0.0000000000000000e+00         0.0000000000000000e+00         0.0000000000000000e+00        -2.6931653020081589e-02        -3.1672748910682738e-02
28                                     0.0000000000000000e+00         0.0000000000000000e+00         0.0000000000000000e+00         0.0000000000000000e+00         0.0000000000000000e+00         0.0000000000000000e+00        -4.8945097668858840e-04         3.5445961529785928e-02
29                                     0.0000000000000000e+00         0.0000000000000000e+00         0.0000000000000000e+00         0.0000000000000000e+00         0.0000000000000000e+00         0.0000000000000000e+00         7.7723220095077664e-02         6.6553579792497916e-02
30                                     0.0000000000000000e+00         0.0000000000000000e+00         0.0000000000000000e+00         0.0000000000000000e+00         0.0000000000000000e+00         0.0000000000000000e+00        -8.9143969304487924e-03         2.9790819467915373e-02
31                                     0.0000000000000000e+00         0.0000000000000000e+00         0.0000000000000000e+00         0.0000000000000000e+00         0.0000000000000000e+00         0.0000000000000000e+00         2.2314596400893290e-02        -8.8054251354584750e-02
32                                     0.0000000000000000e+00         0.0000000000000000e+00         0.0000000000000000e+00         0.0000000000000000e+00         0.0000000000000000e+00         0.0000000000000000e+00         1.3049909734381948e-02         5.6962455172022287e-02
33                                     0.0000000000000000e+00         0.0000000000000000e+00         0.0000000000000000e+00         0.0000000000000000e+00         0.0000000000000000e+00         0.0000000000000000e+00        -3.4345091080528129e-03        -4.0009675012651839e-02
34                                     0.0000000000000000e+00         0.0000000000000000e+00         0.0000000000000000e+00         0.0000000000000000e+00         0.0000000000000000e+00         0.0000000000000000e+00        -1.0352072460844061e-02         5.4715058474995311e-02
35                                     0.0000000000000000e+00         0.0000000000000000e+00         0.0000000000000000e+00         0.0000000000000000e+00         0.0000000000000000e+00         0.0000000000000000e+00         5.3548916303412505e-02         1.4483971070514798e-01
36                                     0.0000000000000000e+00         0.0000000000000000e+00         0.0000000000000000e+00         0.0000000000000000e+00         0.0000000000000000e+00         0.0000000000000000e+00         1.8037333155915436e-01         1.7129097919434087e-02
37                                     0.0000000000000000e+00         0.0000000000000000e+00         0.0000000000000000e+00         0.0000000000000000e+00         0.0000000000000000e+00         0.0000000000000000e+00        -3.3975880175092588e-01         6.1894692592379189e-02
38                                     0.0000000000000000e+00         0.0000000000000000e+00         0.0000000000000000e+00         0.0000000000000000e+00         0.0000000000000000e+00         0.0000000000000000e+00        -3.6002964496913614e-01         1.8816166159659847e-02
39                                     0.0000000000000000e+00         0.0000000000000000e+00         0.0000000000000000e+00         0.0000000000000000e+00         0.0000000000000000e+00         0.0000000000000000e+00        -1.1375997666006521e-01        -8.8862329857221471e-03
40                                     0.0000000000000000e+00         0.0000000000000000e+00         0.0000000000000000e+00         0.0000000000000000e+00         0.0000000000000000e+00         0.0000000000000000e+00        -4.5492273138258987e-02         5.7247234306772254e-02
41                                     0.0000000000000000e+00         0.0000000000000000e+00         0.0000000000000000e+00         0.0000000000000000e+00         0.0000000000000000e+00         0.0000000000000000e+00         3.8666024258918796e-01         3.4414376141820077e-03
42                                     0.0000000000000000e+00         0.0000000000000000e+00         0.0000000000000000e+00         0.0000000000000000e+00         0.0000000000000000e+00         0.0000000000000000e+00        -6.1722320813320936e-03        -4.0881603085716166e-02
43                                     0.0000000000000000e+00         0.0000000000000000e+00         0.0000000000000000e+00         0.0000000000000000e+00         0.0000000000000000e+00         0.0000000000000000e+00         4.9411690799011337e-01         5.0223047895944457e-02
44                                     0.0000000000000000e+00         0.0000000000000000e+00         0.0000000000000000e+00         0.0000000000000000e+00         0.0000000000000000e+00         0.0000000000000000e+00        -2.6751533452830722e-01         2.0860432629190048e-03
45                                     0.0000000000000000e+00         0.0000000000000000e+00         0.0000000000000000e+00         0.0000000000000000e+00         0.0000000000000000e+00         0.0000000000000000e+00        -3.4518484566190416e-02         4.3603675645546826e-02
46                                     0.0000000000000000e+00         0.0000000000000000e+00         0.0000000000000000e+00         0.0000000000000000e+00         0.0000000000000000e+00         0.0000000000000000e+00         3.6721492803419666e-02        -1.3625081789157209e-01
47                                     0.0000000000000000e+00         0.0000000000000000e+00         0.0000000000000000e+00         0.0000000000000000e+00         0.0000000000000000e+00         0.0000000000000000e+00         1.3452396547351348e-02         6.8408173102534386e-02
48                                     0.0000000000000000e+00         0.0000000000000000e+00         0.0000000000000000e+00         0.0000000000000000e+00         0.0000000000000000e+00         0.0000000000000000e+00        -4.5921874433363125e-02         4.6819159237356862e-02
49                                     0.0000000000000000e+00         0.0000000000000000e+00         0.0000000000000000e+00         0.0000000000000000e+00         0.0000000000000000e+00         0.0000000000000000e+00        -2.2714637418203765e-01        -8.8826218245077609e-02
50                                     0.0000000000000000e+00         0.0000000000000000e+00         0.0000000000000000e+00         0.0000000000000000e+00         0.0000000000000000e+00         0.0000000000000000e+00         1.1918648101109995e-01         3.8071607034100008e-02
                                                         8                           9                          10                          11                          12                          13                          14                          15

0                                      1.6134611054467913e-02         5.3611589518857937e-03         1.0842981784965004e-02         7.8163027578332812e-03         1.3352462403540599e-02         8.9750678628738381e-03        -6.2479153215486569e-02         8.7641394732802441e-02
1                                      8.4966618186958277e-04        -1.3881637338684872e-03         8.6557878002019514e-03         2.3218658693278270e-03        -8.4755784843468865e-03        -1.2963827862699227e-02        -1.4120804215135925e-02         1.2203098944445568e-02
2                                      1.4216057387246515e-02        -1.8910527967207651e-02         3.4036314417703328e-02         3.3628975569408759e-03        -3.9669443353200308e-02        -8.9726663746589844e-02        -1.2029827647577757e-02         1.1290039686733973e-02
3                                      2.9305264028707301e-02        -9.5378544878424055e-03         3.4695420540098634e-03         1.3497422864142308e-02        -8.6998695884958586e-03        -4.3761542962712945e-02         1.7244725087651663e-02        -3.2418976800396515e-02
4                                     -5.3471943449919963e-03        -5.5760199940311861e-03         4.2297673577061364e-04        -3.4214663086852091e-03         3.2825045139314320e-03         3.8667488666502201e-02         4.7241693190522141e-02        -7.2307422584075201e-02
5                                     -3.2558633431087190e-02         3.8387145359254425e-03         2.7218634764104466e-02        -2.5145917142750877e-02         4.3977710652102084e-02         1.7306057540814923e-01        -1.1789111479885619e-02         3.4714498020553271e-02
6                                      4.2958222277382531e-03        -5.3420031587306611e-03        -6.0241355160749119e-03        -1.0961733209348960e-02         4.1250256349426801e-03        -4.5681030422263088e-03         4.0463157369038182e-02        -6.5802336311636636e-02
7                                      8.6147787342168818e-03        -1.0684030190402947e-02         4.2737902626052400e-03         9.9243957929382697e-03        -3.1185454164636989e-03         1.8379932205949023e-02         4.2025367337305296e-02        -6.1555272894725087e-02
8                                      6.1873296229179031e-02        -5.3333168687167150e-02         3.9675762556927077e-02         6.1748614727254729e-02        -1.9062524728757253e-03         5.9168469282578011e-02         1.2260081443272319e-02         4.1126427360819026e-03
9                                      1.1830413334929284e-02        -1.2697205177202060e-02        -5.1778151622268046e-03        -1.4364983465657956e-02         1.1326139440199641e-02         2.6756079400854023e-03         7.9654738693032308e-03        -7.7735048564580118e-03
10                                     1.6931073014076223e-03        -1.2492787158615600e-02         6.7076044969774373e-03         1.4450914288256768e-02        -7.7801226572019556e-03         4.4203907478377429e-03         1.3260667013588910e-02        -2.6909012884618885e-02
11                                     2.6031973802704850e-02        -4.3901873335874156e-02         4.6309786087489514e-02         8.1782367481902540e-02        -2.8785219759211705e-02         6.3519073101477716e-03         3.2713835942464508e-03        -1.3489086097469821e-02
12                                     5.1328042035460736e-02        -3.1941477009406902e-02        -6.0351398901523330e-03         1.5630862914886880e-02         1.5385428398751292e-02         1.9976377029143368e-02         9.0494472420845195e-03        -1.4601491395135561e-02
13                                    -3.0426601158939855e-02         2.6629602388251682e-03         1.9602020610962965e-02         3.3738253537335871e-03        -1.2343740622412867e-02        -2.9885337114176357e-02        -8.3167593471359574e-02         1.1189811185914583e-01
14                                    -1.1766671949164130e-01         2.7329325981755418e-02         4.7604385380238048e-02        -2.9331403060380325e-02        -4.5811016991101357e-02        -5.1153407483598194e-02         2.3347804995376750e-02        -2.4129810475425631e-02
15                                    -2.2977656142767124e-02         4.7042928452542168e-02        -5.0487267396363500e-02         1.2702370537432259e-01         2.6451321616703983e-02         3.7106186116361545e-02        -3.1899472163765201e-02         5.8833541393910782e-02
16                                     1.8777003955127162e-02        -1.6248731019776495e-02         4.4529376158910804e-02        -5.2605823918214806e-02        -1.4733836225510338e-02        -4.2069152322820033e-02        -9.4138887860690551e-02         1.1655376488660153e-01
17                                     1.5615733548227378e-01        -1.7780385270829555e-01         2.4300780055531371e-01        -4.2929097659098275e-01        -8.6964631716751922e-02        -1.6326374474998076e-01        -8.2310019228983844e-03        -4.4384451664562674e-02
18                                     1.3464081709588557e-01        -1.2363561429474304e-01         1.8978083159679596e-01        -3.4584900899078119e-01        -3.2480873762890959e-02        -8.8787229556767544e-02        -1.2252277912744967e-01         1.2410038115081556e-01
19                                     5.1245300650497025e-02        -7.3520215391589552e-02         1.1890229952027379e-01        -2.4962151737227531e-01         2.0630398539476499e-02         1.0665607310161106e-01        -1.5731855904900782e-02         1.3169145021274803e-02
20                                    -1.8878397157539195e-02         3.3092954385519645e-02        -4.8127458735430180e-02         1.9804493759850819e-01        -7.2294900315916830e-02        -2.1299802842803986e-01        -1.7651473716852623e-02         1.4592817754952841e-02
21                                    -7.4086689351122448e-02         1.0051216887818103e-01        -9.8968579926269645e-02         2.3201791107170575e-01         6.5901134240490114e-02         1.2583819628148984e-01        -1.0644795774230936e-01         1.8610240107860287e-01
22                                    -6.3627233374838124e-02         8.7954093227868430e-02        -1.3143241368249403e-01         3.1591603622446274e-01        -3.9319726900212668e-02        -1.4828984132848941e-01         1.0651328438774617e-02        -1.3948886159290430e-02
23                                    -6.1934695180649230e-02         7.4209807400573521e-02        -9.5488704532456836e-02         2.8445661937723893e-01        -3.5748231030793082e-02        -1.2033458552418776e-01        -1.6013615573407299e-02         3.7542763196346855e-02
24                                     5.9235092244400156e-02        -2.3341277635393440e-02         1.3432394279745866e-02         2.1600351446005896e-02        -2.2800287972990798e-02        -8.7822891511561404e-02         1.7719783057213782e-02        -2.1366716778120135e-02
25                                    -2.2259326747713363e-02        -6.1934347954506665e-03        -1.2043321604916089e-02        -9.9651177339261272e-03         1.1671794063327110e-02         7.5094060951368252e-02         8.3869558160216781e-02        -1.3219505865520365e-01
26                                    -1.4818036973675178e-01         6.6060839427552753e-02        -2.7889562392401459e-03        -5.3905153640707526e-02         9.6980668263799766e-02         3.2868818573726072e-01        -5.0303543253752726e-02         4.5474823285777947e-02
27                                    -2.6525135160358922e-02         9.4925837940780453e-03        -1.0175839782488394e-02        -2.6151876186590935e-02         1.4579339962009273e-02         1.8977073137252165e-02         3.4583089966595905e-02        -6.3762327101719557e-02
28                                     2.7052863881014581e-02        -1.2686901896892533e-02         8.0832653719974910e-03         1.8102837011682575e-02        -8.8205791437960118e-03         4.9789089952027594e-03         5.0047434296472695e-02        -7.0729181729220936e-02
29                                     1.7402944654918379e-01        -1.1319855607791192e-01         5.3746507572890269e-02         1.1797451781997952e-01        -4.0286492813092649e-02        -2.7404818226127971e-02         2.9800711997042872e-02         2.9255890576759605e-03
30                                     6.6655639449444554e-02         1.8981019398756602e-01        -1.7152028073612871e-01        -8.5671925681569019e-02        -5.8886485868072347e-01         1.7440470882161235e-01         8.4356819346308440e-02         9.4531817632926868e-02
31                                    -4.7104040223625833e-02        -1.6226650293328210e-01        -8.6516790384209313e-02        -4.7813798594200485e-02         1.6451423403668705e-01        -8.8806145992369218e-02         7.3579556323089512e-01         5.2118752743571151e-01
32                                     2.8342162153281319e-02         7.7255934088885231e-02        -9.1981825479051246e-02        -4.0888431078831847e-02         1.5956303767651647e-01        -5.4026096620137812e-02        -2.3707608153907825e-01        -1.7518288087697534e-01
33                                    -1.8194647855672402e-02         1.8342867856853036e-03        -3.4721000953831043e-03        -3.5078134527634919e-02         2.0344866806621301e-02         1.0069407960184462e-02        -4.8303071004844336e-02         6.6429934231824861e-02
34                                     1.5947475400616293e-02        -1.9490615149588310e-02         6.0709900576351805e-03         2.4633349489508505e-02        -1.2465385815997959e-02         9.6847013599371862e-05         3.7509955388967654e-02        -5.9167307835752837e-02
35                                     1.1339823221702311e-01        -9.9384256234718443e-02         5.6182970940331964e-02         1.6162775645544308e-01        -6.5070277859480621e-02        -6.6383896071073187e-02         5.4073152355624450e-04         5.6162196456502811e-04
36                                     9.2155541743439179e-02        -2.7061658751779270e-02         1.9869802548674369e-02         7.5483492915795022e-02         2.7058082378754691e-02         4.9594230132723960e-02        -2.9766796221623489e-02         2.7616364030166592e-02
37                                     6.5722827687781246e-02        -1.4100975178859984e-01        -5.9660505069537996e-02         1.3213706489235566e-02        -2.1581405146483903e-02        -4.7139448588917894e-02        -1.8597569390710278e-01         2.1450909394804044e-01
38                                    -5.7604177430895832e-02        -7.8599792607479541e-02        -1.6596158085455406e-02        -3.7430222314465321e-02        -5.5193267905126797e-02        -7.1033808492179620e-02        -4.1333945019334996e-02         3.9875540565481732e-02
39                                     1.2807947527823010e-01        -1.0100648342246016e-01        -4.1933710766035782e-02         4.5400937391454031e-02         1.8909708886508364e-02         5.6077920604231626e-02         4.6356953236132210e-02        -8.1800571142158537e-02
40                                    -1.6976318372268186e-02        -2.4355294888022471e-02         5.5008047168041809e-03         3.7570105898320754e-03        -1.5169434827735711e-02        -3.9305723332413625e-02        -1.1834811713669167e-01         1.4994953787392745e-01
41                                    -2.6764760094436474e-01         2.2503884107155325e-01         1.5067453011465323e-01        -6.5400564116435703e-02        -3.9369964156448334e-02        -5.2746662849011756e-02         1.3701345049949981e-01        -1.2129252256510366e-01
42                                    -4.0057979231888127e-02         1.8660384944845405e-02         2.7873524757990446e-03        -5.1388950358943787e-02         2.8855045770234569e-03        -2.9397146723916228e-02         3.8895594132339426e-03         1.0390767882313962e-02
43                                    -1.6931308236344875e-01         1.9455220068108958e-01         1.2898903362008568e-01        -1.4472134463717303e-02        -4.1580097629958313e-03        -3.4045225563110786e-02        -1.8582744868924871e-02         7.5369541605949095e-02
44                                    -1.3102449575602926e-01        -1.3075501113062896e-02         8.9031674651280472e-03        -7.4311079889777518e-02        -5.9147993828475104e-02        -8.8139791669333417e-02        -7.9341762174045972e-03         1.1051966840020947e-02
45                                    -9.7239026145213917e-02         3.2468006861989133e-02         9.1079506966606962e-03        -6.2615841586222010e-03        -1.2599663470500779e-03        -2.7585090045296489e-03         4.8398018261300389e-04        -1.7632951212102319e-04
46                                    -1.5809690838242761e-03        -1.3706244711857522e-02        -5.2189070064259629e-02        -2.1145291404775973e-02         1.6145602505507138e-02        -7.8767805221997183e-04        -4.1833446524089907e-02        -2.9164683168475123e-02
47                                     4.4147569538515972e-02         6.2658494298101705e-02        -1.3475456723605408e-01        -6.3174313309178193e-02         1.0041708272959733e-01        -4.9259551844378954e-02         7.1902077034775521e-04        -7.4290489093039366e-04
48                                    -1.0075430782937021e-01         3.7681237241918901e-02         4.0973972992030844e-02         3.5627297099762676e-03         6.5136682057636702e-02        -2.3254669386203120e-02        -1.5392272977819545e-03        -5.5968468475560912e-03
49                                     4.5894685340121172e-01         7.1823038971946651e-01         3.3332179413364477e-01         1.6926833580395182e-02         1.9965224348789945e-03         3.4779569110115318e-03         1.1645476973784515e-01         8.5158085714635276e-02
50                                     8.5823199960221225e-02         2.4451058775802628e-02        -4.4041240034572071e-01        -1.5937885032359342e-01        -5.3604741760214480e-01         1.4532012290620253e-01         2.0322625950864842e-02         5.1700652860209265e-02
                                                        16                          17                          18                          19                          20                          21                          22                          23

0                                     -5.1870560211580291e-03         4.9199108841012657e-03        -4.3703471826666715e-02        -1.4165674287200348e-03         4.3427290042074886e-03        -3.7114246312971565e-03         2.0479137253129769e-02         3.9708807134879263e-03
1                                      9.4846305662066140e-05        -1.2637902631238243e-01         9.3522978815153007e-02         2.8095822998053883e-04        -3.3476927032711082e-03         5.6267337087239473e-02        -9.8814124276775911e-02        -5.3529783270709870e-03
2                                      2.9326340577698055e-02         1.8819566479219330e-02        -2.5331656425922337e-02         5.8101738878034307e-03        -1.1537958739837441e-02        -9.5227459650109106e-03         2.0041841156937190e-02        -7.9663709046609733e-03
3                                      1.0575749253240267e-03         1.3532359172825570e-01         1.7058276093491144e-03        -1.6775890371337102e-02         2.6286932265194574e-02         6.7307461927261419e-02        -8.1449125817103757e-02        -6.4793655501030056e-03
4                                     -1.3251282277067938e-05         1.2178073807360537e-02         5.3900523987381717e-02         9.5918590800306430e-03        -1.6095544256737392e-02         2.7324971044235615e-02        -2.9144266066699577e-03         3.0949667141840095e-03
5                                      1.2303826402801482e-02         3.9868883119762978e-02        -6.6819303122440934e-03         6.4729856060685528e-02        -1.0263852425356153e-01         1.3093372451149851e-02        -2.0220906543067151e-02         1.1602067019001468e-02
6                                      4.3817249625140171e-02         3.8560815137389771e-02         1.1054886499915080e-01         1.3323731767010823e-02        -2.0720704795933024e-02        -1.3680075576330900e-01         1.7642554802422164e-03        -2.8739637428496129e-02
7                                     -2.5034185699093433e-02         4.7107667959166530e-02        -3.8534643974142323e-02        -8.9609720690975742e-03         1.2287562744874556e-02         1.7542317467118335e-02         1.2007262285074413e-01         1.7449114777336655e-02
8                                     -1.5700061936542742e-01         1.0818790227335848e-02         3.7195918747396944e-02        -5.9145807972998878e-02         7.9803975108654182e-02        -3.9989002270697162e-02        -2.3627639441100034e-02         1.0293854234878427e-01
9                                     -4.3292684853923111e-02        -6.5111276554546182e-02        -1.5032458935967566e-02         2.1159913012901335e-02         1.4583645465335542e-02        -5.0367640582770094e-02        -4.1268801038098747e-02         7.8606395423575122e-03
10                                     1.8542799566835893e-02        -9.8240153511670765e-03        -1.7009641817165835e-01        -1.0912813007713554e-02        -1.0028701568610559e-02        -8.4658135646378280e-02        -3.2352012619914161e-02        -2.9407347472584617e-03
11                                     1.4276902942218614e-01        -2.4622089249243764e-02         1.8829605570301167e-02        -8.6236616541455230e-02        -5.9079816142687633e-02         1.7939067192338488e-03         9.0504367402296463e-04        -4.2952821360310020e-02
12                                     3.1532409580128781e-03        -8.5249023915006730e-02        -3.6480109476682364e-02         5.1351717191055165e-03         1.5599164698253966e-03         1.2048295719586397e-01         7.8354818494479658e-02         4.8483194524358503e-03
13                                     1.9131837737031204e-03         7.4932320425934770e-02         3.1151069406290337e-03        -1.2763928703252516e-03        -2.2335412132172666e-04        -1.2495221867246938e-02        -3.5605033642388963e-02        -3.8467429290915053e-03
14                                    -3.4188079844730365e-02        -3.4226965935179945e-02        -1.0343648568282656e-02        -2.7924488318000302e-03        -6.4685490123764918e-03         3.2395579973331985e-02         2.2240852755633228e-02         4.5853581922178739e-03
15                                    -1.7622302216930130e-02         6.9215291455994518e-02        -5.9991041640963839e-02         1.4243023111840112e-02        -2.0746203565574391e-02         8.6172269484798600e-02        -6.5263990115789344e-02        -1.0149916714088845e-02
16                                     4.3524774395196286e-03        -3.0840109504558910e-01         1.3633316323143704e-01        -1.0045770483591643e-02         1.4076343369538436e-02        -2.1217844176260992e-01         1.6608819439428429e-01         8.9453222052301995e-03
17                                     7.7375129271605822e-02         5.9345192721578975e-02        -3.7960780743252563e-02        -4.5539484266052664e-02         6.9969907913175672e-02         5.5333609598095912e-02        -4.2851168047013166e-02         3.0367687682651884e-02
18                                     3.8172906153648094e-02        -1.1107762831521878e-01        -1.9075754400894342e-02        -5.3085611174400388e-02         9.5913836158423846e-02        -1.9760883997260531e-01         2.2555404521706970e-01         3.0453016290058938e-02
19                                     3.4928377489406065e-03        -1.0528124520007362e-01         9.3569585416729661e-02         5.4156698495057255e-02        -9.2549492030841632e-02         7.3977667746318462e-02        -1.2021926772433261e-01        -4.6181789445525076e-02
20                                     3.0305157596074859e-02        -1.5732518990214082e-02        -2.0124475791710943e-02        -5.0788719085474901e-02         8.1205064055671489e-02        -4.8074815321730816e-02         6.0377782487840814e-02         3.4463242992293079e-02
21                                    -4.5728468367801874e-02        -1.0754427945762482e-01        -1.4720358972810333e-02         6.3164739449890109e-02        -1.0561746106598510e-01        -1.9990813260370499e-01         2.2549508456338471e-01        -2.4330183068103035e-02
22                                    -5.0401129162810513e-03        -1.0808479341842971e-01         9.0073586466459660e-02        -6.1305739859788336e-02         9.7981264679000452e-02         8.1412807427048373e-02        -1.2587133361126462e-01         4.1424484807859409e-02
23                                     8.2891084527433705e-03        -1.6786786900668101e-02        -1.7323869247228924e-02        -3.3501578151954241e-03         5.0777594845126687e-04        -7.8678685296515102e-02         9.4550553065756410e-02         9.0256254602623862e-03
24                                    -6.9987933418482251e-02         1.2890198677770406e-01        -1.8874306174659641e-02         4.0135012710037533e-02        -1.9547433857371835e-01         1.0454802386073336e-01        -1.2246318021375446e-01         6.7578786650481934e-02
25                                     4.4137830824360819e-02         4.4026473488072752e-02         1.8126328822616783e-01        -2.6780916962336976e-02         1.2008659780617528e-01        -1.3740557549393800e-01         1.5339761459667300e-01        -3.8919382386715849e-02
26                                     2.7753702098196398e-01         1.8815258284615471e-02        -4.5320248121120260e-02        -1.4840812507523252e-01         7.3313881193529529e-01         5.7243357896876998e-02        -5.4085127853627957e-02        -2.7361117275004393e-01
27                                     9.1876029021626796e-02         1.9730645645182152e-02         1.0298863027554445e-01        -6.5163501862292764e-02         6.0436523192907415e-03        -1.6613996036150497e-01        -2.3211372346392627e-02         2.1324053070712565e-01
28                                    -4.8225016227493346e-02         1.7047767697153965e-01        -2.0161196070394506e-03         3.6475333828952725e-02        -1.0288306381224192e-03         1.4643083584871569e-01         2.2830263198493181e-01        -1.2086242163684117e-01
29                                    -3.3721968317041490e-01        -8.3014484668221689e-03         3.1695728424642404e-02         2.2787767559474531e-01        -1.9132830525775902e-02        -7.1275285036767888e-02        -9.4907815787684934e-03        -7.8283266817803354e-01
30                                     7.7988099979533140e-03         9.3336026570542481e-05         7.9644603257802559e-04        -5.7190414129498221e-03        -5.6475068857836982e-04        -3.6522137735547217e-04         9.5333833922879037e-05         1.8944545644687166e-03
31                                     5.8652374677609205e-02         4.7874948088117812e-03         4.0780471018419641e-03        -2.0826208597327762e-02         1.1984950204675271e-02        -4.6819238061074283e-04         8.1698233548581497e-04        -1.6804674165634920e-03
32                                    -1.4581602407143965e-02        -2.2218073394866889e-03        -1.5502651299527147e-03         7.9582945615985015e-03        -3.3837962717893459e-03         1.8468691504923789e-04        -2.2999410064905137e-04        -2.3076488777560973e-04
33                                    -7.4794458289881030e-02        -8.1014078160951811e-02        -7.1766348932229065e-02        -2.3041830567462473e-01        -8.0260679122387157e-02         4.4653863149992914e-03        -2.2297588941601243e-01        -8.7445322553007868e-02
34                                     3.4162276120784853e-02        -1.7446037940384250e-03        -1.4877426954267181e-01         1.1211233401979730e-01         3.6142790906603564e-02        -1.2021296871810985e-01         4.0699848874967033e-02         4.2788518789218112e-02
35                                     2.6144689285444039e-01        -3.6418210838745087e-02         7.3713367407087912e-03         7.6702507151642940e-01         2.5034448379941709e-01         5.0603655126836324e-03        -9.4547284728837527e-02         2.2407053947997524e-01
36                                     1.3329152712526982e-01        -3.2753134998045406e-02         1.4608327992006367e-01        -1.0033773867403964e-01        -5.5187560528949936e-02         2.1119619911083456e-01         2.4618614782505979e-01         5.0231314028215103e-02
37                                     7.2381540090396268e-03         1.4418880985636393e-01         1.3220059585004421e-01        -4.5239094641543439e-03         2.1381585688849077e-03         5.6204358054767138e-02         9.8758777319234839e-02         2.2974549436989870e-03
38                                    -6.4861800628419494e-02         1.3868211673517968e-03         3.5351245755469753e-02         1.9858679769786541e-02         9.2257585698865430e-03         6.4766987527114767e-02         8.1378823628974917e-02        -3.1812454924321451e-03
39                                     6.3308144685376488e-02        -1.6363677250620717e-01        -2.9041437485647198e-01        -5.1043402000685301e-02        -3.2753477653611932e-02         3.3195759957787598e-02        -1.5854373124073828e-01         1.6515483110663012e-04
40                                     3.0236646477982776e-05         1.0676477860841910e-01         9.1564866295818767e-02         1.4516816763194258e-03         2.5252590725137825e-03         2.2504975645616737e-02         5.1480330731280631e-02         3.9706963100010805e-03
41                                    -9.7093725720761428e-02        -9.2886132566513346e-02        -1.0286725081228308e-01         5.7701175911534203e-02         2.1318261532459075e-02         1.2607777945868238e-04        -5.6035644855842649e-02        -2.1422918128806093e-02
42                                    -1.3645038323833533e-01        -6.2400728178306476e-02         2.2230429990320762e-02         1.3192834740981782e-01         7.6330176205967951e-02         1.6094731403133780e-01         1.5895016628831984e-01        -2.0647613125105865e-02
43                                    -1.4891739960613114e-02         8.1000535761454884e-02         1.1635166569143311e-01         3.2827832191701246e-02         2.1233997576078686e-02         4.0279711124026625e-02         9.8879348906110345e-02         8.6204477671404066e-03
44                                    -1.3747352376198196e-01        -1.7603023378657830e-02        -9.9424558464368627e-03         8.2493507952705172e-02         4.3309612352771275e-02         3.9088006874021503e-02         2.7109728660766243e-02        -2.1623153384357288e-02
45                                     9.0234151210297415e-04         9.2987748927470125e-05        -1.7182523418848834e-05         2.6945168316586350e-05         1.0648615206276196e-04         9.9627565204663623e-06        -2.1608870177431576e-05         4.1104956458558437e-05
46                                    -3.1958591690271062e-03        -2.2696778035381169e-04        -2.9536320802677320e-04         1.8860792294399969e-03        -7.3824799330733692e-04         1.6829125019549433e-04        -2.1392998868564257e-04        -4.1537585991520294e-05
47                                     4.6629314348538582e-03        -9.8146992789764349e-04        -1.4655030031683885e-04         8.2144112919574309e-04         2.6062625661902835e-04         2.2342353869971181e-04         1.4611176555258810e-04        -7.7344256896651133e-04
48                                     1.1961592778596654e-03         7.9803628068124847e-05        -1.0917127464400850e-05         5.5928557662126167e-04         1.9332382374698579e-04         1.5137965967648481e-04         9.1695837152909598e-05        -7.3600351451714823e-04
49                                     2.0395544284465134e-02        -4.7922455129977687e-04         2.2543624702679654e-03        -9.0998695463151286e-03         6.5512953413215834e-03        -6.5579522974821495e-04         2.2344318615626258e-03         1.2155481320436665e-04
50                                     3.1683739468932751e-03        -1.0188896818831264e-03         1.3020038689554321e-04        -2.7943204293720009e-03        -1.5106252520635095e-05        -7.6177302739031971e-04        -6.2199825976708709e-04         4.5211859287448896e-03
                                                        24                          25                          26                          27                          28                          29                          30                          31

0                                      2.1692626079627471e-02        -1.5583966300061836e-02        -5.4734147925175017e-02         1.1114054353285066e-01         2.4279584567992257e-02        -3.1009181606579925e-02         3.6652687344477623e-02        -5.2606557888287202e-04
1                                      2.0406920169722662e-03         2.2883407749528274e-02        -2.4372098030143244e-02        -3.1959477722356945e-02         3.0632072192248224e-02         2.3690309523924143e-02         4.7298866780440096e-02         3.2641000815313427e-04
2                                     -4.9417550094187017e-02         1.0356544662021321e-01         4.7235917860165575e-03         3.4063999434935543e-02         2.1396163093157796e-03        -1.1206404179857599e-02         2.7812140717049885e-03         1.4957184313224827e-04
3                                     -1.8289044254100221e-02         9.5115364900412620e-03         5.5272448526711551e-02        -1.0657947573522378e-01        -7.9628534927525960e-02        -2.0467686783275395e-02        -2.4666252735187823e-02         3.4884466646454837e-02
4                                      6.9201312891883622e-04        -1.5083954106675549e-02         8.1724207431189619e-03         1.0494955700985717e-01        -5.4224446146178967e-02        -8.4188704206638182e-02        -1.0610401198668415e-01        -2.7697259035707734e-02
5                                      3.9697115823766803e-02        -7.8951864475659120e-02         2.1232160110404908e-03        -4.3830975476689876e-02        -1.3334557282809620e-02         7.0156040069241695e-03         9.4581514810944591e-03         1.3297065171874631e-02
6                                      7.6259677551710628e-03        -6.6517380755077302e-05        -2.0774703233529791e-02        -2.0442042814649303e-02         1.0382205952577565e-01         1.1498485229478507e-02         1.7676854054944940e-02        -7.9107372059919329e-02
7                                     -3.6380695451762148e-03         2.4520143864768052e-03        -8.1019865966348564e-03         2.4485143086888834e-02         4.3155745323226760e-02         1.2945891867879311e-01        -7.4606373679140872e-02         5.6942497865443677e-02
8                                     -5.2237463725410011e-03         2.0015207915402355e-02         2.1095944888668843e-03        -7.9738595280391348e-03         2.2440169807897318e-02        -1.4690614422513373e-02         1.5922553385118207e-02        -2.9930349187853089e-02
9                                     -9.2241184732896504e-03         9.9398342287780887e-04        -4.3067872549229176e-02         3.7832578868734708e-02        -7.9151847839249001e-02         1.0124126828179449e-01         1.7954399586563190e-02         1.4087418442349789e-01
10                                     2.6188695756928657e-02         2.1822856533862348e-02        -5.8958706684070161e-02        -6.3430848493152045e-02        -5.6045949619407551e-02        -3.7061719795423775e-02         5.0766874100532072e-02        -8.4389916293773348e-02
11                                     7.4317085450734566e-02         3.1815280236966760e-02         2.1682689333300059e-02         2.0854664188828462e-02        -1.4242123048601042e-02         3.1317510679510337e-02        -2.3622465992922258e-03         4.9615066956324338e-02
12                                     1.8848771267663860e-02         6.2734348102524828e-03         2.8670304169956671e-02        -3.0297752770259204e-02         4.2615752265194463e-02        -6.4755390064424462e-02         9.4717228996645565e-03        -1.7971888913324633e-02
13                                    -2.6409532752449002e-02        -2.2604442036011821e-02         6.3917569905084445e-02         1.0576384138174924e-02         8.3281276253429723e-02        -2.2773172138825026e-02        -1.2956222565061449e-02         4.6496308435134352e-02
14                                    -1.0121231529381444e-01        -4.4352901780268461e-02        -3.7941176377063311e-02        -1.2193640122576524e-02         2.1661447544327363e-04        -1.4805238111091780e-02         6.3355561446359863e-03        -7.2340635554625264e-03
15                                     1.0877096409494817e-04         9.7707736450088817e-02        -1.4549068453458466e-01         2.2753918329323372e-01         8.5264771662189778e-02        -4.0431980675007945e-02         8.6881514052660397e-02        -1.2340771826504988e-02
16                                    -3.9489066339528103e-02        -1.0246082684529548e-01         2.6826162459149089e-01        -3.4413459752076031e-01        -1.5243119518499534e-01         3.6941414810111206e-02        -9.4192631283934861e-02         3.9136578531682467e-02
17                                     1.1792668156876164e-01        -1.7936413054239123e-01        -1.0794055854216869e-01         1.1026805956985675e-01         4.5064727381476072e-02        -1.6447992086016903e-02         3.7873106298909956e-02        -9.6149474073553565e-03
18                                     7.7119581580408797e-02        -2.7572730322752692e-01         1.2603730072129343e-01        -7.3784084882122625e-02        -1.0790720008450715e-01        -3.2750496969097216e-02        -1.7078452787140030e-01        -2.6453284881648349e-02
19                                    -1.7424593818131637e-01         3.7966619497333043e-01         2.1290446969910764e-02        -4.1106956852976544e-02         2.1024731412463658e-02         1.8485212694835673e-02         4.7298692320172260e-02         2.1057677779092093e-02
20                                     1.2213335181299573e-01        -2.5982638038361899e-01        -1.6721891521203954e-02         1.6582035133476454e-02        -3.2335244563153277e-03        -5.0784330548125870e-03        -2.0459981997912945e-02        -2.3439392157042743e-02
21                                    -1.8490190658674208e-01         2.5567968968372051e-01         1.9049985033625350e-01        -6.0889769840412188e-02        -9.5531142163744198e-02        -2.8340405515172890e-02        -1.5722485954337498e-01        -3.2748224872660568e-02
22                                     2.1219996621160470e-01        -3.9259100496395855e-01        -8.6661100875994351e-02        -4.2684449667875130e-02         1.7962858741429662e-02         1.5066460734701326e-02         4.5239762603568691e-02         2.2754750381156128e-02
23                                    -1.3030573990174260e-02        -2.6796720746439216e-02         7.2105567786722391e-02        -4.0971051618349297e-02        -5.7188359227019987e-02        -1.6577397530997039e-02        -8.1756709703276614e-02         7.4800918079308179e-04
24                                     1.9213570126235362e-02        -1.2564217982708195e-02         6.2374779881593399e-03        -1.3950491360957767e-01        -3.0339782566046896e-02         4.4359761741066178e-02        -1.4235104064912871e-01        -1.1574699020362445e-02
25                                    -7.3380412511054247e-02        -5.8857083715910974e-02         2.5751952409934198e-01         2.2991517955625163e-01        -3.2294131700151485e-01        -4.0826521436064228e-01         4.1615698637046838e-01         2.1114530846358073e-01
26                                    -4.4441872753319893e-02         6.7519869698476301e-02        -4.4770521185599182e-02        -7.8174846540469786e-02         4.0139890121962951e-02         7.2690718214795155e-02        -1.0435506957350293e-01        -3.7092778085181050e-02
27                                     3.1185206508491711e-02         5.4740695438203799e-02        -5.3685629534889007e-02        -1.5720406636936676e-02         1.1359465830087742e-01        -1.5332469516349184e-02        -9.0734292629934418e-02        -5.1412990815683277e-02
28                                    -7.7911359876762856e-02        -9.5287156146042509e-02         2.7586193864230302e-01        -2.8640913337509566e-02         6.5609152701843296e-02         3.4709351825965129e-01         5.9731720557195433e-01        -1.5847214825771094e-01
29                                    -3.4940972550277574e-02        -1.1853800157697915e-01        -1.2616137794681276e-01        -9.8753201153681906e-03         1.4979535987796503e-02        -7.3583624641630221e-02        -1.1541746310512924e-01         4.8485199003719818e-03
30                                    -2.5791047519051814e-03        -7.1777079031127764e-04         2.6242189861701477e-04         5.1039654766678300e-04         4.1392855604383905e-04        -1.1310455027457309e-03        -2.5410554586995435e-04        -2.5150254455932300e-03
31                                     3.6790908185563997e-04        -3.9860048339379443e-03        -2.3601380564606542e-03        -1.6607203324356995e-03        -3.0387065406943191e-03        -3.2652336867664967e-03        -6.3880192873184527e-04        -3.4233245385017624e-03
32                                     4.0601554983206358e-04         1.0225563544853224e-03         4.3671658798495979e-04         3.5240215736990560e-04         9.5627444535373318e-04         1.1435054258950791e-03         5.8466427662697993e-04         9.1998014852186390e-04
33                                    -4.9077856937809507e-02        -6.3936518528010106e-02         2.4885133372980545e-01         2.9091872760340859e-01        -3.0878141647448420e-01         3.2614494084552381e-01        -8.0379098798691248e-02        -4.8204677940451335e-01
34                                     4.3610048761606922e-02         5.1343808494722455e-02        -1.9419491733340213e-01        -1.7821724945693868e-01         3.5066143836191471e-02        -1.3135018010204511e-01         1.0010924199729870e-01         1.8350476423643020e-01
35                                    -9.0117128150627959e-02        -4.8945392610376864e-02         8.8153459490133368e-02         1.1710299798679991e-01        -9.5196992634742530e-02         1.2807838957371756e-01        -3.8964950931404403e-02        -1.5745933679751190e-01
36                                    -3.6467796807928604e-01        -1.2417675211691820e-01        -3.6424655437616049e-01        -1.1735239043871842e-01        -1.4594390523811868e-01        -2.7996390854039179e-02        -1.8496644237433885e-02        -1.7487346025805015e-01
37                                     7.5239590035577050e-02         5.4485980436438257e-02        -1.1643396699886420e-01        -5.6656413648596658e-02        -8.0858034965486714e-02         1.1261548833751960e-02        -1.4020950615759240e-02        -1.1869640392119912e-01
38                                     7.0296675818583440e-02         4.4909459562502176e-02        -6.8994962064384616e-02        -4.1291268130342569e-02        -6.9765811469604921e-02        -3.3209038110339089e-03         1.3502310429514304e-02        -8.9183142948369931e-02
39                                    -2.7620779244553245e-01        -1.7935426326159801e-01         3.0180760444539134e-01         3.4134999889898821e-02         3.6701858987871105e-01        -1.3405833172693346e-01        -8.3857594168032651e-02        -8.2063940782462833e-03
40                                    -1.2357542887631743e-03         8.2046615687611825e-03        -5.9128462790930598e-02        -1.7661745516118585e-02        -2.6324039039815495e-02        -6.5875516360429697e-03         2.4484204678243349e-02         3.7905366724967741e-02
41                                     1.3201076237562540e-01         3.6962620820018673e-02         1.8600266097826418e-01         2.7132851489291451e-02         1.2629687546617968e-01        -3.9119308739619080e-02        -3.8584751509080216e-02         2.1159650795331907e-02
42                                     4.9961521314829971e-01         2.3206187898656574e-01         1.0352747730614788e-01        -4.4572147353910067e-02        -1.9254643124839838e-02        -5.1295800838986397e-02        -2.3131184174132804e-02        -1.3246544162392104e-01
43                                     5.1091316774453215e-02         4.5362867145531990e-02        -1.3532302662321341e-01        -5.1876285212811651e-02        -1.1374310211673094e-01         1.0371010596599008e-02         1.8085440029398707e-02        -1.3858948207402769e-01
44                                     2.4432453576435315e-01         1.0471979287954389e-01         1.0373178761931533e-01         3.8948092879020125e-03         3.2580883867274653e-02        -1.6213529349130732e-02        -3.3041435178005889e-02        -2.0217732056834900e-02
45                                     2.6841340486704034e-04         2.0643895950904695e-04        -6.3167076085804270e-05        -1.3241317599006747e-04        -5.0822024080251589e-05         1.7216247431054476e-04         1.0041309587585474e-05         2.2880768119302056e-04
46                                    -1.5122538279939909e-04         1.0755973165092372e-04         1.2934219641320204e-04         1.5154491646625820e-04         2.1313207730351154e-04         8.2556297300381037e-05         2.2077762908184986e-05         1.3504990132202273e-04
47                                    -5.7507142378257481e-04        -5.3001839627895577e-04         6.9706939802560738e-05         3.2558580679545166e-04        -7.3229815634399601e-06        -4.2484026583344006e-04        -1.7416222302025673e-04        -1.2125533750074089e-04
48                                    -1.6673216858068666e-04        -4.3627247185025529e-04        -1.1087985839686607e-04         2.7206521252190100e-04         3.5219931989970316e-05        -2.8479542877376688e-04        -8.6388895273109228e-05        -2.4415284723555453e-04
49                                    -4.2659743313318245e-04        -4.2866545951491505e-04        -4.0232543508187930e-04        -1.3676056388999243e-03        -1.3473865080015470e-03         2.0061614240187475e-04        -1.0407413983805612e-03         6.9515317748273240e-04
50                                     3.1048728250188959e-03         4.3608694699057669e-03         6.1994488727883985e-05        -1.9962955633041454e-03        -1.3883602718337551e-03         3.4015762961591743e-03         4.7166203854682922e-04         2.6720416544387363e-03
                                                        32                          33                          34                          35                          36                          37                          38                          39

0                                     -1.7030359083828068e-02        -7.5821579331409539e-02        -3.4256469303636538e-03        -1.4370886342932692e-02         2.4106291711390396e-02        -3.7421477193905497e-02        -2.4733015385515226e-03        -2.3279588525356611e-04
1                                     -3.0201956308904189e-02         1.0316285545639874e-01        -7.2056336385216031e-03         7.1867408589516768e-03         1.4729460189593081e-02        -2.0021284085345790e-02        -8.0391954208040644e-04        -2.7828408539424182e-04
2                                     -3.4842538485919570e-04        -3.4563417985368640e-02         1.6850026602778268e-04         5.6834839159377350e-02         3.9997708190880315e-03        -7.1166335691623447e-03        -7.3810526672791099e-04         2.7843700671010521e-04
3                                     -2.2637570797886294e-02         1.5066615029210091e-02        -5.9411910366982939e-03        -3.0165539370805611e-03         2.5697864649180603e-03        -5.0182141439804855e-03         1.0694983277065165e-03         3.0245302530591120e-05
4                                      1.3105545678873268e-01        -3.2300989205012384e-02         4.0142011131141221e-02         2.0147004879944130e-03         1.3280971808873882e-02        -3.0160172932376234e-02        -5.0577374011028658e-03        -1.2229032765772208e-04
5                                     -2.5879814710631149e-02         9.0091725346866328e-03        -7.5976075690464768e-03         1.0046050301140280e-02        -1.7419735204749702e-03         2.8744735401197838e-03         9.8758257566363729e-04        -1.5658887362311016e-05
6                                     -5.1831934055072875e-03        -5.2780857876784347e-03        -1.3569677535546687e-02        -2.0629961982995125e-06        -1.6347769485165725e-03         4.0927865563028191e-03        -7.2650744926630083e-03        -3.2845099075927111e-04
7                                     -1.0486207850340185e-01         9.7019010245115080e-03        -4.1722309563776289e-02        -7.9896593639951834e-05        -6.1997194080750401e-03         8.0556565983267801e-03         7.5900840648776714e-03         7.6873003603209373e-05
8                                      1.3968359609532270e-02        -2.9224817995295031e-03         2.4034595546413261e-03         4.1813129804721752e-04         3.1623536574452830e-04        -1.2381874395608504e-04        -2.7445386884463303e-03         5.3073480072135114e-04
9                                      4.9892126599470780e-02         4.7809907971967623e-04         5.2485632316283157e-02        -1.9198784021124090e-05         4.8687269013398191e-03        -5.5209369554895579e-03         2.0797146257372594e-02         6.7373717568713139e-04
10                                    -3.0097717731842858e-03         1.5482983257350215e-03        -5.9542526922770614e-03        -3.2494958308197388e-05         4.2651384509833504e-03         6.9651383397956752e-03        -2.0318897192829151e-02         1.6908742571050434e-04
11                                     1.3448621210518125e-02        -1.2563332537485658e-04         1.6052999873879283e-02        -8.2444760079180868e-05        -8.0758596283770547e-03        -7.5690599063174737e-03         3.7419968441211073e-03         2.3376095514912777e-04
12                                     3.2698239187454958e-02         1.5278286847388912e-03        -1.2372383942226473e-01         4.1758622914671114e-05         5.7334285189075251e-03         5.1440865108494088e-03        -7.5131374552878469e-03         1.5731768538354443e-03
13                                     7.1806122628115402e-03         6.0630080559348758e-04         1.7604978836472894e-03        -1.7403026283501852e-04         1.0873453494814139e-02         1.0209019182389024e-02        -5.0513681797579257e-02         7.5080638494259505e-05
14                                     5.2660872437777671e-03         1.1570174462141509e-03        -2.8156590774630178e-02        -3.3832610641953487e-04        -4.7884752098144870e-02        -2.7444933844468236e-02        -2.1088190923822341e-02        -1.7331460470327810e-03
15                                    -8.1005018522440197e-03         1.2627321907190786e-01         4.4777362533491797e-03         1.8800666597870869e-01        -4.3817170170566973e-02         7.5275150458606041e-02         8.7167663765975369e-03        -3.1600369900451522e-04
16                                    -5.5008447236625999e-02        -4.7617588126512733e-01        -2.7694431938058411e-02        -8.1281055668830690e-02         1.9346389907692291e-01        -3.2019127996059382e-01        -3.1314565381708681e-02         1.3144477236391185e-03
17                                     3.9968859552470069e-03         9.3926883043987774e-02         4.2657427834535697e-03        -6.8548090078872870e-01        -2.8602515044212486e-02         5.4155501799393983e-02         8.5234984484458404e-03        -3.1645092211214400e-03
18                                     1.5512656977427841e-01         2.7818466079611370e-01         4.5069391342921053e-02         4.5303382877963788e-01        -1.9465495051173165e-01         3.0492710680098734e-01         2.3209892460577239e-02         1.6220675370933618e-03
19                                    -2.7652168926345470e-02        -2.5569894488120398e-01        -9.0714571804331196e-03         3.6241855173309356e-02        -2.0703598719520877e-01         3.3082564346241911e-01         2.7865578605608822e-02         2.1326877005435215e-03
20                                     1.7050716092298267e-02         3.3350452909014333e-01         7.2535887537642091e-03         7.3394485856341438e-02         1.7883805538676156e-01        -2.8418974028080202e-01        -2.3962573567169295e-02        -1.4375764693006633e-03
21                                     1.3987975514674283e-01         3.8539483823160275e-01         4.1722447535571514e-02        -4.3795387956767845e-01        -8.0176248268498160e-02         1.2865631925337431e-01         1.2266924813522935e-02        -1.9347397568606486e-03
22                                    -2.2366182210939532e-02        -3.0871641824285517e-01        -8.3782605106392967e-03        -6.0187553168825222e-02        -2.5475971902786021e-01         4.0836172292722439e-01         3.4378252569393815e-02         1.3535068291430864e-03
23                                     7.1281413510337038e-02        -7.4841515868891817e-02         1.8986036625271926e-02        -1.7221412361786581e-01        -1.9317529066408223e-01         3.0641828669454496e-01         2.5854273578009748e-02         1.8826252539874244e-04
24                                     8.7538288315079565e-02        -1.0919385729690388e-02         1.8314144117238869e-02         3.6574818880412783e-03         1.0089596176713622e-02        -2.9209716331385013e-02        -7.6090973939429013e-03         2.8493529037308885e-04
25                                    -3.9311182388713950e-01         8.9802754846255134e-02        -6.2721799018310528e-02        -2.8650305154195323e-03        -1.3975547336893655e-02         6.8065882743369430e-02         4.7056915759482620e-02        -3.0480976140211612e-03
26                                     8.8016754524523788e-02        -1.8061854785962131e-02         1.1920163273887683e-02        -1.4151060307712151e-02         9.7599678325665275e-03        -1.6106835892547432e-02        -1.2050431179606462e-02         2.1649222823398127e-03
27                                    -9.2525978226906516e-02         1.6907328096571954e-03        -5.3529618868088456e-02         7.1393013481616397e-04        -6.2501678481450013e-03         7.6293009739358385e-03        -5.6060697682641910e-03        -3.6168840797760378e-05
28                                     4.0596895402366062e-01        -3.1185430132878129e-02         1.8544035953379739e-01        -3.2188866489294142e-04         1.3051926069812002e-02        -8.7009553673828635e-03        -1.2940655780507246e-02         9.9291644784040012e-04
29                                    -8.4260433064752560e-02         4.6161232303549415e-03        -4.3243523072148897e-02        -2.5407970961706917e-03        -1.1704477875810572e-04         4.8494923554105633e-03         2.0460260751630007e-03        -3.0239253300160837e-03
30                                    -5.8477385996241107e-03         1.7069756286357057e-03         7.9891864255182809e-03        -2.0050030328343090e-03        -1.4916492411428593e-02        -9.5841758607453868e-03        -2.6519326636285454e-03         6.7486879073625916e-01
31                                     1.2339509608984614e-03         1.6388104101130760e-03         2.9912832537570550e-04         4.7698105386164270e-04         2.1354611320261565e-03        -1.4849756514100874e-04        -3.5188822822641613e-03        -5.4153994137376260e-02
32                                    -4.6642238463916851e-05        -8.8732559240888790e-04        -1.5395740858853584e-03         1.9422774598524344e-04         1.7956053354920239e-03         1.7622515947082582e-03         1.0844065246284507e-03        -1.1813763844390096e-01
33                                    -1.9772542663598605e-01        -3.0351278249705111e-03        -1.4567259564721272e-01        -1.0686403052688637e-05         1.5278725397374910e-03         2.9136749694890076e-02        -6.2476848535276235e-02        -1.2227708176488828e-03
34                                     1.0573435476775091e-01         4.2625812554512137e-03         8.0074239509013101e-02        -4.1977244154955566e-05         6.5444935968694950e-03        -6.8255064965737598e-03         1.2207497358292791e-02         1.3258871947733791e-03
35                                    -7.1688929753915637e-02        -9.7909683477998195e-04        -5.7509265944950302e-02         4.1535239897028028e-04         9.6554981035049791e-03         1.5937151677415714e-02        -2.0727763369512986e-02        -2.9767724353765325e-04
36                                    -1.9434429364782263e-01        -6.2544124712450482e-03         4.3707278278105316e-01         3.2516117260630688e-05         2.2774105929062191e-01         1.6688266574464403e-01        -2.3668462167583387e-01        -2.6162821971788836e-03
37                                    -3.5034169957478656e-02        -1.0036636308079135e-02         9.5358839294843359e-02         3.1266803951176246e-03         2.8925124426818077e-01         1.3957751148507258e-01         4.6423711444195304e-01         8.0241551485594424e-03
38                                     3.0125111217385311e-02        -4.7800451881246271e-03        -9.6694668960701183e-02         2.0634798072064926e-03         1.0756235458567215e-01         3.2199728553555552e-02         4.0359393974695279e-01         5.9506383748793804e-03
39                                    -1.7048569416246590e-01        -5.3011850026126704e-03         4.2098135346589843e-01         4.6302087874449055e-04        -1.6296339264968401e-01        -1.2777733826425502e-01         3.3852592604023474e-01        -1.4698371322222223e-02
40                                     6.1835679405625781e-02         4.4128441570987905e-03        -1.5823066511658482e-01        -1.0880730232615469e-03        -8.7989570857989446e-02        -4.0341889455652910e-02        -1.7440956796960413e-01        -2.9874694042581585e-04
41                                    -3.9491053240389594e-03        -7.4716548659244696e-03         4.6341766911255008e-02         3.1785316874098535e-03         5.7414205562402676e-01         3.4159735598935359e-01         1.6551727932463528e-01         1.7954831094439919e-02
42                                    -1.7037641893207006e-01        -2.5668279829001530e-03         3.5392544087666217e-01        -1.1643581666379796e-03        -1.7855623017162192e-01        -9.5364572249271418e-02        -1.2491965252256537e-01        -9.2219531371660023e-03
43                                    -4.2680218448120325e-02        -2.7617945220474297e-03         5.9809275604898883e-02         1.8715124833016609e-04        -3.7833891543338083e-01        -2.7290348570176570e-01         4.5852207855849958e-01        -1.1054688317950300e-02
44                                    -1.2948804385195667e-01        -5.7556522085652350e-04         3.1191346782042007e-01        -1.3561388528154001e-03        -2.1074964207326023e-02         1.6282958729362411e-02        -3.1429496393857809e-01        -5.1105811244210103e-03
45                                     4.8696354580360070e-04        -1.6495852546720221e-04        -5.6243464231988283e-04         1.5768048150944153e-04         1.1875575304996849e-03         7.6031808514992027e-04         1.6911168569558988e-04        -4.7170846664810841e-02
46                                    -1.3569880235261131e-04        -9.1363492709483496e-05         9.6379460758824290e-05        -1.0970632974807732e-04        -3.9227381963744792e-04        -1.9894344484297675e-04         2.6064874673425656e-04         1.5269647210641430e-02
47                                    -2.5114700331494116e-04         3.4364232862337776e-04         6.8910433445508543e-04        -2.0196012509014248e-04        -9.9300292898021219e-04        -8.2881743466634299e-04        -9.8523709769978243e-05         4.7110443005294503e-02
48                                    -5.5619156911800342e-04         3.7109352465327495e-04         7.3205819948175919e-04        -3.3737811300108017e-04        -1.5886485250627782e-03        -1.2196102824331015e-03        -4.4783225488259258e-04         8.1521043112717503e-02
49                                     1.3004193847719753e-03         2.6310040020057889e-04        -1.7532402891851698e-03         1.2657000663839372e-03         3.6030054458238317e-03         2.7541466000946795e-03        -2.7982015972787531e-03        -1.8800058466302583e-01
50                                     6.0348544594575892e-03        -2.8749981273347709e-03        -8.5247805649492532e-03         2.8029953377275976e-03         1.3114348239460101e-02         9.4877973117480207e-03         2.4020227947335140e-03        -6.3441387639123115e-01
                                                        40                          41                          42                          43                          44                          45                          46                          47

0                                     -2.4347774874910896e-02         1.6458468926804045e-03         2.0399294065880317e-02        -5.2799712636258619e-05         1.4091740960625225e-03         2.1169656660234411e-02        -5.9914399282131811e-02        -3.0473984807632637e-02
1                                      4.5269521436107983e-02        -3.1914665196169055e-03        -1.2717570851142803e-02         3.0983076120447281e-04         7.4711678534432346e-04         1.5432888955463650e-02        -4.4406456876067826e-02        -2.4611477184736521e-02
2                                     -1.1105159578642693e-02         7.5978446841156312e-04        -8.6261722166545873e-02         1.3833872610380326e-03         1.8386603992611239e-04         2.6712188606208267e-03        -7.3881142789491913e-03        -3.6946011080463033e-03
3                                      1.0453705591245701e-03         1.8282856280325433e-03         2.9613893287827256e-04        -2.2896561595196711e-03        -1.2169596483048217e-02        -2.5546318072075858e-02         2.9356519460436870e-02        -4.8068677046461603e-02
4                                     -1.0406502515550049e-03         6.3935698477033916e-04         1.2832950712580133e-05        -5.7356917026953546e-04        -4.2896148804535700e-03        -4.6375189694825691e-03         8.3538694684500512e-03        -1.3529810424859153e-02
5                                      4.3434874052393550e-04         4.0754055993555486e-04         1.9568535190487858e-04        -5.5721033484347027e-04        -2.5684431223062195e-03        -5.9691430796116581e-03         6.3889540784594166e-03        -1.0519857103479319e-02
6                                      8.8618474637831238e-04        -5.4333784438894079e-04         7.6471424214849196e-05         7.8579329613652081e-04         6.5625884128928183e-02        -4.2551302755108066e-02        -1.4957966062589052e-02         5.4294129876159983e-03
7                                     -5.0766339909899159e-04        -1.8150124716250670e-04        -5.9819036752795446e-05         2.0802918469546388e-04         1.4968594811021970e-02        -7.7659288090604767e-03        -2.8896497199442368e-03         1.3177527309637298e-03
8                                      3.2896276066405499e-04        -1.2878788276888097e-04        -2.5861638027548090e-04         3.5057053039463232e-04         1.5629613068139082e-02        -1.0462234676367024e-02        -3.6004427491560021e-03         1.1902891008235940e-03
9                                      4.4814299704377765e-05         1.2356730747189863e-03        -1.1025331984509328e-05        -1.1631504887101372e-03        -1.9741695988853749e-02        -2.1674324985040648e-02        -1.2744268361178111e-02         1.0473158185221144e-02
10                                     3.8637984271437849e-04         8.7957664763130283e-05        -6.1770185905383698e-05        -1.1345058616835839e-03        -3.9998080994276555e-02        -5.1577712970468641e-02        -3.0717476960957519e-02         2.5415837519881936e-02
11                                    -3.3342573099563940e-05         2.6575162680291496e-04        -6.7476367208249704e-05        -2.9357891424448352e-04        -6.1268492226083701e-05         1.0769560265780954e-03         7.0292324933480589e-04        -6.2023045097786078e-04
12                                    -3.7504693253313137e-03        -5.2541344834036913e-02        -2.4858451765871683e-04        -1.6460660923660352e-02         5.0331939946589440e-04         2.3389483931804244e-03         1.1639530645789387e-03         2.7679391558697938e-05
13                                     5.9661783312064042e-04         8.4628301963198573e-03         7.3600274114192607e-05         8.0754849078844293e-04         9.9628935227310898e-03         2.7714422545864880e-02        -8.8257262628595485e-05         5.1052439246615060e-02
14                                    -2.4918620833292332e-04        -3.8873743062665164e-03         1.3600803389308862e-03         8.7595678321178011e-02        -2.0171216049593103e-03        -1.3574510493422707e-03         9.3249103297669952e-04        -2.0301432620621210e-03
15                                     4.2733586530137724e-01        -3.0426007127824079e-02         4.0952091211899563e-02        -2.7224520688023078e-03        -1.2701172449791614e-02        -2.1163533383608812e-01         6.2199796987613098e-01         3.3318049297065266e-01
16                                     1.7361518033219167e-01        -1.2149136345040506e-02         1.4871408592698039e-02        -1.3211347490113756e-03        -6.1570595131877634e-03        -8.8100416031251405e-02         2.5413683094982947e-01         1.2996734793105993e-01
17                                     9.5931892620898893e-02        -6.8669304983079629e-03         1.9554756919875158e-03        -4.6966253865056450e-04        -2.7041432533730612e-03        -4.7259479340349096e-02         1.3946566601633353e-01         7.5500587199862301e-02
18                                     5.1649138565029756e-02        -3.4891234295938416e-03        -5.2165318762901203e-02         8.6757622579337152e-04         3.9569779813586429e-04         8.3514657077718418e-03        -2.3983468574424214e-02        -1.2388398246723714e-02
19                                    -4.1271819710861396e-01         2.9150706995562749e-02         4.5689618134146665e-01        -7.4983814030210975e-03        -3.3061876188135897e-03        -5.6450523651674737e-02         1.5707232257926390e-01         8.5296032870106342e-02
20                                    -4.5493449938996633e-01         3.2391063112745956e-02         4.8948139841304328e-01        -8.0781910679562884e-03        -3.9681956044112414e-03        -6.3929167043536780e-02         1.7658774663717031e-01         9.5911767041972837e-02
21                                    -2.0673218533966406e-01         1.4838935469132557e-02        -2.3325328940911791e-01         3.3443808846454520e-03        -2.4331588763394862e-03        -3.5068930948345886e-02         9.6958739524820758e-02         5.1629583153747390e-02
22                                    -2.7583431405124881e-01         1.9434387719221017e-02        -3.1861015595833386e-01         4.5325995994174853e-03        -2.9767598058745423e-03        -4.6736836882354700e-02         1.3113533043337550e-01         6.9297770722852522e-02
23                                     4.8300746811250000e-01        -3.4242698076038990e-02         5.3606624935293035e-01        -7.6020005127400824e-03         5.5882039043889794e-03         8.4117668397175119e-02        -2.3484826198685146e-01        -1.2372694419593550e-01
24                                    -1.3548732013843852e-03        -1.7898439495748621e-02        -3.2593921294123891e-03         2.4936430991370061e-02         1.2627356773929821e-01         2.9416986565270997e-01        -3.2606046091036178e-01         5.5313884207094077e-01
25                                    -5.8717922432276921e-03        -6.2912076474014823e-03        -7.8763315738933695e-04         7.1956870810520454e-03         2.7845684724407484e-02         8.2140664640282648e-02        -8.7871721433544409e-02         1.4225543851031250e-01
26                                     5.8089632330551931e-04        -3.4075511239799808e-03         1.0023312740337284e-03         5.2620749614919072e-03         2.8868212479911122e-02         6.4582326008296401e-02        -7.2419368334593462e-02         1.2319844475342311e-01
27                                    -1.0293931701453336e-03         1.3406007056782078e-02        -8.1917192157427091e-05        -1.0885840939586434e-02        -7.4824638436318625e-01         4.8215272874282422e-01         1.6051271825645094e-01        -4.5926478774867829e-02
28                                    -7.0032301143044945e-05         9.3749167857799136e-04         9.0503349903265105e-05        -1.6503912356453888e-03        -1.5657352671704788e-01         1.0315791368989488e-01         3.1523421117187742e-02        -6.1863618371305338e-03
29                                    -2.8983632168785774e-04         3.6555308520934532e-03         6.0043157752731927e-04        -1.6058584714898415e-03        -1.7983581744014807e-01         1.1542039211407930e-01         3.8935763436950391e-02        -1.1656518425319350e-02
30                                     3.9759522833922615e-04        -2.8256725086358642e-04        -7.5947500041995505e-05         2.6523129925761060e-04        -3.5638919265983940e-04         2.8380088360436321e-05         1.8061334591393542e-04        -3.1525993568807517e-04
31                                     2.8511107113709155e-04        -1.8427039526005087e-04         1.5567620336701703e-05         1.2407277339246742e-05         3.6758687086986173e-05         1.3178148804751091e-04         5.5524016250128145e-04        -7.4586496534519771e-04
32                                     8.6551042267952734e-04        -9.8523948413666040e-04        -4.1688659881261244e-04         3.1133031569158823e-04         9.1338467819855281e-05         5.8810473901915348e-04         1.1067118872321157e-03        -1.5263687929106225e-03
33                                    -9.6222189802640614e-04         4.3441798010375636e-03         1.8256937839483887e-04         4.8981814199610873e-03         2.0567416011416972e-01         2.5217195106721513e-01         1.5071724912557127e-01        -1.2909298674879779e-01
34                                    -4.6296285606839422e-03        -2.5959277681215495e-03         5.3007420812911329e-04         1.3507309879949159e-02         4.7099059943549426e-01         5.7748883996805600e-01         3.4332223863754296e-01        -2.8684089657917977e-01
35                                     4.0751121062008235e-04         2.1299735985648191e-03         1.0523784415340754e-04        -1.5955856669276880e-03        -7.0161854042155173e-03        -8.3859637141391729e-03        -5.1489544886028013e-03         4.4267012995022987e-03
36                                     7.5405407297098447e-03         1.0421694537607026e-01        -1.9467722213421942e-03        -1.2874064825535644e-01         1.1558491131287065e-02         2.6473786046235081e-02        -2.2031494169744946e-03         4.8945710415121642e-02
37                                    -2.2520853586701944e-02        -3.1826301994076617e-01         5.7713534968833686e-03         3.7948292048934579e-01        -3.7239706374931042e-02        -7.8595648290483419e-02         6.7576151229082797e-03        -1.4629945887791998e-01
38                                     3.1255174487695069e-02         4.4193402264620779e-01        -7.7518568893267638e-03        -5.1145898893618025e-01         5.2108665002185951e-02         1.1180988600670906e-01        -8.4329505827650392e-03         2.0538617025768222e-01
39                                     7.3194613715320198e-03         1.0790977544285059e-01        -9.3305593919863468e-04        -4.8769806677041651e-02        -1.3482464362856566e-02        -5.5762184763544102e-02         2.2535429764318471e-03        -1.1508374541465072e-01
40                                     2.9936392393508173e-02         4.2652489353960321e-01        -3.4000159112915831e-03        -1.8002176998981695e-01        -6.7344743741807808e-02        -2.3229444906985106e-01        -5.2706579521544098e-03        -4.3099963172190958e-01
41                                     6.6931052966003350e-03         9.7455080758109658e-02        -6.1970653763961439e-04        -3.3268844458685776e-02        -1.4868714180588438e-02        -5.2373688355269225e-02         4.5721672907160645e-04        -1.0010982717919871e-01
42                                     2.7502173180215552e-02         3.8341612342571368e-01         6.0418127194806449e-03         3.8556426717520015e-01         8.5092607363261158e-03         2.8934638374119030e-02         2.6832441005840787e-04         6.1660634744792178e-02
43                                    -1.4659256628289322e-02        -2.0620932837731482e-01        -3.2978521462614361e-03        -2.0952723562453168e-01        -3.5219535302950284e-03        -1.2288770119744580e-02         3.4787425240911788e-04        -2.8772288380401363e-02
44                                    -3.5736759290267275e-02        -5.0244626273530424e-01        -7.7683716122575186e-03        -4.9535872979231577e-01        -1.1223187645408354e-02        -3.6791691111749063e-02         8.0924318083305683e-04        -8.2531744874853721e-02
45                                    -3.3024367095264574e-05         4.6143183614694381e-05         7.7336871694163329e-07        -3.7842796623447297e-05         3.9103074772311472e-05        -2.6947353908673954e-05        -3.4634563274328839e-05         2.3880544190028538e-05
46                                    -4.9579228645360900e-06         1.0718243628433975e-05        -1.6884436849950182e-05        -1.1894409325937872e-05        -6.2133317400804527e-06        -8.6274093890090250e-06        -3.9227253284736286e-05         5.2340601492473962e-05
47                                    -5.8852923969610110e-05         5.6821776652353442e-05         3.4917363927251505e-05        -1.3411277129998233e-05        -1.5519495750883194e-05        -3.2172874752130340e-05        -7.1235978486974420e-05         9.8932947300238083e-05
48                                     1.1782047321649966e-04        -3.4892068701250484e-04         1.0911741744082626e-04         3.9160849389407548e-04        -3.3300694562917664e-04         1.8374951283930797e-04         2.4691972111821707e-04        -5.8307752312781193e-05
49                                    -1.3468271735712263e-04         1.5970113958242794e-04         1.4590218309664386e-04         3.6507653623591084e-05         8.5382709348537391e-05        -6.6252926697608571e-05         8.2528806238889178e-06        -1.9668300818403799e-04
50                                    -2.4973094987416943e-04         2.6034105206607485e-04         5.7176374456671082e-06        -2.0782821216684197e-04         1.4803066278828501e-04         3.6124237981568827e-05        -6.1845725765303150e-05         3.3021866191492518e-04
                                                        48                          49                          50

0                                      1.3983117418468392e-02         2.1843689735247216e-05         1.3453363466652514e-05
1                                      1.1999961365834215e-02         6.4102692128581394e-05         6.9415140011656320e-05
2                                      1.7536627911170629e-03         2.0143174993270386e-05        -8.2396611901298278e-07
3                                      4.7025419558504568e-02         9.2408448618091799e-05         1.2653087842069436e-04
4                                      1.2471783296733825e-02        -8.4029373870214862e-05        -8.5772153526390282e-05
5                                      1.0351568759344025e-02         1.7375091248082673e-04         1.2075956977247405e-04
6                                      4.4770624629377510e-03         6.4799178760419228e-05         2.1457406380908259e-05
7                                      2.0825427541106069e-04         6.4691067883858224e-05         5.1972753365313665e-05
8                                      1.1459184718028096e-03         2.3307885719789961e-04         1.0803012165164535e-04
9                                      2.6883488401960175e-03        -1.4762267363319770e-04        -1.2177578532931364e-04
10                                     6.0289232160495500e-03         5.0289210117393020e-05         3.1059398996887235e-05
11                                    -9.6599618550621152e-05         1.1054675238799493e-04         6.2656353007576720e-05
12                                     1.6089714244941437e-03        -2.8458854911286089e-05         3.5450073165999824e-05
13                                     6.8170066831816173e-02         1.7412794121115426e-05         2.7481437651330185e-05
14                                     2.3636323934577273e-04         6.2170627218247944e-05         7.3337265304531117e-05
15                                    -1.6095787818033011e-01         1.3607844971304556e-04         2.7176233702408100e-04
16                                    -6.0521110572720020e-02         2.3348357457453036e-05         9.9993902389680533e-05
17                                    -3.6746035834074084e-02         8.4359309208022491e-05         9.1596396932626682e-05
18                                     5.6878117148951371e-03        -1.2223784381048291e-04        -8.1458725783444187e-05
19                                    -4.0432641876875425e-02        -3.8818227224497449e-04        -4.2363225841350122e-04
20                                    -4.5350457638181497e-02        -6.8094956865315107e-04        -6.0250909148192153e-04
21                                    -2.3677725050149971e-02        -2.3985733652926751e-04        -3.5757349771965886e-04
22                                    -3.1916062262556118e-02         2.3343687874496699e-05        -2.3290410933768596e-05
23                                     5.6637698881832621e-02         1.7887246983581053e-04         2.8812258439203122e-04
24                                    -5.4608532269301846e-01        -1.3426999443091718e-03        -1.7588784196607026e-03
25                                    -1.3888222174362572e-01        -2.0100132118869871e-04        -3.6586461056901508e-04
26                                    -1.2270941797186900e-01        -5.2600912330144503e-04        -4.1896778959569077e-04
27                                    -5.8522931243805698e-02         2.1629379505224428e-04         6.9028802434336473e-04
28                                    -1.6038694823424918e-02         1.3520633386492199e-05         7.0225914019390027e-05
29                                    -1.3263744853013031e-02         7.3834163370795162e-05         1.6870553152004519e-04
30                                     1.5722266313482496e-04        -1.6915141356078467e-01        -1.0887113308426929e-01
31                                    -5.4421345036379763e-05        -1.8622771439931102e-01        -1.8212203411468877e-01
32                                     1.7624488002337510e-03        -6.5467206484588814e-01        -6.3366169747112755e-01
33                                    -3.7537594583756030e-02         5.9149608022867879e-04         6.7121777759899550e-04
34                                    -7.5495088030941640e-02         7.9164466946824396e-04         8.0406554545929857e-04
35                                     1.1626390107804063e-03        -7.5818191546136237e-05         2.5920525004825406e-05
36                                     5.8791463914603014e-02         3.3799595426630791e-04        -9.6186144714602908e-05
37                                    -1.7496236923889893e-01         3.8247676196997404e-05         1.6921595024541882e-04
38                                     2.4776753276614893e-01        -3.2788414794319114e-04        -6.5785762888814900e-04
39                                    -1.5431966229882679e-01         1.9369231824134398e-04        -5.5164237599551042e-04
40                                    -6.0041780032806058e-01        -3.5940851112698045e-04        -8.3827909713097561e-04
41                                    -1.3487941701812506e-01        -2.6592730233943534e-04        -6.0595288119617851e-04
42                                     8.5306929546809893e-02         1.1503475229154660e-04         2.1925476540900300e-04
43                                    -3.9168617152727299e-02         2.3856647619584969e-04         1.2803073935135903e-04
44                                    -1.1218282643065820e-01         4.9336749618605923e-04         3.5422359434901973e-04
45                                    -4.2938901001236999e-05        -3.1610471437060368e-02         4.9939885713374529e-02
46                                     2.6771210693359940e-05         1.0761463284360600e-02         1.1393743421583552e-02
47                                    -1.3699578714276007e-04         3.3266754602154301e-02         4.4312880740808698e-02
48                                     3.2864941000498166e-04         6.7095238558070336e-01        -6.8367776279595038e-01
49                                    -7.4574376488028432e-04         1.3901320617033764e-02         5.3786244598286485e-04
50                                     4.1421107235650707e-04         1.2056178386331953e-01        -7.2653503063942068e-02
$End
$Calculation_Timings
   &GeometryIndex 1
   &GTOINT [&Type "Double"]       2.8205600000000000e+00
   &SCF [&Type "Double"]       5.1514229999999994e+00
   &PROPINT [&Type "Double"]       2.5752259999999989e+00
   &RESPONSE [&Type "Double"]       3.3326729999999998e+00
   &PROP [&Type "Double"]       3.9727069999999998e+00
   &SUM [&Type "Double"]       1.7852588999999998e+01
$End
