*************************************************
******************* ORCA 6.1.1 ******************
*************************************************
$Calculation_Status
   &GeometryIndex 1
   &version [&Type "String"] "6.1.1"
   &progName [&Type "String"] "LeanSCF"
   &Status [&Type "String"] "NORMAL TERMINATION"
$End
$Geometry
   &GeometryIndex 1
   &NAtoms [&Type "Integer"] 17
   &NCorelessECP [&Type "Integer"] 0
   &NGhostAtoms [&Type "Integer"] 0
   &CartesianCoordinates [&Type "Coordinates", &Dim(17,4), &Units "Bohr"] 
              C      4.429759016891   -7.464493043247    3.602392752560
              C      2.825495800931   -5.510883318971    2.218448813718
              C      3.801876759702   -3.369192554093    1.183159743428
              C      2.324243203805   -1.455634932719   -0.239188702791
              C     -0.573208228250   -1.526836260760    0.053600891261
              H      6.395672181107   -6.890089808881    3.636053726088
              H      4.301700345925   -9.295197965539    2.677717384224
              H      3.783564368602   -7.699460551389    5.538512966980
              H      0.826207333087   -5.894251511739    2.095598813793
              H      5.811186237365   -3.031984153578    1.326982245240
              H      2.780631113587   -1.884850262551   -2.659637864075
              H      3.097472442673    0.437144091566   -0.077431528337
              H     -1.449811798329   -0.066730519467   -1.087268708810
              H     -1.325365962478   -3.342738636992   -0.523211271493
              H     -1.101161181662   -1.216425310659    2.012360572786
              O      2.798631964437   -2.217715203136   -4.940645154388
              H      0.977874069184   -2.554261046772   -5.222059712053
$End
$SCF_Mulliken_Population_Analysis
   &GeometryIndex 1
   &NAtoms [&Type "Integer"] 17
   &ATNO [&Type "ArrayOfIntegers", &Dim (17,1)] 
                                                         0

0                                                        6
1                                                        6
2                                                        6
3                                                        6
4                                                        6
5                                                        1
6                                                        1
7                                                        1
8                                                        1
9                                                        1
10                                                       1
11                                                       1
12                                                       1
13                                                       1
14                                                       1
15                                                       8
16                                                       1
   &AtomicCharges [&Type "ArrayOfDoubles", &Dim (17,1)] 
                                                         0

0                                     -3.8038384929279623e-01
1                                     -1.2438819083333819e-01
2                                     -1.4023021385350276e-01
3                                     -1.9711764207664295e-01
4                                     -3.7748223664371139e-01
5                                      1.3099575240709060e-01
6                                      1.3290875882940667e-01
7                                      1.3166450758645643e-01
8                                      1.2337022011586996e-01
9                                      1.2955914950168157e-01
10                                     2.1167416824380414e-01
11                                     1.3498996275373454e-01
12                                     1.2710588250433164e-01
13                                     1.2498548050452452e-01
14                                     1.3413878595530215e-01
15                                    -4.3423988965809279e-01
16                                     2.7244935395587566e-01
   &Method [&Type "String"] "SCF"
   &Level [&Type "String"] "Relaxed density"
   &Mult [&Type "Integer"] 2
   &State [&Type "Integer"] -1
   &Irrep [&Type "Integer"] 0
$End
$SCF_Loewdin_Population_Analysis
   &GeometryIndex 1
   &NAtoms [&Type "Integer"] 17
   &ATNO [&Type "ArrayOfIntegers", &Dim (17,1)] 
                                                         0

0                                                        6
1                                                        6
2                                                        6
3                                                        6
4                                                        6
5                                                        1
6                                                        1
7                                                        1
8                                                        1
9                                                        1
10                                                       1
11                                                       1
12                                                       1
13                                                       1
14                                                       1
15                                                       8
16                                                       1
   &AtomicCharges [&Type "ArrayOfDoubles", &Dim (17,1)] 
                                                         0

0                                     -2.4410832180655806e-01
1                                     -7.6611943788949866e-02
2                                     -9.3900272785582217e-02
3                                     -1.1777162756228776e-01
4                                     -2.4319811839184258e-01
5                                      8.4973963023783461e-02
6                                      8.7484400666041906e-02
7                                      8.6420889020334402e-02
8                                      7.5298587802316463e-02
9                                      7.9963701440524226e-02
10                                     1.6546025249473606e-01
11                                     8.4726978566630917e-02
12                                     8.1782974855792223e-02
13                                     8.0311735383982175e-02
14                                     8.7454601361750317e-02
15                                    -3.3958464524574161e-01
16                                     2.0129684496509981e-01
   &Method [&Type "String"] "SCF"
   &Level [&Type "String"] "Relaxed density"
   &Mult [&Type "Integer"] 2
   &State [&Type "Integer"] -1
   &Irrep [&Type "Integer"] 0
$End
$SCF_Mayer_Population_Analysis
   &GeometryIndex 1
   &NAtoms [&Type "Integer"] 17 "Total number of atoms"
   &NBondOrdersPrint [&Type "Integer"] 17 "The number of bond orders larger than threshold"
   &bondThresh [&Type "Double"]       1.0000000000000001e-01  "The threshold for printing"
   &components [&Type "ArrayOfIntegers", &Dim (17,4)] "The indices and atomic numbers of the bonding atoms"
                                                         0                           1                           2                           3

0                                                        0                           6                           1                           6
1                                                        0                           6                           5                           1
2                                                        0                           6                           6                           1
3                                                        0                           6                           7                           1
4                                                        1                           6                           2                           6
5                                                        1                           6                           8                           1
6                                                        2                           6                           3                           6
7                                                        2                           6                           9                           1
8                                                        3                           6                           4                           6
9                                                        3                           6                          10                           1
10                                                       3                           6                          11                           1
11                                                       3                           6                          15                           8
12                                                       4                           6                          12                           1
13                                                       4                           6                          13                           1
14                                                       4                           6                          14                           1
15                                                      10                           1                          15                           8
16                                                      15                           8                          16                           1
   &BondOrders [&Type "ArrayOfDoubles", &Dim (17,1)] "The bond orders"
                                                         0

0                                      1.0219130168137562e+00
1                                      9.7450779257518405e-01
2                                      9.6589989149781086e-01
3                                      9.6668334715323534e-01
4                                      1.5870119039496979e+00
5                                      9.6109225844008173e-01
6                                      1.0863998263110004e+00
7                                      9.5971173145727950e-01
8                                      1.0133712049578956e+00
9                                      4.5431387936608575e-01
10                                     9.5441840204291417e-01
11                                     1.3575015625320067e-01
12                                     9.7464586845656742e-01
13                                     9.7353123432633848e-01
14                                     9.6753672243540900e-01
15                                     4.1899725576225622e-01
16                                     9.2211991961435025e-01
   &ATNO [&Type "ArrayOfIntegers", &Dim (17,1)] "Atomic number of the elements"
                                                         0

0                                                        6
1                                                        6
2                                                        6
3                                                        6
4                                                        6
5                                                        1
6                                                        1
7                                                        1
8                                                        1
9                                                        1
10                                                       1
11                                                       1
12                                                       1
13                                                       1
14                                                       1
15                                                       8
16                                                       1
   &NA [&Type "ArrayOfDoubles", &Dim (17,1)] "Mulliken gross atomic population"
                                                         0

0                                      6.3803838492927945e+00
1                                      6.1243881908333373e+00
2                                      6.1402302138535010e+00
3                                      6.1971176420766438e+00
4                                      6.3774822366437096e+00
5                                      8.6900424759290928e-01
6                                      8.6709124117059333e-01
7                                      8.6833549241354357e-01
8                                      8.7662977988413049e-01
9                                      8.7044085049831865e-01
10                                     7.8832583175619575e-01
11                                     8.6501003724626546e-01
12                                     8.7289411749566825e-01
13                                     8.7501451949547560e-01
14                                     8.6586121404469796e-01
15                                     8.4342398896580910e+00
16                                     7.2755064604412434e-01
   &ZA [&Type "ArrayOfDoubles", &Dim (17,1)] "Total nuclear charge"
                                                         0

0                                      6.0000000000000000e+00
1                                      6.0000000000000000e+00
2                                      6.0000000000000000e+00
3                                      6.0000000000000000e+00
4                                      6.0000000000000000e+00
5                                      1.0000000000000000e+00
6                                      1.0000000000000000e+00
7                                      1.0000000000000000e+00
8                                      1.0000000000000000e+00
9                                      1.0000000000000000e+00
10                                     1.0000000000000000e+00
11                                     1.0000000000000000e+00
12                                     1.0000000000000000e+00
13                                     1.0000000000000000e+00
14                                     1.0000000000000000e+00
15                                     8.0000000000000000e+00
16                                     1.0000000000000000e+00
   &QA [&Type "ArrayOfDoubles", &Dim (17,1)] "Mulliken gross atomic charge"
                                                         0

0                                     -3.8038384929279445e-01
1                                     -1.2438819083333730e-01
2                                     -1.4023021385350098e-01
3                                     -1.9711764207664384e-01
4                                     -3.7748223664370961e-01
5                                      1.3099575240709072e-01
6                                      1.3290875882940667e-01
7                                      1.3166450758645643e-01
8                                      1.2337022011586951e-01
9                                      1.2955914950168135e-01
10                                     2.1167416824380425e-01
11                                     1.3498996275373454e-01
12                                     1.2710588250433175e-01
13                                     1.2498548050452440e-01
14                                     1.3413878595530204e-01
15                                    -4.3423988965809102e-01
16                                     2.7244935395587566e-01
   &VA [&Type "ArrayOfDoubles", &Dim (17,1)] "Mayer's total valence"
                                                         0

0                                      3.9468832975524837e+00
1                                      3.9799209083925233e+00
2                                      3.9793761249081911e+00
3                                      3.9642578729319200e+00
4                                      3.9476371437677762e+00
5                                      9.8284011285130024e-01
6                                      9.8233526182642661e-01
7                                      9.8266445744201592e-01
8                                      9.8477978878856187e-01
9                                      9.8321442678040094e-01
10                                     9.5519404649829365e-01
11                                     9.8177770995574531e-01
12                                     9.8384409463279499e-01
13                                     9.8437862966305312e-01
14                                     9.8200678610243763e-01
15                                     1.9307257847917807e+00
16                                     9.2577134952902596e-01
   &BVA [&Type "ArrayOfDoubles", &Dim (17,1)] "Mayer's bonded valence"
                                                         0

0                                      3.9434833761465167e+00
1                                      3.6222760666577929e+00
2                                      3.6888670715370244e+00
3                                      3.6750535046508133e+00
4                                      3.9453456382338228e+00
5                                      9.8281432458742768e-01
6                                      9.8168500238743195e-01
7                                      9.8209831908255585e-01
8                                      9.8229297225477086e-01
9                                      9.8116305052638941e-01
10                                     8.9143371697685636e-01
11                                     9.7937323530751397e-01
12                                     9.8380514420903276e-01
13                                     9.8430045071968242e-01
14                                     9.8149922658671351e-01
15                                     1.5248791103762454e+00
16                                     9.2420443361283988e-01
   &FA [&Type "ArrayOfDoubles", &Dim (17,1)] "Mayer's free valence"
                                                         0

0                                      3.3999214059670102e-03
1                                      3.5764484173473043e-01
2                                      2.9050905337116673e-01
3                                      2.8920436828110674e-01
4                                      2.2915055339534085e-03
5                                      2.5788263872511035e-05
6                                      6.5025943899466173e-04
7                                      5.6613835946009038e-04
8                                      2.4868165337909773e-03
9                                      2.0513762540115741e-03
10                                     6.3760329521437301e-02
11                                     2.4044746482313551e-03
12                                     3.8950423762253964e-05
13                                     7.8178943370690168e-05
14                                     5.0755951572413395e-04
15                                     4.0584667441553535e-01
16                                     1.5669159161860735e-03
   &Method [&Type "String"] "SCF"
   &Level [&Type "String"] "Relaxed density"
   &Mult [&Type "Integer"] 2
   &State [&Type "Integer"] -1
   &Irrep [&Type "Integer"] 0
$End
$SCF_Energy
   &GeometryIndex 1
   &Method [&Type "String"] "SCF"
   &totalEnergy [&Type "ArrayOfDoubles", &Dim (1,1)] "Total energy of each state"
                                                         0

0                                     -2.6869938527993202e+02
   &Mult [&Type "ArrayOfIntegers", &Dim (1,1)] "Multiplicity of each state"
                                                         0

0                                                        2
$End
$SCF_Timings
   &GeometryIndex 1
   &TOTAL [&Type "Double"]       6.3821599999999989e-01
   &PREP [&Type "Double"]       9.4007399999999997e-01
   &FOCK [&Type "Double"]       2.3451300000000042e-01
   &DENS [&Type "Double"]       6.4673000000000203e-02
   &ETOT [&Type "Double"]       3.5415999999999670e-02
   &POP [&Type "Double"]       1.5476999999999963e-02
   &TRAFO [&Type "Double"]       1.6936999999999980e-02
   &DIIS [&Type "Double"]       1.3278800000000002e-01
   &SOSCF [&Type "Double"]       9.0265999999999735e-02
   &J [&Type "Double"]       1.6226499999999999e-01
   &FOCKSTART [&Type "Double"]       3.5639000000000198e-02
$End
$VdW_Correction
   &GeometryIndex 1
   &vdW [&Type "Double"]      -5.7269678869419249e-02
$End
$gCP_Energy
   &GeometryIndex 1
   &gCP_Energy [&Type "Double"]       6.7069295000000001e-03
$End
$Single_Point_Data
   &GeometryIndex 1
   &FinalEnergy [&Type "Double"]      -2.6874994802930144e+02  "Final single point energy"
   &Converged [&Type "Boolean"] true
$End
$SCF_Nuc_Gradient
   &GeometryIndex 1
   &NAtoms [&Type "Integer"] 17
   &gradNorm [&Type "Double"]       7.6550005868550916e-04
   &grad [&Type "ArrayOfDoubles", &Dim (51,1)] 
                                                         0

0                                      1.5504967960639979e-05
1                                     -3.4315828321163002e-05
2                                      2.2252871218508309e-06
3                                     -1.0398338681699010e-05
4                                      8.4217501342489370e-05
5                                     -4.7173375669443650e-05
6                                      6.0900544829583375e-05
7                                     -1.3897778476401786e-04
8                                      1.2794482634578266e-04
9                                      4.9810068120553075e-05
10                                     1.0983911623971970e-04
11                                    -3.9509621542395575e-04
12                                    -1.8837755320535565e-05
13                                    -1.2786102149115375e-05
14                                     6.4334300054059870e-05
15                                    -4.1587690410883893e-06
16                                     1.1874939419955063e-05
17                                    -2.9539517869184957e-06
18                                     7.5325798205870867e-06
19                                     1.4872078230379615e-06
20                                     8.0266956396487024e-07
21                                    -2.6380670871706821e-06
22                                     5.6559135633480980e-07
23                                    -2.8611371553684956e-06
24                                    -3.5494946347587597e-08
25                                     5.0002385183414027e-06
26                                     4.5656995624071290e-06
27                                    -9.2694028152612989e-06
28                                     4.2336061924381878e-05
29                                     9.3316891965369809e-06
30                                    -1.7036750063681373e-04
31                                    -1.1115106660721452e-04
32                                     4.6618811628868113e-04
33                                    -8.3603941123583164e-06
34                                    -1.9375454142793111e-07
35                                     4.3887648567068420e-05
36                                     5.5260348280339582e-06
37                                    -1.7195957669612245e-06
38                                    -4.0059369649282379e-06
39                                     8.9815713280472914e-06
40                                    -1.9389140986877419e-06
41                                    -1.6546364006847763e-06
42                                    -7.6461588730588476e-07
43                                    -3.8958537023122547e-06
44                                    -2.0311218661473764e-06
45                                     1.3542966553385660e-04
46                                    -3.5948911840801706e-05
47                                    -2.5860564114486872e-04
48                                    -5.8855097882115626e-05
49                                     8.5607158927319786e-05
50                                    -4.8982203595057412e-06
   &Method [&Type "String"] "SCF"
   &Level [&Type "String"] "Relaxed density"
   &Mult [&Type "Integer"] 2
   &State [&Type "Integer"] 0
   &Irrep [&Type "Integer"] 0
$End
$Calculation_Info
   &GeometryIndex 1
   &Mult [&Type "Integer"] 2
   &Charge [&Type "Integer"] 0
   &NumOfAtoms [&Type "Integer"] 17
   &NumOfElectrons [&Type "Integer"] 49
   &NumOfBasisFuncts [&Type "Integer"] 41
   &NumOfAuxCBasisFuncts [&Type "Integer"] 0
   &NumOfAuxJBasisFuncts [&Type "Integer"] 0
   &NumOfAuxJKBasisFuncts [&Type "Integer"] 0
   &NumOfCABSBasisFuncts [&Type "Integer"] 0
$End
$SCF_Dipole_Moment
   &GeometryIndex 1
   &dipoleMagnitude [&Type "Double", &Units "a.u."]       7.9544774797221984e-01
   &dipoleElecContrib [&Type "ArrayOfDoubles", &Dim (3,1)] "Electronic contribution"
                                                         0

0                                      1.3572313904316569e+00
1                                      1.0749224450429196e+00
2                                     -2.6726216084856853e+00
   &dipoleNucContrib [&Type "ArrayOfDoubles", &Dim (3,1)] "Nuclear contribution"
                                                         0

0                                     -2.0035681415122473e+00
1                                     -1.1733744373213506e+00
2                                      3.1257144567773691e+00
   &dipoleTotal [&Type "ArrayOfDoubles", &Dim (3,1)] "Total"
                                                         0

0                                     -6.4633675108059041e-01
1                                     -9.8451992278431044e-02
2                                      4.5309284829168384e-01
   &doAtomicDipole [&Type "Boolean"] false
   &Method [&Type "String"] "SCF"
   &Level [&Type "String"] "Relaxed density"
   &Mult [&Type "Integer"] 2
   &State [&Type "Integer"] -1
   &Irrep [&Type "Integer"] 0
$End
$THERMOCHEMISTRY_Energies
   &GeometryIndex 1
   &temperature [&Type "Double"]       2.9814999999999998e+02
   &pressure [&Type "Double"]       1.0000000000000000e+00
   &totalMass [&Type "Double"]       8.7141999999999982e+01
   &spinDegeneracy [&Type "Integer"] 2
   &elEnergy [&Type "Double"]      -2.6874994802930104e+02
   &transEnergy [&Type "Double"]       1.4162714244859817e-03
   &rotEnergy [&Type "Double"]       1.4162714244859817e-03
   &vibEnergy [&Type "Double"]       5.9233587421380568e-03
   &numOfFreqs [&Type "Integer"] 51
   &freqScalingFactor [&Type "Double"]       1.0000000000000000e+00
   &FREQ [&Type "ArrayOfDoubles", &Units "cm^-1", &Dim (51,1)] 
                                                         0

0                                      0.0000000000000000e+00
1                                      0.0000000000000000e+00
2                                      0.0000000000000000e+00
3                                      0.0000000000000000e+00
4                                      0.0000000000000000e+00
5                                      0.0000000000000000e+00
6                                     -3.4427612206891704e+03
7                                      6.9737120810508074e+01
8                                      1.0537541883790333e+02
9                                      1.1113584361790899e+02
10                                     1.6154720114750819e+02
11                                     1.8563154944681534e+02
12                                     1.9574065528688959e+02
13                                     2.4756404251894412e+02
14                                     3.2129105359123201e+02
15                                     3.9302137927193019e+02
16                                     5.4520079771708811e+02
17                                     6.5252707352481400e+02
18                                     7.9718135273300345e+02
19                                     8.5404939321733730e+02
20                                     9.5898708087928867e+02
21                                     1.0160613093578428e+03
22                                     1.0611239636391385e+03
23                                     1.0911239283731709e+03
24                                     1.1887261700606077e+03
25                                     1.1998228139970215e+03
26                                     1.2265585065254509e+03
27                                     1.2665144783704350e+03
28                                     1.3104948148743038e+03
29                                     1.3727887272484700e+03
30                                     1.4083734291866651e+03
31                                     1.4854703827476756e+03
32                                     1.5585265626018981e+03
33                                     1.6465351641497887e+03
34                                     1.6485474957440483e+03
35                                     1.6783768547071782e+03
36                                     1.7256774840773576e+03
37                                     1.7307112058617931e+03
38                                     1.7418373112192603e+03
39                                     1.7437976876902815e+03
40                                     1.7513648054000539e+03
41                                     3.5345879320091917e+03
42                                     3.5463719749647603e+03
43                                     3.6223693951352739e+03
44                                     3.6603077474973084e+03
45                                     3.6735103347027634e+03
46                                     3.6780912797555229e+03
47                                     3.6875818450022625e+03
48                                     3.6989564516339465e+03
49                                     3.7089641933334833e+03
50                                     4.0594906550991650e+03
   &zpe [&Type "Double"]       1.6248268540433441e-01
   &innerEnergyU [&Type "Double"]      -2.6857870944230558e+02
   &enthalpyH [&Type "Double"]      -2.6857776523326334e+02
   &qEl [&Type "Double"]       6.5445636319338377e-04
   &qRot [&Type "Double"]       1.3246831096901758e-02
   &qVib [&Type "Double"]       1.0676706215381826e-02
   &qTrans [&Type "Double"]       1.8676318964067788e-02
   &entropyS [&Type "Double"]       4.3254312639544754e-02
   &freeEnergyG [&Type "Double"]      -2.6862101954590287e+02
   &isLinear [&Type "Boolean"] false
$End
$Hessian
   &GeometryIndex 1
   &HESSIAN [&Type "ArrayOfDoubles", &Dim (51,51)] "The Hessian"
                                                         0                           1                           2                           3                           4                           5                           6                           7

0                                      7.8129514468000005e-01         6.8184926379000005e-02        -3.6869192513999997e-02        -1.7898452701000001e-01         6.8254645426999994e-02        -5.5321029305999997e-02         1.0935654239000000e-02        -1.1058419981000000e-02
1                                      6.8184926379000005e-02         7.2520633697000003e-01         2.9789020294000001e-02         5.8308206105000003e-02        -1.8743529073000001e-01         6.9974071846999997e-02         2.3664900147000002e-02        -1.9170399091999999e-02
2                                     -3.6869192513999997e-02         2.9789020294000001e-02         7.4351814464999999e-01        -4.9282744785999998e-02         7.1190627864000003e-02        -1.3209188646000000e-01        -1.3187985502000000e-02         1.2830063347000001e-02
3                                     -1.7898452701000001e-01         5.8308206105000003e-02        -4.9282744785999998e-02         8.1148381860999996e-01         8.3558658383000001e-02         6.4507557516000000e-02        -1.9310368265000000e-01        -7.4002319149000004e-02
4                                      6.8254645426999994e-02        -1.8743529073000001e-01         7.1190627864000003e-02         8.3558658383000001e-02         6.0121476518000005e-01        -2.4150033165000001e-01        -1.0650518268000000e-01        -2.6531683028000003e-01
5                                     -5.5321029305999997e-02         6.9974071846999997e-02        -1.3209188646000000e-01         6.4507557516000000e-02        -2.4150033165000001e-01         3.0491696316000000e-01         3.6860630642999999e-02         1.0940837168000001e-01
6                                      1.0935654239000000e-02         2.3664900147000002e-02        -1.3187985502000000e-02        -1.9310368265000000e-01        -1.0650518268000000e-01         3.6860630642999999e-02         8.3638267505999997e-01         9.0854846222999996e-02
7                                     -1.1058419981000000e-02        -1.9170399091999999e-02         1.2830063347000001e-02        -7.4002319149000004e-02        -2.6531683028000003e-01         1.0940837168000001e-01         9.0854846222999996e-02         5.4589706383000003e-01
8                                      7.0765744024999999e-03         1.9720630089000001e-02        -2.2295233225999998e-03         1.8434472763000000e-02         1.0432758914000000e-01        -1.1471395598000000e-01         6.3965457697999994e-02        -2.1220237585000001e-01
9                                     -2.1660006603999998e-03        -3.2694940412999998e-03         8.6016179909000003e-04         1.9218748744000001e-02         4.1748991821000002e-03         1.9031119912000000e-03        -1.8374222014000000e-01         5.3007825288000000e-02
10                                    -4.0059927961999999e-03         2.2136825893000001e-03         5.2854902279000004e-03         1.5375905824000001e-02        -4.1837625089999997e-02         3.0129131411000001e-02         6.4298419841000001e-02        -1.8150715036000001e-01
11                                    -1.1623960542000000e-03         2.4729600895999999e-03         9.2415426181000002e-03         1.3811577662000000e-02         6.3853016774000002e-02        -2.4675394866999999e-02        -5.2749453238000003e-02        -1.4495456176000000e-03
12                                    -1.9847756538000000e-04        -6.6538568269000002e-04         5.1131932586999997e-05         1.2356316838000000e-03        -4.6341323229000001e-03         1.9138388629000001e-03        -2.2349872616999999e-02         1.5541174978000000e-03
13                                     2.3753668050999999e-04         4.0824801254999999e-04         9.6257728226000006e-05        -3.1039842065000000e-04         1.1437632646000000e-03        -1.4327265601999999e-03         3.1886289551999999e-02         5.4663825088999999e-03
14                                    -2.4364980059000000e-04        -2.1037602470999999e-04        -1.9225582393000000e-04        -1.8544859626000000e-03        -4.4223493202000001e-03         8.7231406519000000e-04        -2.6123923513999999e-02         5.5253657051999999e-03
15                                    -4.2156462613000001e-01        -1.0292320290000000e-01        -5.0316878341999998e-03        -1.8501099439000000e-02        -5.1567833727999999e-03        -4.1086500826999998e-04         3.2586329547000001e-03        -3.1161676526000001e-03
16                                    -1.0977521031000000e-01        -1.0000507793000001e-01        -4.0236349110000002e-03         3.3512973707000002e-02         7.8825189166000006e-03         1.7263041710000001e-03         6.6210690679999998e-04         2.5445621154000001e-03
17                                    -2.2955544945000000e-03        -3.1025915602000001e-03        -7.1054586569999995e-02        -2.2044891261999999e-02        -5.2952888444000000e-03        -7.1462457459000000e-04         3.1447650515999999e-04        -2.1636158745000000e-03
18                                    -7.2296004420000004e-02        -2.2275993369000002e-02        -8.2748024006000006e-03         3.3843807956000001e-03         2.3537788085999999e-02         8.8114212857999998e-03        -2.0449429520000002e-03        -1.6557573880999999e-04
19                                    -2.4041659831000001e-02        -3.6136766941999998e-01        -1.5438894940000000e-01        -1.2266815312000001e-03        -2.3207463885000001e-02        -6.6757300779000002e-03         1.5770423234000000e-03         5.2368186236000005e-04
20                                    -9.9757789308000007e-03        -1.5068991792000000e-01        -1.4155116978999999e-01         1.8523990890000001e-03         2.4672242316000001e-02         1.0196427232000000e-02        -2.7061198176000002e-03         7.0896229214999999e-04
21                                    -1.0797657384999999e-01        -1.6487328257999999e-02         1.1127075991000000e-01         1.0057411089000001e-02         5.7648853511999996e-03        -2.5356517940000000e-02        -2.6006609802000000e-03         2.0948391406000000e-04
22                                    -1.6283171801000001e-02        -6.8876627339999996e-02         3.9110893567000003e-02        -9.1111907151000000e-03        -7.1399185670000002e-03         2.9276274171999999e-02         2.9891883088000002e-03        -3.7102949571999998e-04
23                                     1.1198486724999999e-01         3.6889420749999999e-02        -3.9955340511999998e-01         3.9372839304999997e-03         4.7531559665999999e-03        -1.2264886504000001e-02        -3.3933455130000001e-04        -1.3789561145000000e-03
24                                    -9.7367525585999991e-03        -5.8287129991000004e-03         1.0747011123000000e-03        -4.5264344992000000e-01        -7.6228597364000006e-02        -2.7253012020000002e-02        -4.2011300562000004e-03        -1.7793788138999999e-04
25                                     2.8336794206000000e-02         6.7449845384999997e-03         2.7901772911999999e-03        -7.2266531356999994e-02        -7.8422941681000002e-02         7.6889204148000000e-03        -3.3935496654000002e-02        -8.7460511960000002e-04
26                                    -1.8240387768000001e-02        -3.1515846000999999e-03         1.5010378817000001e-03        -2.7657217147000000e-02         7.6546959999999999e-03        -5.1585251732000001e-02         1.7329235488000000e-02         3.2857745250000001e-03
27                                     2.0488937165999998e-03         2.6927604650000001e-03        -1.6131271912999998e-05        -4.5848486831000001e-03         7.3018665228000005e-04        -1.9332644964000000e-03        -4.5269019181999998e-01        -6.6487448113000003e-02
28                                    -1.3959581293999999e-04         6.4495835614000003e-04        -4.9001619281999996e-03        -3.4128117653000001e-02        -1.8788169831000000e-03        -9.4579181252000004e-04        -6.4400814712000001e-02        -7.6335897860000002e-02
29                                     1.8583399554000001e-03        -4.2741176318000004e-03        -5.0569750744000001e-03         1.6612326609999999e-02         4.7114552432999997e-03         6.8493872874999997e-03        -3.0874935294000001e-02         4.7841985848999999e-03
30                                    -4.6382208219000002e-05         2.2861077777000001e-04         5.3456345975999998e-04         5.9767752885000005e-04         2.4397193774000001e-03        -1.0368056292999999e-03         3.1600342568000000e-03        -5.4278127682999998e-03
31                                     2.0342556249000000e-04        -2.1660745507000000e-04        -7.2662164243000003e-04        -2.5232831693000001e-03        -7.4923770131000000e-03         3.0343793440000002e-03        -1.4380800106000000e-03         1.2369749782999999e-02
32                                     9.8927414802999999e-04         3.0610652090000000e-03         2.4055542075000001e-03        -2.1738849272000000e-02        -4.8391236887999997e-02         1.8775043105000000e-02        -3.5985156580000000e-03         8.5051891581000003e-02
33                                     9.1364217804000005e-04         5.9414382842000002e-05        -1.1320322245000000e-03        -1.9355675239000000e-03         3.4130506631000002e-03        -2.9307342027000000e-03         1.1010458588000000e-02         1.8998252933000000e-02
34                                    -3.6799103245999999e-04         2.8432621588000002e-04         7.6661854229999999e-04         2.0816351930000002e-03        -1.6655818558999999e-04        -1.2182393793000001e-06        -9.5492269775000003e-03        -1.7763838979999998e-02
35                                     6.8745960836000004e-04         2.2046978434000000e-04        -1.3002271204000000e-03        -6.4916780518999998e-03        -4.2346701981000002e-03         3.0475033008999998e-03         6.5220761120000003e-03         3.7013016542000003e-02
36                                     2.3413420033000000e-04         1.2197959197000000e-04        -9.6601144167999999e-05         2.9582027898000000e-05        -1.3955849488000000e-03         5.9386324208999999e-04        -6.4273770312999997e-03        -1.9597901588999998e-03
37                                     2.7121778281999999e-04         1.0889639340000000e-04        -5.0731670785000000e-05        -4.3880120822000001e-05        -1.9950506183999999e-04         1.2023145604000000e-04        -2.7708702697000001e-03         1.8079567879999999e-04
38                                    -8.2449242619000001e-05        -2.8282870883000000e-05         6.1959444322000004e-05         4.9741016299000002e-05        -3.0888041686000002e-05         1.7440104406000001e-04         2.5932578410999998e-03         9.7695153422000004e-04
39                                     2.3637301383000001e-04        -2.0417059658000001e-05         1.1463884769999999e-04         6.3047871941000000e-06        -1.3658968276999999e-04         6.3397661752000002e-05         3.3786000843999998e-03         6.1192808674000003e-04
40                                    -8.9681537935999995e-05        -1.0885346081000000e-04        -7.1245089415999995e-05         6.3792128706999999e-04        -4.3446036191000003e-04         5.4791127894000000e-04         5.6589626398999998e-04         3.0807132449000001e-04
41                                     1.8778821190000000e-04         2.6628446237999998e-05         6.5440289166000007e-05         7.9658741037999994e-05        -2.7232820661999998e-04        -1.0156059529000000e-04         2.0203311037999999e-04         2.3783447746000000e-04
42                                     1.3442209843000000e-04        -6.1147935412000004e-05         3.9801360001000002e-06         2.3428399619999999e-04         3.2597079579999998e-04        -1.6699974555000000e-05         3.2693514125000001e-03        -1.9722351313000001e-03
43                                    -1.8891932292000000e-04         1.5116165085000001e-05         4.9395014596999998e-05        -2.0593635879000000e-04         6.0681023855000001e-04        -6.9416112818000006e-05        -6.9272429174000005e-05        -2.8431945373000002e-04
44                                     7.3986212951000007e-05        -5.8942669471000000e-06        -1.1536661023000000e-04        -2.3845114954000000e-04        -1.6175621199000000e-04         1.8489016832999999e-05        -1.7014052495000001e-03         8.9420787374000006e-05
45                                     2.6937210077000002e-04         3.6113456371999998e-04         1.4781495639000001e-04        -1.3763379205000001e-03        -3.2340084144000000e-03         1.1518854639999999e-03         5.3959038579000005e-04         5.3166069642000000e-03
46                                    -6.9047917071999996e-05        -9.7139952001999998e-05         3.9761782023000001e-06         1.6630759985000001e-03         4.1830816898000001e-03        -1.3254432864000000e-03         4.6425381517999997e-04        -6.2443781245999997e-03
47                                    -4.4396354797999999e-04        -1.2611462928999999e-03        -8.7068997483000005e-04         1.0854097024000000e-02         2.3494163818000000e-02        -8.7498912812999999e-03         3.0437054660000002e-03        -4.3714433572000000e-02
48                                    -3.0982918291999999e-03        -2.0902501568000002e-03        -1.6657447324000001e-04         4.8816738887000003e-03         5.0910748845000003e-03        -1.5467780794000000e-03        -4.7749187327000000e-03        -6.1853543199000003e-03
49                                     5.3114429461000002e-04         1.6511161427000000e-03         2.2488245769999998e-03        -1.3200380393000000e-03        -1.4991514476999999e-03         4.5061935281000001e-05         1.7060003393000000e-03         5.7814166510999996e-04
50                                     1.7761118659999999e-03         5.6964466974000001e-04        -2.7775932214000000e-03        -8.3079673185999998e-04        -3.4809773668000000e-04         4.6923780701000000e-05         4.5079996526999999e-04         9.9707598666000006e-04
                                                         8                           9                          10                          11                          12                          13                          14                          15

0                                      7.0765744024999999e-03        -2.1660006603999998e-03        -4.0059927961999999e-03        -1.1623960542000000e-03        -1.9847756538000000e-04         2.3753668050999999e-04        -2.4364980059000000e-04        -4.2156462613000001e-01
1                                      1.9720630089000001e-02        -3.2694940412999998e-03         2.2136825893000001e-03         2.4729600895999999e-03        -6.6538568269000002e-04         4.0824801254999999e-04        -2.1037602470999999e-04        -1.0292320290000000e-01
2                                     -2.2295233225999998e-03         8.6016179909000003e-04         5.2854902279000004e-03         9.2415426181000002e-03         5.1131932586999997e-05         9.6257728226000006e-05        -1.9225582393000000e-04        -5.0316878341999998e-03
3                                      1.8434472763000000e-02         1.9218748744000001e-02         1.5375905824000001e-02         1.3811577662000000e-02         1.2356316838000000e-03        -3.1039842065000000e-04        -1.8544859626000000e-03        -1.8501099439000000e-02
4                                      1.0432758914000000e-01         4.1748991821000002e-03        -4.1837625089999997e-02         6.3853016774000002e-02        -4.6341323229000001e-03         1.1437632646000000e-03        -4.4223493202000001e-03        -5.1567833727999999e-03
5                                     -1.1471395598000000e-01         1.9031119912000000e-03         3.0129131411000001e-02        -2.4675394866999999e-02         1.9138388629000001e-03        -1.4327265601999999e-03         8.7231406519000000e-04        -4.1086500826999998e-04
6                                      6.3965457697999994e-02        -1.8374222014000000e-01         6.4298419841000001e-02        -5.2749453238000003e-02        -2.2349872616999999e-02         3.1886289551999999e-02        -2.6123923513999999e-02         3.2586329547000001e-03
7                                     -2.1220237585000001e-01         5.3007825288000000e-02        -1.8150715036000001e-01        -1.4495456176000000e-03         1.5541174978000000e-03         5.4663825088999999e-03         5.5253657051999999e-03        -3.1161676526000001e-03
8                                      2.9094946063999999e-01        -6.1572580444999997e-02         7.8425284220000002e-02        -6.6963859520999994e-02         2.5001407244000001e-03        -4.4450282429999996e-03        -1.6906484063000000e-03         2.4262014670000001e-03
9                                     -6.1572580444999997e-02         6.4400392028999998e-01         6.7705843419999995e-02         6.1388087498000003e-02        -2.6890332270000000e-01        -7.6687057468999998e-03         2.4931771043000001e-02        -3.1805128686000002e-04
10                                     7.8425284220000002e-02         6.7705843419999995e-02         7.5354187593999999e-01        -5.9281774538000001e-02        -7.2985576686999997e-03        -1.1738628238000000e-01         3.5691173725000002e-03        -5.6068099506999996e-04
11                                    -6.6963859520999994e-02         6.1388087498000003e-02        -5.9281774538000001e-02         1.1339693234999999e-01         9.5825816926999995e-03         8.6038315862999992e-03        -7.3103060395999994e-02        -3.2497329069999998e-04
12                                     2.5001407244000001e-03        -2.6890332270000000e-01        -7.2985576686999997e-03         9.5825816926999995e-03         6.5251918293000000e-01        -3.9928268755000003e-03         2.2268639912000000e-02        -5.5115424328000000e-05
13                                    -4.4450282429999996e-03        -7.6687057468999998e-03        -1.1738628238000000e-01         8.6038315862999992e-03        -3.9928268755000003e-03         8.2200566098000005e-01        -9.7534834800000001e-03        -5.0482936676000003e-05
14                                    -1.6906484063000000e-03         2.4931771043000001e-02         3.5691173725000002e-03        -7.3103060395999994e-02         2.2268639912000000e-02        -9.7534834800000001e-03         8.0121328303999995e-01         5.6715260578000002e-05
15                                     2.4262014670000001e-03        -3.1805128686000002e-04        -5.6068099506999996e-04        -3.2497329069999998e-04        -5.5115424328000000e-05        -5.0482936676000003e-05         5.6715260578000002e-05         4.3615562134000002e-01
16                                    -1.6222653084000001e-03        -2.5692594334000000e-04         2.0585489848000001e-04        -2.6598520372000001e-04         6.0296989838999997e-05        -1.4713063788000000e-04         8.9826109423000002e-05         1.1062241083000000e-01
17                                     9.9992574866999994e-04         4.6413072928000001e-05        -2.5122734988000000e-04        -8.6682210284000005e-05        -3.1469335022000003e-05         6.2607601442999996e-05        -4.6806334579000002e-05         5.9907659068000000e-03
18                                    -9.9836747177999997e-05         5.9984577987999999e-04        -2.3619631407000000e-04        -6.5641525524999999e-04         7.3946470162000003e-05        -3.4630194111000002e-06         3.7184763141000000e-05         3.3208305625999999e-03
19                                    -5.6006880609000003e-04         5.9810899070000001e-06         3.7364547750000002e-04         1.2632407185999999e-03        -7.5999779531000001e-05         9.7484717572000006e-05        -9.6540375511000001e-05         2.4932764895999999e-03
20                                    -1.4044766791000000e-03         6.5339241655000004e-04        -1.1779784220999999e-04        -8.5619514343000000e-04         9.1372213735000000e-05         1.6873613157999999e-05        -4.8301085861000002e-05         1.3702773037000001e-03
21                                    -4.1610929310000001e-04         7.2926355925000000e-04         1.1152879291999999e-03         1.3116401701999999e-03         4.1114416441999997e-05         3.1558006799000001e-05        -8.2984698786000005e-06        -6.5604082189999998e-03
22                                     7.2833696496000004e-04        -3.5590536545000002e-04        -1.4645549867000000e-03        -1.4385160306000001e-03        -2.2509962808000001e-05        -5.1165567351999998e-05         3.1854933414000000e-05        -2.5181817363000001e-03
23                                    -7.5467661773999994e-05        -1.7231542737999999e-04         2.8197901747000002e-04        -2.6549356814000001e-05         1.4710965642999999e-05        -8.7580759237999996e-05         4.7968114968000003e-05        -3.4803964321999999e-03
24                                    -1.3338526366000001e-03         1.1883101516999999e-03         1.7934188169000001e-03         1.0264685498000000e-03        -4.1872545049999999e-04         1.3770954098000000e-03        -8.2032577127000002e-04         7.8183629369000000e-04
25                                    -1.7077609223000001e-03         4.7148149761000002e-04         1.0148024102999999e-03        -3.6341788209999998e-03         2.9933473320999999e-04        -4.2901497067000002e-04         2.4641996949000000e-04         1.1142972394999999e-03
26                                     7.1437193245000004e-03         5.1643293735999999e-04        -3.6620458737000000e-03        -3.6670931184000000e-03         7.7644169961000007e-06         2.9026936779999999e-04        -3.2748534377999999e-04        -7.8096854374000001e-04
27                                    -3.0418160034000000e-02        -1.0201178852000000e-02        -4.6959093129000000e-03        -3.2387422457999998e-04         1.3440369956999999e-03         5.4255520835000003e-04        -1.3096235943999999e-03         5.3319925390000003e-04
28                                     6.8719809928999998e-03         2.6877397256000000e-02         5.3105780264999999e-03         1.0629576420000000e-03         1.6330588563000000e-03        -3.1653220072000001e-03         4.8411691929999999e-03         1.7815057265000000e-04
29                                    -5.5571362095999999e-02        -2.0703272905999999e-02        -1.8026961259000000e-03         1.5441020272000000e-03         6.5793609035000002e-05         3.2235325026000001e-03         2.3500539211000000e-04         4.4182314787000003e-06
30                                    -6.2364642464999998e-03        -3.4485666416000003e-02         1.2775761834999999e-04        -1.8233126996999999e-02        -9.0179129502999996e-03         4.6888715501000001e-03         2.4061672587999999e-02         1.1175603275000000e-05
31                                     5.6083713775000000e-03        -5.5010840703000000e-03        -3.5714651222000002e-02         5.5103680347999999e-02        -2.3594726993000001e-04        -9.8746830680999996e-04        -4.5950925166999999e-03         1.5645834686000000e-04
32                                    -9.0059768610999999e-02        -2.9226719936000001e-02         8.5762367034999997e-04         3.2077782744000000e-01         5.8123981622999997e-03        -6.5774830196999997e-03        -3.4522313590999998e-02         7.5881422101000003e-04
33                                     3.1797107869000001e-03        -1.2139956597000000e-01        -1.3105566648000000e-01        -2.1107685418999999e-02        -1.3788593143999999e-02        -3.5926340857000000e-02        -5.7405111477999999e-03         1.6181392164999999e-04
34                                    -2.3157378378000000e-03        -1.3438971944000000e-01        -3.9566004247999997e-01        -2.4727915382999999e-02         6.0231829452999999e-03         7.5867678204999999e-03         4.6297805319000000e-04        -2.7009852074999999e-05
35                                    -5.7467912148000001e-03        -1.7925056559999999e-02        -3.9566304373000002e-02        -2.2765551161000000e-02         3.2948571598000000e-03         6.4775366970000001e-03         9.9289977377000011e-04         1.7311548507000001e-04
36                                     1.4737581020000000e-03        -1.7629223991999999e-02         3.0875770100000002e-02        -2.1782407603000001e-02        -1.3439467405000000e-01         1.1370622421000000e-01        -8.9617077103000001e-02         5.0206949889999997e-05
37                                     7.8770225323000005e-04        -3.8199547961000001e-03         4.2908472727000001e-03        -4.4367240117999997e-03         1.1594991464000000e-01        -2.6588896422000002e-01         1.4971585323000000e-01         3.5414193184000003e-05
38                                    -5.6821893183999998e-05         4.9006907266999997e-03        -6.8536016227000000e-03         5.7750127407000000e-03        -9.2092515498000002e-02         1.5186031018000001e-01        -1.9061854233000000e-01        -1.6435037063999999e-05
39                                     1.2834651976000001e-04        -1.6157901414999998e-02        -4.0141701553000002e-02        -8.8934266604999996e-03        -1.1575954702000001e-01        -1.1983836891000001e-01        -4.0212172625999999e-02        -9.3903986729999997e-06
40                                    -2.6371727425000000e-04         1.6665842777000000e-03         6.4107186353000003e-03         2.9408151172999998e-03        -1.2439014074000000e-01        -3.7085695867000001e-01        -9.6045754740999995e-02        -1.2196192029000001e-05
41                                    -3.0644699675999999e-04         4.4924994853000003e-03         7.4527114789000003e-03         2.5176580354000001e-03        -4.1069474856000002e-02        -9.5036272386000001e-02        -1.0218786818000000e-01         3.7921810780999999e-06
42                                     1.0425024659000001e-03        -1.6387514151000000e-02         6.9985625746000002e-03         3.6117383021000003e-02        -8.7708561088000001e-02         1.4911946573999999e-02         9.1696504395999995e-02        -1.2537847179000001e-05
43                                    -1.1046178799000000e-04        -6.8062820554000002e-04         1.0899235473999999e-03         1.3840426578999999e-03         1.4450875413000001e-02        -8.0045223496999995e-02        -5.4164101244999999e-02         6.0684022503999999e-08
44                                     1.1864572611000000e-03         6.4276556201999999e-04         2.0323028190999999e-05         2.8568376748000003e-04         9.0086611740000003e-02        -5.4650424731999998e-02        -4.1349138566999999e-01         1.6562139532000000e-05
45                                    -5.6510373114999997e-03        -1.4582540279000000e-03        -6.2269714111999998e-04         2.3580672556000000e-02         9.8367268533999997e-05         6.2875384907000001e-05         1.1908245182000000e-04         1.1575309693000000e-04
46                                     5.9001153030000001e-03         3.7471938619999998e-03         2.3347499122000001e-03        -3.8446154824000003e-02        -5.3178309232999996e-04         7.2707438853000003e-04         2.0494495891000002e-03        -1.4871512996000001e-04
47                                     3.9186750972999999e-02         3.1529008242000001e-02        -1.4880807231000000e-02        -2.6320385735000001e-01        -3.4615306789000000e-03         2.4250326886000001e-03         1.4131004492000001e-02        -2.5601657727999998e-04
48                                     5.5008757800000000e-03         7.1088110821999999e-03         3.2643614459999999e-04        -2.1584652419000001e-02        -2.7174777545999999e-03         3.4563421304000002e-04         2.7584975842999998e-03         2.6321587698000001e-03
49                                     8.5740566631000001e-04        -1.7147882717000000e-03        -3.2163721946000001e-03        -3.0037505119000002e-03         1.8765022955999999e-03         1.5221485671000001e-03         2.7556635348999999e-03        -8.6647592763000006e-05
50                                    -6.4719156852000004e-04        -2.2643894891999999e-03         3.9459453892999998e-04         1.8094841498000000e-03         9.6514896714000001e-04        -1.0732527721000001e-03        -1.2638077141000001e-03        -4.9931946048999999e-04
                                                        16                          17                          18                          19                          20                          21                          22                          23

0                                     -1.0977521031000000e-01        -2.2955544945000000e-03        -7.2296004420000004e-02        -2.4041659831000001e-02        -9.9757789308000007e-03        -1.0797657384999999e-01        -1.6283171801000001e-02         1.1198486724999999e-01
1                                     -1.0000507793000001e-01        -3.1025915602000001e-03        -2.2275993369000002e-02        -3.6136766941999998e-01        -1.5068991792000000e-01        -1.6487328257999999e-02        -6.8876627339999996e-02         3.6889420749999999e-02
2                                     -4.0236349110000002e-03        -7.1054586569999995e-02        -8.2748024006000006e-03        -1.5438894940000000e-01        -1.4155116978999999e-01         1.1127075991000000e-01         3.9110893567000003e-02        -3.9955340511999998e-01
3                                      3.3512973707000002e-02        -2.2044891261999999e-02         3.3843807956000001e-03        -1.2266815312000001e-03         1.8523990890000001e-03         1.0057411089000001e-02        -9.1111907151000000e-03         3.9372839304999997e-03
4                                      7.8825189166000006e-03        -5.2952888444000000e-03         2.3537788085999999e-02        -2.3207463885000001e-02         2.4672242316000001e-02         5.7648853511999996e-03        -7.1399185670000002e-03         4.7531559665999999e-03
5                                      1.7263041710000001e-03        -7.1462457459000000e-04         8.8114212857999998e-03        -6.6757300779000002e-03         1.0196427232000000e-02        -2.5356517940000000e-02         2.9276274171999999e-02        -1.2264886504000001e-02
6                                      6.6210690679999998e-04         3.1447650515999999e-04        -2.0449429520000002e-03         1.5770423234000000e-03        -2.7061198176000002e-03        -2.6006609802000000e-03         2.9891883088000002e-03        -3.3933455130000001e-04
7                                      2.5445621154000001e-03        -2.1636158745000000e-03        -1.6557573880999999e-04         5.2368186236000005e-04         7.0896229214999999e-04         2.0948391406000000e-04        -3.7102949571999998e-04        -1.3789561145000000e-03
8                                     -1.6222653084000001e-03         9.9992574866999994e-04        -9.9836747177999997e-05        -5.6006880609000003e-04        -1.4044766791000000e-03        -4.1610929310000001e-04         7.2833696496000004e-04        -7.5467661773999994e-05
9                                     -2.5692594334000000e-04         4.6413072928000001e-05         5.9984577987999999e-04         5.9810899070000001e-06         6.5339241655000004e-04         7.2926355925000000e-04        -3.5590536545000002e-04        -1.7231542737999999e-04
10                                     2.0585489848000001e-04        -2.5122734988000000e-04        -2.3619631407000000e-04         3.7364547750000002e-04        -1.1779784220999999e-04         1.1152879291999999e-03        -1.4645549867000000e-03         2.8197901747000002e-04
11                                    -2.6598520372000001e-04        -8.6682210284000005e-05        -6.5641525524999999e-04         1.2632407185999999e-03        -8.5619514343000000e-04         1.3116401701999999e-03        -1.4385160306000001e-03        -2.6549356814000001e-05
12                                     6.0296989838999997e-05        -3.1469335022000003e-05         7.3946470162000003e-05        -7.5999779531000001e-05         9.1372213735000000e-05         4.1114416441999997e-05        -2.2509962808000001e-05         1.4710965642999999e-05
13                                    -1.4713063788000000e-04         6.2607601442999996e-05        -3.4630194111000002e-06         9.7484717572000006e-05         1.6873613157999999e-05         3.1558006799000001e-05        -5.1165567351999998e-05        -8.7580759237999996e-05
14                                     8.9826109423000002e-05        -4.6806334579000002e-05         3.7184763141000000e-05        -9.6540375511000001e-05        -4.8301085861000002e-05        -8.2984698786000005e-06         3.1854933414000000e-05         4.7968114968000003e-05
15                                     1.1062241083000000e-01         5.9907659068000000e-03         3.3208305625999999e-03         2.4932764895999999e-03         1.3702773037000001e-03        -6.5604082189999998e-03        -2.5181817363000001e-03        -3.4803964321999999e-03
16                                     1.0049432884999999e-01        -9.8726095810999998e-04        -3.5812811541000002e-02        -5.4238771690000003e-03         3.1530890295999999e-03        -1.4161718405000000e-03        -8.3610295641999997e-04        -1.6546884963000001e-03
17                                    -9.8726095810999998e-04         6.4148536325000005e-02        -2.0197624585999999e-02        -3.9094037618000003e-03         9.6941901933999999e-04         3.8872224748999998e-02         1.2143006701000001e-02         6.3392904897000002e-03
18                                    -3.5812811541000002e-02        -2.0197624585999999e-02         6.4705273536000002e-02         2.2034303179999999e-02         1.3691083490000000e-02         1.7375073553999999e-03         1.3675605408000001e-02         6.6866896643000004e-03
19                                    -5.4238771690000003e-03        -3.9094037618000003e-03         2.2034303179999999e-02         3.8132204566000000e-01         1.6067574133000001e-01        -5.2695676899000002e-04         8.1920111982000006e-03         5.0219468548000001e-03
20                                     3.1530890295999999e-03         9.6941901933999999e-04         1.3691083490000000e-02         1.6067574133000001e-01         1.4595884837000001e-01        -5.1211347281999997e-03        -3.7119233249000003e-02        -1.3698578443999999e-02
21                                    -1.4161718405000000e-03         3.8872224748999998e-02         1.7375073553999999e-03        -5.2695676899000002e-04        -5.1211347281999997e-03         1.0406633246999999e-01         1.1803048199000001e-02        -1.1904311808000000e-01
22                                    -8.3610295641999997e-04         1.2143006701000001e-02         1.3675605408000001e-02         8.1920111982000006e-03        -3.7119233249000003e-02         1.1803048199000001e-02         6.9225396938999997e-02        -4.2426895047999999e-02
23                                    -1.6546884963000001e-03         6.3392904897000002e-03         6.6866896643000004e-03         5.0219468548000001e-03        -1.3698578443999999e-02        -1.1904311808000000e-01        -4.2426895047999999e-02         4.1494056067000001e-01
24                                     1.2210960377000001e-03        -7.7841538321999997e-04         9.7072368405999999e-04        -7.7011647391999997e-04         6.8012449661999995e-04         9.7198392302000000e-04        -6.9342529233999998e-04         3.6867871441999999e-04
25                                    -4.1346342236000004e-03         3.3186727081999999e-03        -8.0687311429000004e-04         1.9082196402999999e-03        -3.6435158368000001e-04        -4.3321161030000001e-04         7.4255266844000002e-04        -8.9546957224999996e-04
26                                     3.3840295593000002e-03        -5.8583014768999995e-04         2.8753637261999998e-04        -1.9608031416000000e-04         2.0341859078000000e-04         5.6054102657000001e-04        -1.1290572337999999e-03         1.4623179857000000e-03
27                                     1.6339227327000000e-04        -5.2866063752000000e-06        -4.0298736858999999e-04         2.0090257405000001e-04        -4.8838620266999997e-04        -3.8979770350999998e-04         2.1462876320999999e-04         1.2553726121000001e-05
28                                    -3.2077429281999998e-04         2.1847592504999999e-04         1.7778175393999999e-04        -2.7783128735000000e-04         3.8771722877000000e-04        -2.1584326236000000e-04         5.3625986226999995e-04        -1.8425468634000001e-04
29                                     2.0914595641999999e-04        -1.2507918569000000e-04         2.2948340958999999e-04        -6.0070484739999997e-04         6.1543544302999995e-04        -4.7328941376999998e-04         8.8435057286000000e-04        -2.0428219716999999e-04
30                                     4.3513526247999999e-05        -9.3986130762000001e-05        -1.2700391951000001e-04         6.6526276035999999e-05        -1.6688185727999999e-04        -4.0849055233999999e-05        -6.9592206182000002e-05         1.8149781696000002e-05
31                                     8.2309291223999994e-05         9.1156014321999999e-05         1.0239625995000000e-04        -1.3113861133999999e-04         1.0640857952000000e-04        -1.0842626358000000e-04         2.0339857808000000e-04         6.5198202431000004e-05
32                                     2.4214462857000000e-04         2.8572907373999999e-05        -7.7445777429000005e-04        -4.0064272267000003e-05        -1.1622910611000000e-03        -4.6193616578999998e-04         3.2184013212999998e-05         6.5326946585000001e-04
33                                     1.6208814330999999e-05         4.8428011249000000e-05        -6.1302833358000002e-05        -9.7564046074000006e-05        -8.0736648276000001e-05        -3.5281272232000002e-04         3.2905146359999999e-04        -2.6699624623000000e-05
34                                    -1.5241792671999999e-05        -7.7715113431999999e-06        -5.5843768950000002e-05         7.9597345985999999e-05        -5.8541326290999998e-05         1.4191816536999999e-04        -1.6538911466000000e-04         1.4820676735000000e-05
35                                     5.6380395901999996e-06         7.0931392610000001e-05        -1.1243489177000000e-06        -1.0634482530000000e-04        -3.0084644684000000e-05        -2.7185358205999998e-04         3.0188814246000001e-04         5.8339037393999997e-05
36                                    -3.1315519428000003e-05         3.1005289466999997e-05        -3.2360923218000002e-05         2.1139721312999998e-06        -3.4003560797999997e-05        -4.3945605448999997e-05         4.6241534097999998e-05         2.0220275543000001e-06
37                                    -5.4425661231000003e-05         3.7895029295000001e-05        -3.6558188558000002e-05         2.9668708042999999e-06        -2.7247710084000001e-05        -3.7602338581999999e-05         2.5952836934000000e-05        -8.2678211812000001e-07
38                                     5.7997295577999998e-06        -4.3014847589999997e-06         7.8355849079999999e-06         1.5131714850000000e-05         1.7103893648000000e-05         3.7491707913000000e-05        -2.7406264659999999e-05        -5.7473814293000001e-06
39                                    -7.0884269603999994e-05         3.1862560594000001e-05         7.6645307202000003e-06         3.8643257110000000e-05         5.1376665473000003e-06         3.1098903439000002e-05        -1.4467330713000000e-05        -2.6296725288000001e-05
40                                    -2.9252731898000000e-06        -1.2751904702000000e-06         7.1916154412999999e-05        -3.9430415926000003e-06         6.5232298933000005e-05         2.9762839770999999e-05         3.6845661077000001e-06        -7.4851280529999997e-06
41                                    -4.6127177865999999e-05         3.1942295339000001e-05         1.6296335585000000e-06         2.9924775838999999e-05         3.7899769536999997e-05         7.6034436600000003e-06        -1.0539714147000000e-05        -2.7225609214000001e-05
42                                    -2.2671968538999999e-05         2.3689229226000001e-05         2.7891215448000001e-06         2.7992060203000001e-06         1.4700527525000001e-05        -4.3727132647000002e-06         2.5179135102999999e-05        -2.3978156711000001e-05
43                                     4.9926796834999997e-05        -2.5127351283000001e-05        -1.5291388554000000e-05        -6.7907855839999996e-06        -3.8568996400999999e-05         1.7415655306000000e-05        -1.3911834384000001e-05         3.1564745126000002e-05
44                                     1.7154927484000001e-05         5.6286815274999997e-06        -2.0554087222000002e-05        -1.5187005574999999e-05        -2.5256247005000001e-05        -7.7224693718000001e-05         7.3783244281000005e-05         3.2524913291999999e-05
45                                     2.8511146714000000e-05         4.7323469882000002e-05        -1.0922780609000000e-04        -2.3190100996000002e-05        -1.2880105314000000e-04        -9.0453117660999998e-05         4.8237526515000001e-05         9.1684317401999999e-05
46                                    -9.4112277702999996e-05        -1.1401474965000000e-04        -4.6945178029000001e-05        -1.7159058281000000e-06        -1.0994751658999999e-04        -3.0737768812999998e-05        -6.7103003131000001e-05        -1.0598696374000001e-04
47                                    -3.1955306698999999e-05         4.6879573944000002e-05         3.7147263152999998e-04         7.6098998969999999e-05         5.6052328506999999e-04         2.7093294531000002e-04         8.4321204686000003e-06        -2.0924474156999999e-04
48                                     1.0554811557999999e-03         4.1038991239000002e-05         2.7086838722000000e-04         3.4058017366999998e-04         3.4335559779999998e-04         4.2516224646000001e-04        -6.2735916598000003e-05        -4.5013936649000001e-06
49                                    -2.2519865132999999e-04        -1.4236846338000000e-05        -1.4423923273000001e-04        -2.0792226708000001e-03        -1.2606605687000001e-03         1.4291803817000000e-04         5.6546216012999999e-05        -3.1594268074999998e-04
50                                    -2.0121477019000001e-04        -2.3215926038999999e-05        -9.9521638444000004e-05        -4.9301068288999997e-04         2.1727748871000000e-04        -1.1017115825999999e-03        -4.3935687403000003e-04         2.5311163402999999e-03
                                                        24                          25                          26                          27                          28                          29                          30                          31

0                                     -9.7367525585999991e-03         2.8336794206000000e-02        -1.8240387768000001e-02         2.0488937165999998e-03        -1.3959581293999999e-04         1.8583399554000001e-03        -4.6382208219000002e-05         2.0342556249000000e-04
1                                     -5.8287129991000004e-03         6.7449845384999997e-03        -3.1515846000999999e-03         2.6927604650000001e-03         6.4495835614000003e-04        -4.2741176318000004e-03         2.2861077777000001e-04        -2.1660745507000000e-04
2                                      1.0747011123000000e-03         2.7901772911999999e-03         1.5010378817000001e-03        -1.6131271912999998e-05        -4.9001619281999996e-03        -5.0569750744000001e-03         5.3456345975999998e-04        -7.2662164243000003e-04
3                                     -4.5264344992000000e-01        -7.2266531356999994e-02        -2.7657217147000000e-02        -4.5848486831000001e-03        -3.4128117653000001e-02         1.6612326609999999e-02         5.9767752885000005e-04        -2.5232831693000001e-03
4                                     -7.6228597364000006e-02        -7.8422941681000002e-02         7.6546959999999999e-03         7.3018665228000005e-04        -1.8788169831000000e-03         4.7114552432999997e-03         2.4397193774000001e-03        -7.4923770131000000e-03
5                                     -2.7253012020000002e-02         7.6889204148000000e-03        -5.1585251732000001e-02        -1.9332644964000000e-03        -9.4579181252000004e-04         6.8493872874999997e-03        -1.0368056292999999e-03         3.0343793440000002e-03
6                                     -4.2011300562000004e-03        -3.3935496654000002e-02         1.7329235488000000e-02        -4.5269019181999998e-01        -6.4400814712000001e-02        -3.0874935294000001e-02         3.1600342568000000e-03        -1.4380800106000000e-03
7                                     -1.7793788138999999e-04        -8.7460511960000002e-04         3.2857745250000001e-03        -6.6487448113000003e-02        -7.6335897860000002e-02         4.7841985848999999e-03        -5.4278127682999998e-03         1.2369749782999999e-02
8                                     -1.3338526366000001e-03        -1.7077609223000001e-03         7.1437193245000004e-03        -3.0418160034000000e-02         6.8719809928999998e-03        -5.5571362095999999e-02        -6.2364642464999998e-03         5.6083713775000000e-03
9                                      1.1883101516999999e-03         4.7148149761000002e-04         5.1643293735999999e-04        -1.0201178852000000e-02         2.6877397256000000e-02        -2.0703272905999999e-02        -3.4485666416000003e-02        -5.5010840703000000e-03
10                                     1.7934188169000001e-03         1.0148024102999999e-03        -3.6620458737000000e-03        -4.6959093129000000e-03         5.3105780264999999e-03        -1.8026961259000000e-03         1.2775761834999999e-04        -3.5714651222000002e-02
11                                     1.0264685498000000e-03        -3.6341788209999998e-03        -3.6670931184000000e-03        -3.2387422457999998e-04         1.0629576420000000e-03         1.5441020272000000e-03        -1.8233126996999999e-02         5.5103680347999999e-02
12                                    -4.1872545049999999e-04         2.9933473320999999e-04         7.7644169961000007e-06         1.3440369956999999e-03         1.6330588563000000e-03         6.5793609035000002e-05        -9.0179129502999996e-03        -2.3594726993000001e-04
13                                     1.3770954098000000e-03        -4.2901497067000002e-04         2.9026936779999999e-04         5.4255520835000003e-04        -3.1653220072000001e-03         3.2235325026000001e-03         4.6888715501000001e-03        -9.8746830680999996e-04
14                                    -8.2032577127000002e-04         2.4641996949000000e-04        -3.2748534377999999e-04        -1.3096235943999999e-03         4.8411691929999999e-03         2.3500539211000000e-04         2.4061672587999999e-02        -4.5950925166999999e-03
15                                     7.8183629369000000e-04         1.1142972394999999e-03        -7.8096854374000001e-04         5.3319925390000003e-04         1.7815057265000000e-04         4.4182314787000003e-06         1.1175603275000000e-05         1.5645834686000000e-04
16                                     1.2210960377000001e-03        -4.1346342236000004e-03         3.3840295593000002e-03         1.6339227327000000e-04        -3.2077429281999998e-04         2.0914595641999999e-04         4.3513526247999999e-05         8.2309291223999994e-05
17                                    -7.7841538321999997e-04         3.3186727081999999e-03        -5.8583014768999995e-04        -5.2866063752000000e-06         2.1847592504999999e-04        -1.2507918569000000e-04        -9.3986130762000001e-05         9.1156014321999999e-05
18                                     9.7072368405999999e-04        -8.0687311429000004e-04         2.8753637261999998e-04        -4.0298736858999999e-04         1.7778175393999999e-04         2.2948340958999999e-04        -1.2700391951000001e-04         1.0239625995000000e-04
19                                    -7.7011647391999997e-04         1.9082196402999999e-03        -1.9608031416000000e-04         2.0090257405000001e-04        -2.7783128735000000e-04        -6.0070484739999997e-04         6.6526276035999999e-05        -1.3113861133999999e-04
20                                     6.8012449661999995e-04        -3.6435158368000001e-04         2.0341859078000000e-04        -4.8838620266999997e-04         3.8771722877000000e-04         6.1543544302999995e-04        -1.6688185727999999e-04         1.0640857952000000e-04
21                                     9.7198392302000000e-04        -4.3321161030000001e-04         5.6054102657000001e-04        -3.8979770350999998e-04        -2.1584326236000000e-04        -4.7328941376999998e-04        -4.0849055233999999e-05        -1.0842626358000000e-04
22                                    -6.9342529233999998e-04         7.4255266844000002e-04        -1.1290572337999999e-03         2.1462876320999999e-04         5.3625986226999995e-04         8.8435057286000000e-04        -6.9592206182000002e-05         2.0339857808000000e-04
23                                     3.6867871441999999e-04        -8.9546957224999996e-04         1.4623179857000000e-03         1.2553726121000001e-05        -1.8425468634000001e-04        -2.0428219716999999e-04         1.8149781696000002e-05         6.5198202431000004e-05
24                                     4.6729324801000000e-01         7.7393319602999999e-02         3.0890740940000001e-02         1.8063601898000000e-04        -5.3593619596999998e-04        -1.6942969443000000e-03        -2.2701668780000000e-04        -1.1947416504000001e-04
25                                     7.7393319602999999e-02         7.4978855634000002e-02        -1.4782236392000001e-02        -4.5164261596999998e-04        -1.1082359101000001e-03         7.0746740071999997e-03        -1.9997807892000000e-04         7.1736115009999997e-05
26                                     3.0890740940000001e-02        -1.4782236392000001e-02         3.9854439530000001e-02        -1.6364046750999999e-03         7.0377822142000000e-03         7.3044566081000000e-03        -9.2890846454000004e-05         3.1746196628000003e-04
27                                     1.8063601898000000e-04        -4.5164261596999998e-04        -1.6364046750999999e-03         4.5942309156000000e-01         6.8694890428999997e-02         3.3931668307999999e-02         2.9143858320000000e-05         1.3865836989000000e-04
28                                    -5.3593619596999998e-04        -1.1082359101000001e-03         7.0377822142000000e-03         6.8694890428999997e-02         7.4250813456000000e-02        -1.3201885206000000e-02         2.1086038199999999e-04         3.1231089931999998e-04
29                                    -1.6942969443000000e-03         7.0746740071999997e-03         7.3044566081000000e-03         3.3931668307999999e-02        -1.3201885206000000e-02         4.3757146437000002e-02         1.0621346592000000e-04        -2.7278540236000003e-04
30                                    -2.2701668780000000e-04        -1.9997807892000000e-04        -9.2890846454000004e-05         2.9143858320000000e-05         2.1086038199999999e-04         1.0621346592000000e-04         7.9411149528999997e-02         1.0275115386000001e-02
31                                    -1.1947416504000001e-04         7.1736115009999997e-05         3.1746196628000003e-04         1.3865836989000000e-04         3.1231089931999998e-04        -2.7278540236000003e-04         1.0275115386000001e-02         4.2613680798999999e-02
32                                    -1.9484256215999999e-03        -1.2602493137000000e-03        -1.7335020377999999e-03         1.9693932262999998e-03         1.0381666357000001e-03         1.2317734451999999e-03         4.6084796954000001e-02        -6.8877922211000003e-02
33                                    -5.6499387243999998e-04         1.3550913104000000e-04         7.8619920359000004e-05         1.5184008135999999e-03         4.0498897160000001e-04         9.0966604363999998e-04         1.3699590103999999e-03         5.3621688237000002e-03
34                                     1.4589333995000000e-04         5.3199164484999999e-05        -3.5078922131000001e-04        -1.1285365570000000e-03         2.1495779186000001e-03        -4.0970093835999998e-04        -1.9903795995999999e-03        -3.9107380821000000e-03
35                                    -1.9783754946000001e-04         4.1362924327000001e-06         4.0496523119999998e-04         1.3049702024000001e-03        -1.3680927063000000e-03        -6.1307903681999995e-04        -4.8732867199999998e-03        -2.7952482535999999e-02
36                                     1.1929808320000000e-05        -1.6569677819000001e-05         2.3791172206000000e-06        -2.7452994431999999e-04         1.3635717324999999e-03        -6.1156427713999996e-04         9.7237661540000000e-04         1.0047449299000001e-04
37                                     2.1978873147000000e-05         1.5728851004000001e-04        -1.2018750008000000e-04        -1.6572032651000001e-04         5.5301486428000000e-04        -2.6620343205000001e-04        -1.7482681181000000e-04         3.2731272973999999e-04
38                                    -3.3734933289000003e-05        -6.8043539922999998e-05        -1.5548387461000000e-04         1.2573750919000001e-04        -4.3927662683000002e-04         4.6424593387000001e-04         1.7277871244000001e-04        -5.7067092891000004e-04
39                                    -5.3640718917000001e-04         8.3505888491000005e-04        -9.0253470263999998e-04         8.4564543969999997e-05        -4.0460182254000000e-05         4.2241245780000000e-04         1.2108206656000001e-03        -6.6640516262999998e-04
40                                     1.7939548289000000e-03        -8.1411764884000001e-04         1.2653888370000000e-03         3.0313827493000001e-05        -3.3141154919000000e-04         1.8380322030999999e-04         2.5137747325000001e-04         8.3028025309000005e-05
41                                    -1.1067679926000001e-03         7.9746475775000001e-04        -5.9238940891999999e-04         1.3680560269000000e-05        -2.3022386324999999e-05         2.2021850399999998e-06         7.4910124984999997e-05         5.6262404244000004e-04
42                                    -1.1063849258000000e-04         2.4248571255000001e-04        -5.6992758395999998e-05         2.8592309799999998e-04        -5.5488221139000005e-04        -2.8104590310000001e-04        -3.8483013570000000e-03         6.8033555610999997e-04
43                                     2.3457017738000001e-04        -2.9235565281999999e-04        -1.4312432421000000e-04        -3.3556309831999997e-05         6.3355249790999997e-06        -4.1558611651999997e-06        -3.9897917148000000e-04         6.1163818174999999e-04
44                                    -2.0772802336000001e-04         1.5258193589999999e-04         9.1589462195999999e-05        -7.7763778725999992e-06         3.0064436249000002e-04        -2.4263933328000001e-04        -1.0728947693999999e-03         7.7895663474999999e-04
45                                    -3.4773159543999998e-04        -5.6543461277999999e-05        -2.0098576732000001e-04         2.8340589471999999e-04         1.2562992928000000e-05         1.3321951870000000e-05        -3.5000037507000002e-02        -1.2604318959000001e-02
46                                     4.1378855847000003e-05         3.3614549740000003e-05        -2.6310597813000001e-05        -1.9603565203000001e-04        -1.5943962761999999e-04        -1.0811263204000001e-04        -4.1901370965999997e-03        -9.7718229399999992e-03
47                                     8.9640624640000000e-04         5.6612523636999997e-04         7.8268288720000003e-04        -7.9685146641000004e-04        -4.5982282158000003e-04        -1.9420091898000001e-04        -4.9574965082999998e-03         4.5175926780000000e-02
48                                    -2.6118220718000002e-03        -6.6143442799000002e-04        -1.0486800989000001e-04         2.8122386173999999e-03         4.6238710123999997e-04         4.8476068959000000e-04        -3.9691669661999999e-03         6.1779862796000002e-03
49                                     3.3149441859000000e-04         3.7065197581000002e-04         3.2601358359999997e-04        -2.4943969391000000e-04        -1.8611939068999999e-04        -1.3079801926000001e-04        -5.8806466412999999e-03         1.5496392284000001e-03
50                                     4.3727681613000001e-04         7.3117535093000004e-05        -1.0159183826000000e-04        -4.2224457739000002e-04        -2.3658601041999999e-04         3.8630832712999999e-06        -3.4289251377000000e-02        -7.8485880384000003e-03
                                                        32                          33                          34                          35                          36                          37                          38                          39

0                                      9.8927414802999999e-04         9.1364217804000005e-04        -3.6799103245999999e-04         6.8745960836000004e-04         2.3413420033000000e-04         2.7121778281999999e-04        -8.2449242619000001e-05         2.3637301383000001e-04
1                                      3.0610652090000000e-03         5.9414382842000002e-05         2.8432621588000002e-04         2.2046978434000000e-04         1.2197959197000000e-04         1.0889639340000000e-04        -2.8282870883000000e-05        -2.0417059658000001e-05
2                                      2.4055542075000001e-03        -1.1320322245000000e-03         7.6661854229999999e-04        -1.3002271204000000e-03        -9.6601144167999999e-05        -5.0731670785000000e-05         6.1959444322000004e-05         1.1463884769999999e-04
3                                     -2.1738849272000000e-02        -1.9355675239000000e-03         2.0816351930000002e-03        -6.4916780518999998e-03         2.9582027898000000e-05        -4.3880120822000001e-05         4.9741016299000002e-05         6.3047871941000000e-06
4                                     -4.8391236887999997e-02         3.4130506631000002e-03        -1.6655818558999999e-04        -4.2346701981000002e-03        -1.3955849488000000e-03        -1.9950506183999999e-04        -3.0888041686000002e-05        -1.3658968276999999e-04
5                                      1.8775043105000000e-02        -2.9307342027000000e-03        -1.2182393793000001e-06         3.0475033008999998e-03         5.9386324208999999e-04         1.2023145604000000e-04         1.7440104406000001e-04         6.3397661752000002e-05
6                                     -3.5985156580000000e-03         1.1010458588000000e-02        -9.5492269775000003e-03         6.5220761120000003e-03        -6.4273770312999997e-03        -2.7708702697000001e-03         2.5932578410999998e-03         3.3786000843999998e-03
7                                      8.5051891581000003e-02         1.8998252933000000e-02        -1.7763838979999998e-02         3.7013016542000003e-02        -1.9597901588999998e-03         1.8079567879999999e-04         9.7695153422000004e-04         6.1192808674000003e-04
8                                     -9.0059768610999999e-02         3.1797107869000001e-03        -2.3157378378000000e-03        -5.7467912148000001e-03         1.4737581020000000e-03         7.8770225323000005e-04        -5.6821893183999998e-05         1.2834651976000001e-04
9                                     -2.9226719936000001e-02        -1.2139956597000000e-01        -1.3438971944000000e-01        -1.7925056559999999e-02        -1.7629223991999999e-02        -3.8199547961000001e-03         4.9006907266999997e-03        -1.6157901414999998e-02
10                                     8.5762367034999997e-04        -1.3105566648000000e-01        -3.9566004247999997e-01        -3.9566304373000002e-02         3.0875770100000002e-02         4.2908472727000001e-03        -6.8536016227000000e-03        -4.0141701553000002e-02
11                                     3.2077782744000000e-01        -2.1107685418999999e-02        -2.4727915382999999e-02        -2.2765551161000000e-02        -2.1782407603000001e-02        -4.4367240117999997e-03         5.7750127407000000e-03        -8.8934266604999996e-03
12                                     5.8123981622999997e-03        -1.3788593143999999e-02         6.0231829452999999e-03         3.2948571598000000e-03        -1.3439467405000000e-01         1.1594991464000000e-01        -9.2092515498000002e-02        -1.1575954702000001e-01
13                                    -6.5774830196999997e-03        -3.5926340857000000e-02         7.5867678204999999e-03         6.4775366970000001e-03         1.1370622421000000e-01        -2.6588896422000002e-01         1.5186031018000001e-01        -1.1983836891000001e-01
14                                    -3.4522313590999998e-02        -5.7405111477999999e-03         4.6297805319000000e-04         9.9289977377000011e-04        -8.9617077103000001e-02         1.4971585323000000e-01        -1.9061854233000000e-01        -4.0212172625999999e-02
15                                     7.5881422101000003e-04         1.6181392164999999e-04        -2.7009852074999999e-05         1.7311548507000001e-04         5.0206949889999997e-05         3.5414193184000003e-05        -1.6435037063999999e-05        -9.3903986729999997e-06
16                                     2.4214462857000000e-04         1.6208814330999999e-05        -1.5241792671999999e-05         5.6380395901999996e-06        -3.1315519428000003e-05        -5.4425661231000003e-05         5.7997295577999998e-06        -7.0884269603999994e-05
17                                     2.8572907373999999e-05         4.8428011249000000e-05        -7.7715113431999999e-06         7.0931392610000001e-05         3.1005289466999997e-05         3.7895029295000001e-05        -4.3014847589999997e-06         3.1862560594000001e-05
18                                    -7.7445777429000005e-04        -6.1302833358000002e-05        -5.5843768950000002e-05        -1.1243489177000000e-06        -3.2360923218000002e-05        -3.6558188558000002e-05         7.8355849079999999e-06         7.6645307202000003e-06
19                                    -4.0064272267000003e-05        -9.7564046074000006e-05         7.9597345985999999e-05        -1.0634482530000000e-04         2.1139721312999998e-06         2.9668708042999999e-06         1.5131714850000000e-05         3.8643257110000000e-05
20                                    -1.1622910611000000e-03        -8.0736648276000001e-05        -5.8541326290999998e-05        -3.0084644684000000e-05        -3.4003560797999997e-05        -2.7247710084000001e-05         1.7103893648000000e-05         5.1376665473000003e-06
21                                    -4.6193616578999998e-04        -3.5281272232000002e-04         1.4191816536999999e-04        -2.7185358205999998e-04        -4.3945605448999997e-05        -3.7602338581999999e-05         3.7491707913000000e-05         3.1098903439000002e-05
22                                     3.2184013212999998e-05         3.2905146359999999e-04        -1.6538911466000000e-04         3.0188814246000001e-04         4.6241534097999998e-05         2.5952836934000000e-05        -2.7406264659999999e-05        -1.4467330713000000e-05
23                                     6.5326946585000001e-04        -2.6699624623000000e-05         1.4820676735000000e-05         5.8339037393999997e-05         2.0220275543000001e-06        -8.2678211812000001e-07        -5.7473814293000001e-06        -2.6296725288000001e-05
24                                    -1.9484256215999999e-03        -5.6499387243999998e-04         1.4589333995000000e-04        -1.9783754946000001e-04         1.1929808320000000e-05         2.1978873147000000e-05        -3.3734933289000003e-05        -5.3640718917000001e-04
25                                    -1.2602493137000000e-03         1.3550913104000000e-04         5.3199164484999999e-05         4.1362924327000001e-06        -1.6569677819000001e-05         1.5728851004000001e-04        -6.8043539922999998e-05         8.3505888491000005e-04
26                                    -1.7335020377999999e-03         7.8619920359000004e-05        -3.5078922131000001e-04         4.0496523119999998e-04         2.3791172206000000e-06        -1.2018750008000000e-04        -1.5548387461000000e-04        -9.0253470263999998e-04
27                                     1.9693932262999998e-03         1.5184008135999999e-03        -1.1285365570000000e-03         1.3049702024000001e-03        -2.7452994431999999e-04        -1.6572032651000001e-04         1.2573750919000001e-04         8.4564543969999997e-05
28                                     1.0381666357000001e-03         4.0498897160000001e-04         2.1495779186000001e-03        -1.3680927063000000e-03         1.3635717324999999e-03         5.5301486428000000e-04        -4.3927662683000002e-04        -4.0460182254000000e-05
29                                     1.2317734451999999e-03         9.0966604363999998e-04        -4.0970093835999998e-04        -6.1307903681999995e-04        -6.1156427713999996e-04        -2.6620343205000001e-04         4.6424593387000001e-04         4.2241245780000000e-04
30                                     4.6084796954000001e-02         1.3699590103999999e-03        -1.9903795995999999e-03        -4.8732867199999998e-03         9.7237661540000000e-04        -1.7482681181000000e-04         1.7277871244000001e-04         1.2108206656000001e-03
31                                    -6.8877922211000003e-02         5.3621688237000002e-03        -3.9107380821000000e-03        -2.7952482535999999e-02         1.0047449299000001e-04         3.2731272973999999e-04        -5.7067092891000004e-04        -6.6640516262999998e-04
32                                    -3.9728429986000002e-01         1.3104923902000000e-02         1.2058413694000000e-04        -4.4684581591000000e-02        -2.1235500070000001e-03         1.0231717369000000e-03        -5.3446963390999999e-04        -2.4794492132000001e-03
33                                     1.3104923902000000e-02         1.2493780285000000e-01         1.3576429656000000e-01         1.7885119424999998e-02         3.0338602888000002e-03        -5.2552096929999999e-04         2.0696024898000001e-04        -6.0141806331000004e-03
34                                     1.2058413694000000e-04         1.3576429656000000e-01         4.0341101092999998e-01         2.6709792632000001e-02         1.9866690196000000e-04         1.0943633086999999e-03        -2.0589347294000000e-04         2.6167965284000002e-03
35                                    -4.4684581591000000e-02         1.7885119424999998e-02         2.6709792632000001e-02         4.9477097524999999e-02        -3.5588156237999999e-04        -3.7683471128999998e-04        -2.2599953808000001e-05         6.0444551743000000e-04
36                                    -2.1235500070000001e-03         3.0338602888000002e-03         1.9866690196000000e-04        -3.5588156237999999e-04         1.3959211550000000e-01        -1.2095170438000000e-01         9.4507955044000003e-02         8.3697044034999994e-03
37                                     1.0231717369000000e-03        -5.2552096929999999e-04         1.0943633086999999e-03        -3.7683471128999998e-04        -1.2095170438000000e-01         2.7018451831000001e-01        -1.6201503354999999e-01         1.7018832905999998e-02
38                                    -5.3446963390999999e-04         2.0696024898000001e-04        -2.0589347294000000e-04        -2.2599953808000001e-05         9.4507955044000003e-02        -1.6201503354999999e-01         1.9070663925000000e-01         7.6160012393999997e-03
39                                    -2.4794492132000001e-03        -6.0141806331000004e-03         2.6167965284000002e-03         6.0444551743000000e-04         8.3697044034999994e-03         1.7018832905999998e-02         7.6160012393999997e-03         1.1940400039000000e-01
40                                    -1.3060949506000000e-03         2.3418432911000001e-03         8.3882804424999994e-05        -6.2044420748000003e-04        -1.1536068869000000e-02        -1.9304330585000001e-02        -1.1955443051000001e-02         1.2940588469000000e-01
41                                    -7.9797158472000003e-05         2.0672204987000000e-03        -3.8758233502999998e-04         3.4951391332999998e-04         1.1186848447000000e-02         2.2825057177999999e-02         9.4869822948000001e-03         3.9888861307999998e-02
42                                     4.2501422458000003e-03         1.6538221707999999e-03         3.0027271660999999e-04        -4.4881146786000001e-04         5.9992188306000000e-03        -5.0199079980000000e-03        -1.7878559471000002e-02         5.1550624071999996e-03
43                                     1.4159107923000000e-03         1.5584874684999999e-04         1.7920493591000000e-04         1.7749919244999999e-04        -9.7130515837000001e-03         8.0917710840000007e-03         3.0480178625000000e-02         1.1289456644999999e-02
44                                     4.0945481884000004e-03        -7.0778458448000003e-04         4.4998801679999999e-04         4.4418817951000000e-04         6.2874646736999999e-03        -7.1588528378999997e-03        -1.5646641759000001e-02         2.5769793949999998e-03
45                                    -5.5803807431000003e-02         9.7429750981999996e-04         6.2694653254000002e-04        -3.0495716346000002e-03         2.4334825069000001e-04         5.2704438365000002e-05        -2.9032962669999998e-04         1.6019393523999999e-04
46                                     2.9280021893999999e-02        -4.3986693660000000e-04         5.6825553630000000e-04         3.2215766689999998e-03        -2.9794779385000002e-04        -2.5205744302999998e-04         3.3965644497999998e-04         3.5653289017999998e-04
47                                     2.3262462131000000e-01        -5.6491745340000003e-03         5.5512494846999996e-04         2.0801724769000000e-02         6.9544034212000005e-04        -3.6202261619000000e-04         5.2038534198999996e-04         7.1106965465000005e-04
48                                     4.5185968214999997e-02        -1.4570406313999999e-03        -3.9090164355000000e-04         3.1430579696000000e-03         2.6563467403999997e-04         1.9648337112000000e-04         1.7557417642000001e-04         4.3303898866000001e-04
49                                     4.3302863430999998e-03         1.0643255005000000e-03         2.1916226526999998e-03         9.3619554028000004e-05        -5.1300960180999998e-04         6.8155511183999996e-04        -1.4834882740999999e-03        -1.2438397456000000e-03
50                                    -1.0530186525999999e-02        -1.0529045361000000e-04        -6.1475672906999995e-04        -4.8424840010999998e-04        -1.5965102630999999e-04         3.0475395363999998e-04        -1.6212163419000001e-04         3.5072709586999999e-04
                                                        40                          41                          42                          43                          44                          45                          46                          47

0                                     -8.9681537935999995e-05         1.8778821190000000e-04         1.3442209843000000e-04        -1.8891932292000000e-04         7.3986212951000007e-05         2.6937210077000002e-04        -6.9047917071999996e-05        -4.4396354797999999e-04
1                                     -1.0885346081000000e-04         2.6628446237999998e-05        -6.1147935412000004e-05         1.5116165085000001e-05        -5.8942669471000000e-06         3.6113456371999998e-04        -9.7139952001999998e-05        -1.2611462928999999e-03
2                                     -7.1245089415999995e-05         6.5440289166000007e-05         3.9801360001000002e-06         4.9395014596999998e-05        -1.1536661023000000e-04         1.4781495639000001e-04         3.9761782023000001e-06        -8.7068997483000005e-04
3                                      6.3792128706999999e-04         7.9658741037999994e-05         2.3428399619999999e-04        -2.0593635879000000e-04        -2.3845114954000000e-04        -1.3763379205000001e-03         1.6630759985000001e-03         1.0854097024000000e-02
4                                     -4.3446036191000003e-04        -2.7232820661999998e-04         3.2597079579999998e-04         6.0681023855000001e-04        -1.6175621199000000e-04        -3.2340084144000000e-03         4.1830816898000001e-03         2.3494163818000000e-02
5                                      5.4791127894000000e-04        -1.0156059529000000e-04        -1.6699974555000000e-05        -6.9416112818000006e-05         1.8489016832999999e-05         1.1518854639999999e-03        -1.3254432864000000e-03        -8.7498912812999999e-03
6                                      5.6589626398999998e-04         2.0203311037999999e-04         3.2693514125000001e-03        -6.9272429174000005e-05        -1.7014052495000001e-03         5.3959038579000005e-04         4.6425381517999997e-04         3.0437054660000002e-03
7                                      3.0807132449000001e-04         2.3783447746000000e-04        -1.9722351313000001e-03        -2.8431945373000002e-04         8.9420787374000006e-05         5.3166069642000000e-03        -6.2443781245999997e-03        -4.3714433572000000e-02
8                                     -2.6371727425000000e-04        -3.0644699675999999e-04         1.0425024659000001e-03        -1.1046178799000000e-04         1.1864572611000000e-03        -5.6510373114999997e-03         5.9001153030000001e-03         3.9186750972999999e-02
9                                      1.6665842777000000e-03         4.4924994853000003e-03        -1.6387514151000000e-02        -6.8062820554000002e-04         6.4276556201999999e-04        -1.4582540279000000e-03         3.7471938619999998e-03         3.1529008242000001e-02
10                                     6.4107186353000003e-03         7.4527114789000003e-03         6.9985625746000002e-03         1.0899235473999999e-03         2.0323028190999999e-05        -6.2269714111999998e-04         2.3347499122000001e-03        -1.4880807231000000e-02
11                                     2.9408151172999998e-03         2.5176580354000001e-03         3.6117383021000003e-02         1.3840426578999999e-03         2.8568376748000003e-04         2.3580672556000000e-02        -3.8446154824000003e-02        -2.6320385735000001e-01
12                                    -1.2439014074000000e-01        -4.1069474856000002e-02        -8.7708561088000001e-02         1.4450875413000001e-02         9.0086611740000003e-02         9.8367268533999997e-05        -5.3178309232999996e-04        -3.4615306789000000e-03
13                                    -3.7085695867000001e-01        -9.5036272386000001e-02         1.4911946573999999e-02        -8.0045223496999995e-02        -5.4650424731999998e-02         6.2875384907000001e-05         7.2707438853000003e-04         2.4250326886000001e-03
14                                    -9.6045754740999995e-02        -1.0218786818000000e-01         9.1696504395999995e-02        -5.4164101244999999e-02        -4.1349138566999999e-01         1.1908245182000000e-04         2.0494495891000002e-03         1.4131004492000001e-02
15                                    -1.2196192029000001e-05         3.7921810780999999e-06        -1.2537847179000001e-05         6.0684022503999999e-08         1.6562139532000000e-05         1.1575309693000000e-04        -1.4871512996000001e-04        -2.5601657727999998e-04
16                                    -2.9252731898000000e-06        -4.6127177865999999e-05        -2.2671968538999999e-05         4.9926796834999997e-05         1.7154927484000001e-05         2.8511146714000000e-05        -9.4112277702999996e-05        -3.1955306698999999e-05
17                                    -1.2751904702000000e-06         3.1942295339000001e-05         2.3689229226000001e-05        -2.5127351283000001e-05         5.6286815274999997e-06         4.7323469882000002e-05        -1.1401474965000000e-04         4.6879573944000002e-05
18                                     7.1916154412999999e-05         1.6296335585000000e-06         2.7891215448000001e-06        -1.5291388554000000e-05        -2.0554087222000002e-05        -1.0922780609000000e-04        -4.6945178029000001e-05         3.7147263152999998e-04
19                                    -3.9430415926000003e-06         2.9924775838999999e-05         2.7992060203000001e-06        -6.7907855839999996e-06        -1.5187005574999999e-05        -2.3190100996000002e-05        -1.7159058281000000e-06         7.6098998969999999e-05
20                                     6.5232298933000005e-05         3.7899769536999997e-05         1.4700527525000001e-05        -3.8568996400999999e-05        -2.5256247005000001e-05        -1.2880105314000000e-04        -1.0994751658999999e-04         5.6052328506999999e-04
21                                     2.9762839770999999e-05         7.6034436600000003e-06        -4.3727132647000002e-06         1.7415655306000000e-05        -7.7224693718000001e-05        -9.0453117660999998e-05        -3.0737768812999998e-05         2.7093294531000002e-04
22                                     3.6845661077000001e-06        -1.0539714147000000e-05         2.5179135102999999e-05        -1.3911834384000001e-05         7.3783244281000005e-05         4.8237526515000001e-05        -6.7103003131000001e-05         8.4321204686000003e-06
23                                    -7.4851280529999997e-06        -2.7225609214000001e-05        -2.3978156711000001e-05         3.1564745126000002e-05         3.2524913291999999e-05         9.1684317401999999e-05        -1.0598696374000001e-04        -2.0924474156999999e-04
24                                     1.7939548289000000e-03        -1.1067679926000001e-03        -1.1063849258000000e-04         2.3457017738000001e-04        -2.0772802336000001e-04        -3.4773159543999998e-04         4.1378855847000003e-05         8.9640624640000000e-04
25                                    -8.1411764884000001e-04         7.9746475775000001e-04         2.4248571255000001e-04        -2.9235565281999999e-04         1.5258193589999999e-04        -5.6543461277999999e-05         3.3614549740000003e-05         5.6612523636999997e-04
26                                     1.2653888370000000e-03        -5.9238940891999999e-04        -5.6992758395999998e-05        -1.4312432421000000e-04         9.1589462195999999e-05        -2.0098576732000001e-04        -2.6310597813000001e-05         7.8268288720000003e-04
27                                     3.0313827493000001e-05         1.3680560269000000e-05         2.8592309799999998e-04        -3.3556309831999997e-05        -7.7763778725999992e-06         2.8340589471999999e-04        -1.9603565203000001e-04        -7.9685146641000004e-04
28                                    -3.3141154919000000e-04        -2.3022386324999999e-05        -5.5488221139000005e-04         6.3355249790999997e-06         3.0064436249000002e-04         1.2562992928000000e-05        -1.5943962761999999e-04        -4.5982282158000003e-04
29                                     1.8380322030999999e-04         2.2021850399999998e-06        -2.8104590310000001e-04        -4.1558611651999997e-06        -2.4263933328000001e-04         1.3321951870000000e-05        -1.0811263204000001e-04        -1.9420091898000001e-04
30                                     2.5137747325000001e-04         7.4910124984999997e-05        -3.8483013570000000e-03        -3.9897917148000000e-04        -1.0728947693999999e-03        -3.5000037507000002e-02        -4.1901370965999997e-03        -4.9574965082999998e-03
31                                     8.3028025309000005e-05         5.6262404244000004e-04         6.8033555610999997e-04         6.1163818174999999e-04         7.7895663474999999e-04        -1.2604318959000001e-02        -9.7718229399999992e-03         4.5175926780000000e-02
32                                    -1.3060949506000000e-03        -7.9797158472000003e-05         4.2501422458000003e-03         1.4159107923000000e-03         4.0945481884000004e-03        -5.5803807431000003e-02         2.9280021893999999e-02         2.3262462131000000e-01
33                                     2.3418432911000001e-03         2.0672204987000000e-03         1.6538221707999999e-03         1.5584874684999999e-04        -7.0778458448000003e-04         9.7429750981999996e-04        -4.3986693660000000e-04        -5.6491745340000003e-03
34                                     8.3882804424999994e-05        -3.8758233502999998e-04         3.0027271660999999e-04         1.7920493591000000e-04         4.4998801679999999e-04         6.2694653254000002e-04         5.6825553630000000e-04         5.5512494846999996e-04
35                                    -6.2044420748000003e-04         3.4951391332999998e-04        -4.4881146786000001e-04         1.7749919244999999e-04         4.4418817951000000e-04        -3.0495716346000002e-03         3.2215766689999998e-03         2.0801724769000000e-02
36                                    -1.1536068869000000e-02         1.1186848447000000e-02         5.9992188306000000e-03        -9.7130515837000001e-03         6.2874646736999999e-03         2.4334825069000001e-04        -2.9794779385000002e-04         6.9544034212000005e-04
37                                    -1.9304330585000001e-02         2.2825057177999999e-02        -5.0199079980000000e-03         8.0917710840000007e-03        -7.1588528378999997e-03         5.2704438365000002e-05        -2.5205744302999998e-04        -3.6202261619000000e-04
38                                    -1.1955443051000001e-02         9.4869822948000001e-03        -1.7878559471000002e-02         3.0480178625000000e-02        -1.5646641759000001e-02        -2.9032962669999998e-04         3.3965644497999998e-04         5.2038534198999996e-04
39                                     1.2940588469000000e-01         3.9888861307999998e-02         5.1550624071999996e-03         1.1289456644999999e-02         2.5769793949999998e-03         1.6019393523999999e-04         3.5653289017999998e-04         7.1106965465000005e-04
40                                     3.8828181112999999e-01         1.0187149938999999e-01        -7.6035803179000004e-04        -1.4102992657000000e-03         2.4341670326999999e-03        -8.0283727781999997e-07        -1.8667781622000001e-04         6.7871169895000001e-04
41                                     1.0187149938999999e-01         9.6795387671000002e-02        -1.6157795321999999e-02        -3.7196738399000000e-02        -6.2151975149999997e-03        -1.3228353827999999e-04        -2.2188429632000000e-04         3.3216700924000001e-04
42                                    -7.6035803179000004e-04        -1.6157795321999999e-02         9.1383791556999994e-02        -1.4745572218000000e-02        -9.5323136251999993e-02         3.4207352844999999e-04        -3.7922121110000001e-04        -1.8757740885999999e-03
43                                    -1.4102992657000000e-03        -3.7196738399000000e-02        -1.4745572218000000e-02         7.1802413376000004e-02         5.8306095600000003e-02         6.6783150585999996e-05        -1.0078320264000000e-05        -6.0451105214999999e-04
44                                     2.4341670326999999e-03        -6.2151975149999997e-03        -9.5323136251999993e-02         5.8306095600000003e-02         4.2850969964000002e-01         1.6990552251000001e-04        -3.0640315794000001e-04        -1.5836618770000001e-03
45                                    -8.0283727781999997e-07        -1.3228353827999999e-04         3.4207352844999999e-04         6.6783150585999996e-05         1.6990552251000001e-04         5.9052852756999996e-01         1.0779398714000001e-01         8.8627445866999999e-02
46                                    -1.8667781622000001e-04        -2.2188429632000000e-04        -3.7922121110000001e-04        -1.0078320264000000e-05        -3.0640315794000001e-04         1.0779398714000001e-01         2.9274052942000001e-02         1.5031747562000000e-02
47                                     6.7871169895000001e-04         3.3216700924000001e-04        -1.8757740885999999e-03        -6.0451105214999999e-04        -1.5836618770000001e-03         8.8627445866999999e-02         1.5031747562000000e-02         1.8103630645000000e-02
48                                    -6.2067262525000003e-06         2.5979596579000000e-04        -3.8881257160999999e-04        -1.6380347934000000e-04        -4.9732006550000005e-04        -5.5517288757000005e-01        -1.0773598478000000e-01        -1.1955877102000000e-01
49                                    -1.7172188153000000e-03        -6.0924965084999995e-04         2.8444430584000002e-05        -3.9016104053000002e-04        -3.2459736862000001e-04        -9.7828788932999997e-02        -2.0236303608000002e-02        -2.6696664966000001e-02
50                                     2.8393077145999999e-04        -1.0870799961000000e-04        -1.0861086198999999e-03         5.1151851302999997e-04         2.6513399001000001e-03        -4.8692320192000003e-02        -1.5062285609000000e-02        -5.2278824143000002e-02
                                                        48                          49                          50

0                                     -3.0982918291999999e-03         5.3114429461000002e-04         1.7761118659999999e-03
1                                     -2.0902501568000002e-03         1.6511161427000000e-03         5.6964466974000001e-04
2                                     -1.6657447324000001e-04         2.2488245769999998e-03        -2.7775932214000000e-03
3                                      4.8816738887000003e-03        -1.3200380393000000e-03        -8.3079673185999998e-04
4                                      5.0910748845000003e-03        -1.4991514476999999e-03        -3.4809773668000000e-04
5                                     -1.5467780794000000e-03         4.5061935281000001e-05         4.6923780701000000e-05
6                                     -4.7749187327000000e-03         1.7060003393000000e-03         4.5079996526999999e-04
7                                     -6.1853543199000003e-03         5.7814166510999996e-04         9.9707598666000006e-04
8                                      5.5008757800000000e-03         8.5740566631000001e-04        -6.4719156852000004e-04
9                                      7.1088110821999999e-03        -1.7147882717000000e-03        -2.2643894891999999e-03
10                                     3.2643614459999999e-04        -3.2163721946000001e-03         3.9459453892999998e-04
11                                    -2.1584652419000001e-02        -3.0037505119000002e-03         1.8094841498000000e-03
12                                    -2.7174777545999999e-03         1.8765022955999999e-03         9.6514896714000001e-04
13                                     3.4563421304000002e-04         1.5221485671000001e-03        -1.0732527721000001e-03
14                                     2.7584975842999998e-03         2.7556635348999999e-03        -1.2638077141000001e-03
15                                     2.6321587698000001e-03        -8.6647592763000006e-05        -4.9931946048999999e-04
16                                     1.0554811557999999e-03        -2.2519865132999999e-04        -2.0121477019000001e-04
17                                     4.1038991239000002e-05        -1.4236846338000000e-05        -2.3215926038999999e-05
18                                     2.7086838722000000e-04        -1.4423923273000001e-04        -9.9521638444000004e-05
19                                     3.4058017366999998e-04        -2.0792226708000001e-03        -4.9301068288999997e-04
20                                     3.4335559779999998e-04        -1.2606605687000001e-03         2.1727748871000000e-04
21                                     4.2516224646000001e-04         1.4291803817000000e-04        -1.1017115825999999e-03
22                                    -6.2735916598000003e-05         5.6546216012999999e-05        -4.3935687403000003e-04
23                                    -4.5013936649000001e-06        -3.1594268074999998e-04         2.5311163402999999e-03
24                                    -2.6118220718000002e-03         3.3149441859000000e-04         4.3727681613000001e-04
25                                    -6.6143442799000002e-04         3.7065197581000002e-04         7.3117535093000004e-05
26                                    -1.0486800989000001e-04         3.2601358359999997e-04        -1.0159183826000000e-04
27                                     2.8122386173999999e-03        -2.4943969391000000e-04        -4.2224457739000002e-04
28                                     4.6238710123999997e-04        -1.8611939068999999e-04        -2.3658601041999999e-04
29                                     4.8476068959000000e-04        -1.3079801926000001e-04         3.8630832712999999e-06
30                                    -3.9691669661999999e-03        -5.8806466412999999e-03        -3.4289251377000000e-02
31                                     6.1779862796000002e-03         1.5496392284000001e-03        -7.8485880384000003e-03
32                                     4.5185968214999997e-02         4.3302863430999998e-03        -1.0530186525999999e-02
33                                    -1.4570406313999999e-03         1.0643255005000000e-03        -1.0529045361000000e-04
34                                    -3.9090164355000000e-04         2.1916226526999998e-03        -6.1475672906999995e-04
35                                     3.1430579696000000e-03         9.3619554028000004e-05        -4.8424840010999998e-04
36                                     2.6563467403999997e-04        -5.1300960180999998e-04        -1.5965102630999999e-04
37                                     1.9648337112000000e-04         6.8155511183999996e-04         3.0475395363999998e-04
38                                     1.7557417642000001e-04        -1.4834882740999999e-03        -1.6212163419000001e-04
39                                     4.3303898866000001e-04        -1.2438397456000000e-03         3.5072709586999999e-04
40                                    -6.2067262525000003e-06        -1.7172188153000000e-03         2.8393077145999999e-04
41                                     2.5979596579000000e-04        -6.0924965084999995e-04        -1.0870799961000000e-04
42                                    -3.8881257160999999e-04         2.8444430584000002e-05        -1.0861086198999999e-03
43                                    -1.6380347934000000e-04        -3.9016104053000002e-04         5.1151851302999997e-04
44                                    -4.9732006550000005e-04        -3.2459736862000001e-04         2.6513399001000001e-03
45                                    -5.5517288757000005e-01        -9.7828788932999997e-02        -4.8692320192000003e-02
46                                    -1.0773598478000000e-01        -2.0236303608000002e-02        -1.5062285609000000e-02
47                                    -1.1955877102000000e-01        -2.6696664966000001e-02        -5.2278824143000002e-02
48                                     5.5536083147000004e-01         1.0330060828000000e-01         8.5570540464999997e-02
49                                     1.0330060828000000e-01         2.0948326258999998e-02         2.3182513472999999e-02
50                                     8.5570540464999997e-02         2.3182513472999999e-02         6.1117484228000001e-02
   &MODES [&Type "ArrayOfDoubles", &Dim (51,51)] "The modes of vibrations"
                                                         0                           1                           2                           3                           4                           5                           6                           7

0                                      0.0000000000000000e+00         0.0000000000000000e+00         0.0000000000000000e+00         0.0000000000000000e+00         0.0000000000000000e+00         0.0000000000000000e+00        -2.0914275192000000e-04        -8.1346682088999991e-03
1                                      0.0000000000000000e+00         0.0000000000000000e+00         0.0000000000000000e+00         0.0000000000000000e+00         0.0000000000000000e+00         0.0000000000000000e+00        -2.1262755599000001e-04         5.8881206653000001e-03
2                                      0.0000000000000000e+00         0.0000000000000000e+00         0.0000000000000000e+00         0.0000000000000000e+00         0.0000000000000000e+00         0.0000000000000000e+00        -3.1252264048999999e-04         5.6707889958000003e-02
3                                      0.0000000000000000e+00         0.0000000000000000e+00         0.0000000000000000e+00         0.0000000000000000e+00         0.0000000000000000e+00         0.0000000000000000e+00         3.7408284547000002e-03        -9.1608955510999995e-03
4                                      0.0000000000000000e+00         0.0000000000000000e+00         0.0000000000000000e+00         0.0000000000000000e+00         0.0000000000000000e+00         0.0000000000000000e+00         7.7954864158000002e-03         2.1752133273000001e-03
5                                      0.0000000000000000e+00         0.0000000000000000e+00         0.0000000000000000e+00         0.0000000000000000e+00         0.0000000000000000e+00         0.0000000000000000e+00        -2.7055185459000002e-03         5.0189925610999997e-02
6                                      0.0000000000000000e+00         0.0000000000000000e+00         0.0000000000000000e+00         0.0000000000000000e+00         0.0000000000000000e+00         0.0000000000000000e+00         3.6273821406999999e-04         8.5152723397999997e-03
7                                      0.0000000000000000e+00         0.0000000000000000e+00         0.0000000000000000e+00         0.0000000000000000e+00         0.0000000000000000e+00         0.0000000000000000e+00        -1.3855756819000000e-02        -5.4144829546000001e-02
8                                      0.0000000000000000e+00         0.0000000000000000e+00         0.0000000000000000e+00         0.0000000000000000e+00         0.0000000000000000e+00         0.0000000000000000e+00         1.3729815701999999e-02        -5.3109625494000001e-02
9                                      0.0000000000000000e+00         0.0000000000000000e+00         0.0000000000000000e+00         0.0000000000000000e+00         0.0000000000000000e+00         0.0000000000000000e+00         4.9632159663000001e-03        -1.2637851842000000e-03
10                                     0.0000000000000000e+00         0.0000000000000000e+00         0.0000000000000000e+00         0.0000000000000000e+00         0.0000000000000000e+00         0.0000000000000000e+00        -4.1210404029000001e-04        -3.2477947687999997e-02
11                                     0.0000000000000000e+00         0.0000000000000000e+00         0.0000000000000000e+00         0.0000000000000000e+00         0.0000000000000000e+00         0.0000000000000000e+00        -5.8148788602999997e-02        -1.7124788552999998e-02
12                                     0.0000000000000000e+00         0.0000000000000000e+00         0.0000000000000000e+00         0.0000000000000000e+00         0.0000000000000000e+00         0.0000000000000000e+00        -7.5860785939000004e-04         2.5172087154000000e-03
13                                     0.0000000000000000e+00         0.0000000000000000e+00         0.0000000000000000e+00         0.0000000000000000e+00         0.0000000000000000e+00         0.0000000000000000e+00         8.9165990003000001e-04        -3.3691616621000002e-02
14                                     0.0000000000000000e+00         0.0000000000000000e+00         0.0000000000000000e+00         0.0000000000000000e+00         0.0000000000000000e+00         0.0000000000000000e+00         5.0914440749999998e-03         2.1740080463000001e-03
15                                     0.0000000000000000e+00         0.0000000000000000e+00         0.0000000000000000e+00         0.0000000000000000e+00         0.0000000000000000e+00         0.0000000000000000e+00        -7.4701873272999995e-04         3.7640010649000001e-02
16                                     0.0000000000000000e+00         0.0000000000000000e+00         0.0000000000000000e+00         0.0000000000000000e+00         0.0000000000000000e+00         0.0000000000000000e+00        -3.5084255852000002e-04        -1.3760812796999999e-01
17                                     0.0000000000000000e+00         0.0000000000000000e+00         0.0000000000000000e+00         0.0000000000000000e+00         0.0000000000000000e+00         0.0000000000000000e+00         6.0756960442999998e-05        -2.0048861071999999e-01
18                                     0.0000000000000000e+00         0.0000000000000000e+00         0.0000000000000000e+00         0.0000000000000000e+00         0.0000000000000000e+00         0.0000000000000000e+00         1.0062330243000000e-03        -2.4384605485999999e-01
19                                     0.0000000000000000e+00         0.0000000000000000e+00         0.0000000000000000e+00         0.0000000000000000e+00         0.0000000000000000e+00         0.0000000000000000e+00         1.1135609681000000e-05        -7.1391854046000000e-02
20                                     0.0000000000000000e+00         0.0000000000000000e+00         0.0000000000000000e+00         0.0000000000000000e+00         0.0000000000000000e+00         0.0000000000000000e+00         1.3890575268000001e-03         2.3850117426000000e-01
21                                     0.0000000000000000e+00         0.0000000000000000e+00         0.0000000000000000e+00         0.0000000000000000e+00         0.0000000000000000e+00         0.0000000000000000e+00         6.5233647840999998e-04         1.7806764822999999e-01
22                                     0.0000000000000000e+00         0.0000000000000000e+00         0.0000000000000000e+00         0.0000000000000000e+00         0.0000000000000000e+00         0.0000000000000000e+00         3.4564958892999999e-05         2.3308933840000001e-01
23                                     0.0000000000000000e+00         0.0000000000000000e+00         0.0000000000000000e+00         0.0000000000000000e+00         0.0000000000000000e+00         0.0000000000000000e+00        -8.9850457492000001e-04         1.4718345071000000e-01
24                                     0.0000000000000000e+00         0.0000000000000000e+00         0.0000000000000000e+00         0.0000000000000000e+00         0.0000000000000000e+00         0.0000000000000000e+00         4.0512197537999999e-03        -2.7567011472000000e-02
25                                     0.0000000000000000e+00         0.0000000000000000e+00         0.0000000000000000e+00         0.0000000000000000e+00         0.0000000000000000e+00         0.0000000000000000e+00         2.9849194383000000e-03         6.7477740241999998e-02
26                                     0.0000000000000000e+00         0.0000000000000000e+00         0.0000000000000000e+00         0.0000000000000000e+00         0.0000000000000000e+00         0.0000000000000000e+00         2.3044066790999999e-03         1.6475018180000001e-01
27                                     0.0000000000000000e+00         0.0000000000000000e+00         0.0000000000000000e+00         0.0000000000000000e+00         0.0000000000000000e+00         0.0000000000000000e+00        -2.0818102668999998e-03         2.3702705620999999e-02
28                                     0.0000000000000000e+00         0.0000000000000000e+00         0.0000000000000000e+00         0.0000000000000000e+00         0.0000000000000000e+00         0.0000000000000000e+00        -3.3558592414999998e-03        -1.0687731955000000e-01
29                                     0.0000000000000000e+00         0.0000000000000000e+00         0.0000000000000000e+00         0.0000000000000000e+00         0.0000000000000000e+00         0.0000000000000000e+00        -1.2396749752000000e-04        -1.4857411909000001e-01
30                                     0.0000000000000000e+00         0.0000000000000000e+00         0.0000000000000000e+00         0.0000000000000000e+00         0.0000000000000000e+00         0.0000000000000000e+00        -8.4624190052000003e-02        -1.0571956037999999e-02
31                                     0.0000000000000000e+00         0.0000000000000000e+00         0.0000000000000000e+00         0.0000000000000000e+00         0.0000000000000000e+00         0.0000000000000000e+00         1.4923267228000001e-01         4.5222102849000002e-02
32                                     0.0000000000000000e+00         0.0000000000000000e+00         0.0000000000000000e+00         0.0000000000000000e+00         0.0000000000000000e+00         0.0000000000000000e+00         9.4025492079999995e-01        -3.2537051108000002e-02
33                                     0.0000000000000000e+00         0.0000000000000000e+00         0.0000000000000000e+00         0.0000000000000000e+00         0.0000000000000000e+00         0.0000000000000000e+00        -2.6771160339999999e-02         4.1064820514000004e-03
34                                     0.0000000000000000e+00         0.0000000000000000e+00         0.0000000000000000e+00         0.0000000000000000e+00         0.0000000000000000e+00         0.0000000000000000e+00         3.8327621904000000e-04        -3.3748885191000000e-02
35                                     0.0000000000000000e+00         0.0000000000000000e+00         0.0000000000000000e+00         0.0000000000000000e+00         0.0000000000000000e+00         0.0000000000000000e+00         9.2771400539000001e-02         1.0021603387000000e-02
36                                     0.0000000000000000e+00         0.0000000000000000e+00         0.0000000000000000e+00         0.0000000000000000e+00         0.0000000000000000e+00         0.0000000000000000e+00         1.4682697134000000e-03        -4.9699665539999997e-03
37                                     0.0000000000000000e+00         0.0000000000000000e+00         0.0000000000000000e+00         0.0000000000000000e+00         0.0000000000000000e+00         0.0000000000000000e+00        -1.8444125657000000e-03        -3.3150150267000002e-02
38                                     0.0000000000000000e+00         0.0000000000000000e+00         0.0000000000000000e+00         0.0000000000000000e+00         0.0000000000000000e+00         0.0000000000000000e+00         1.8113683704000000e-03         6.1559075151000004e-03
39                                     0.0000000000000000e+00         0.0000000000000000e+00         0.0000000000000000e+00         0.0000000000000000e+00         0.0000000000000000e+00         0.0000000000000000e+00         3.3476041714000002e-03        -2.9395597002000000e-03
40                                     0.0000000000000000e+00         0.0000000000000000e+00         0.0000000000000000e+00         0.0000000000000000e+00         0.0000000000000000e+00         0.0000000000000000e+00         2.0743710958999999e-03        -3.4127723074999998e-02
41                                     0.0000000000000000e+00         0.0000000000000000e+00         0.0000000000000000e+00         0.0000000000000000e+00         0.0000000000000000e+00         0.0000000000000000e+00         3.9136465209000000e-04         3.2761273561000000e-03
42                                     0.0000000000000000e+00         0.0000000000000000e+00         0.0000000000000000e+00         0.0000000000000000e+00         0.0000000000000000e+00         0.0000000000000000e+00        -5.7845247604999999e-03         1.3416026871000001e-02
43                                     0.0000000000000000e+00         0.0000000000000000e+00         0.0000000000000000e+00         0.0000000000000000e+00         0.0000000000000000e+00         0.0000000000000000e+00        -2.0497793159000000e-03        -3.7507125345000003e-02
44                                     0.0000000000000000e+00         0.0000000000000000e+00         0.0000000000000000e+00         0.0000000000000000e+00         0.0000000000000000e+00         0.0000000000000000e+00        -2.8354930004000000e-03         5.2866222607000002e-03
45                                     0.0000000000000000e+00         0.0000000000000000e+00         0.0000000000000000e+00         0.0000000000000000e+00         0.0000000000000000e+00         0.0000000000000000e+00         3.9234389693000001e-03         1.6792126729000001e-03
46                                     0.0000000000000000e+00         0.0000000000000000e+00         0.0000000000000000e+00         0.0000000000000000e+00         0.0000000000000000e+00         0.0000000000000000e+00        -4.7832831447000004e-03         1.1890688258000000e-01
47                                     0.0000000000000000e+00         0.0000000000000000e+00         0.0000000000000000e+00         0.0000000000000000e+00         0.0000000000000000e+00         0.0000000000000000e+00        -3.4767670876000002e-02        -4.2713988951000002e-02
48                                     0.0000000000000000e+00         0.0000000000000000e+00         0.0000000000000000e+00         0.0000000000000000e+00         0.0000000000000000e+00         0.0000000000000000e+00        -4.9295305919999997e-02         9.5996880219000005e-02
49                                     0.0000000000000000e+00         0.0000000000000000e+00         0.0000000000000000e+00         0.0000000000000000e+00         0.0000000000000000e+00         0.0000000000000000e+00        -2.1680826424999998e-03        -4.4112376432000000e-01
50                                     0.0000000000000000e+00         0.0000000000000000e+00         0.0000000000000000e+00         0.0000000000000000e+00         0.0000000000000000e+00         0.0000000000000000e+00         2.1284022650000001e-02         2.1608228407000000e-02
                                                         8                           9                          10                          11                          12                          13                          14                          15

0                                      4.4732052581999996e-03         2.8646571882000000e-02         1.3901978428999999e-02         5.0717528833000000e-02        -6.2695115063999995e-02         7.8772294154000000e-02        -7.6981425603999997e-03        -1.2344102518000000e-02
1                                     -1.7700082312000001e-02        -1.1769395170000000e-02         9.5866861850000002e-03         2.9187945629000001e-02         3.5804407123000002e-02         1.6730046613000000e-02         5.5175477690000002e-02        -9.7439065828999999e-02
2                                     -4.1582145850000002e-02        -1.0483525693000000e-01        -5.6412839901999999e-04         5.2655170569000001e-02         2.3791870093000000e-02         9.0272349964999991e-03         1.7594553785000001e-02         6.0691039816999998e-02
3                                     -3.6393977942999998e-03        -1.5023408041999999e-02        -2.4629771064000001e-02         5.3879604006000000e-03         1.6776505787999999e-02        -3.0232078139000002e-02        -1.3917232853000000e-02         1.4010880872000001e-01
4                                      8.1227338237000006e-03         3.0775187959999999e-02         3.8026957883000000e-02        -1.0516122434000000e-01         4.8118233970000004e-03        -4.5259179490000002e-02        -1.1314756679999999e-02         8.0938406968999992e-03
5                                      1.1010810426000000e-03         6.3827591958000003e-03         8.4378916659999997e-02        -9.0133088796000002e-02        -1.0524270205000000e-01         3.6919751670999999e-02        -6.0835939713999997e-02         6.7812817712999997e-03
6                                     -2.9755039225999999e-03        -3.1457337123000001e-02        -1.6832702365000000e-02        -5.0604551822000000e-02         3.2613137519000003e-02        -5.1210333769999998e-02         1.3166063993000000e-02         6.3623530656999994e-02
7                                      1.7558783436000001e-02         3.0631884506000000e-02        -4.4633085130999998e-02        -3.4447745824000002e-02         2.7021365535000001e-02        -5.5971820249999998e-02        -7.5912848864000002e-02         2.3263609827999999e-02
8                                      1.1267834131000000e-02        -7.8018572727000003e-03        -7.3984867945999996e-02        -1.6710562613999999e-03        -4.1597118733000003e-02        -3.5923414337000002e-03        -1.4394045230999999e-01        -4.6305911568999998e-02
9                                     -1.0534324685999999e-03        -5.1150166818999997e-02        -4.2211528620000001e-02        -3.4449986928999997e-02        -7.1343804175999998e-03         7.8170789470999996e-04         4.7634250465000000e-03        -6.7428801043999995e-02
10                                     2.1968959824999999e-02         3.8341185783999997e-02        -3.3939126368999997e-02        -2.7332042375000001e-02         2.3409896518000000e-02        -7.9865956155000008e-03         4.1413638269999997e-02        -2.2230762093000001e-03
11                                     1.0891685086000000e-02         2.2965523004000000e-02        -3.3527093692000000e-02        -1.0655932088000000e-02        -5.3752229164999998e-03         1.0516558555000000e-02         3.3704372465999999e-02         6.0776511380000002e-03
12                                    -1.2178359153000001e-03        -4.7974568911000000e-02        -2.9330908768999998e-02        -3.0897544228999999e-02         3.4971403499000002e-03        -9.8594147887999996e-03         4.8901523484999997e-03        -8.8112354557000006e-02
13                                     3.7562243017000001e-02         3.0909642998000000e-02         3.3934532265999999e-03         1.0045531721000001e-01        -4.3477396095000002e-02         8.0528044918999994e-02        -1.4319849629000000e-02         6.2126189438000003e-02
14                                    -1.9090387348000000e-03         3.5697246963000001e-02         9.0869635668999998e-02         5.6470743136999998e-02         1.0156532625000000e-01        -7.1332912509999999e-02        -2.4364145354000000e-02        -4.1604976774999997e-02
15                                    -3.4411179999000001e-02         7.3513123062999994e-02        -2.5765224712000000e-02         3.1250511547000002e-02        -5.7008926486999997e-02         5.1281488148000001e-02        -2.9591814306000001e-02         3.1886025790000001e-02
16                                     9.9525832492999997e-02        -1.4918339871000000e-01         1.3237071510000001e-01         9.5829419691000006e-02         9.2940334149999998e-03         1.1549146177000000e-01         1.2561452512999999e-01        -2.5198382490999999e-01
17                                     1.7496307067000000e-01        -3.9728844762999999e-01         1.7716182740000000e-01         3.5669986127000002e-02         8.8259299691999998e-02        -3.4557524615000001e-02         8.5182563907999997e-02         1.7713733229000000e-01
18                                     1.9969379658000000e-01        -2.2760727212000001e-01         1.9540952216999999e-01         1.1808417123999999e-01        -5.0660751666000002e-02         1.5311046128000000e-01         9.5694675147000002e-02        -1.1019184977000000e-01
19                                     6.0751397988999999e-02        -4.9187927685999999e-02         9.3473870737999995e-02        -4.3821525928000003e-02        -1.7581745424000001e-03         1.0960667200000000e-02         2.7643221422000000e-02        -8.1298574799999995e-02
20                                    -2.3550885735999999e-01         5.2539367706000003e-03        -1.9392323221999999e-01         1.8898715360000001e-01         9.5052774487000002e-02         1.0083591754999999e-02         5.8812781594000003e-02         4.1033816988000002e-02
21                                    -1.4490168462000000e-01         2.7409754479999998e-01        -9.6094588297999994e-02         3.7386961874000001e-02        -1.5191906255000001e-01         1.3524032123999999e-01        -7.8432792712999994e-02        -1.4541241456000001e-01
22                                    -2.4638973989999999e-01         1.3251000268999999e-01        -2.2908283183000000e-01         1.5347478879000001e-01         1.2611659528999999e-01        -1.5712101847000001e-02         8.3157472679999997e-02        -6.4979944482999999e-02
23                                    -1.2233474929000000e-01        -5.1240121744000004e-03        -6.6606979149000003e-02         6.5163205436999994e-02         5.6598851189000000e-03         2.3278571532000001e-02        -4.0699305090000004e-03         2.2106343170000001e-02
24                                    -3.3179985433999999e-03        -2.5246990824999999e-02        -4.6138667766000001e-02         3.4181901416999998e-02         2.5152341006000001e-02        -3.1719819678999998e-02        -3.4820640684000002e-02         1.2494244171000000e-01
25                                     1.2264074195000000e-02         6.0823517979000000e-02         1.0524787372000000e-01        -2.2336417390999999e-01        -4.1964882802000003e-03        -6.8018050334000005e-02         5.8129723568000002e-02         6.4572778491000002e-02
26                                     3.2129745542999999e-03         9.5087655066999996e-02         2.4055533974000001e-01        -1.9981542828000001e-01        -1.9852392180000000e-01         9.1669349794999994e-02         7.5009410900000004e-02         2.6983656549000000e-02
27                                    -3.3108171191999999e-03        -2.2638637739999998e-02         5.3277086517999998e-03        -7.1482614410000006e-02         2.1858962600999999e-02        -4.5214309558000002e-02         3.5641101558000002e-02         6.0058880331000000e-02
28                                     1.4058292061000000e-02         4.7153736951000003e-03        -1.1407441326999999e-01         3.8318738069999997e-02         6.2102139883000000e-02        -8.3025286653000005e-02        -1.5767710055000000e-01         1.0649493284000000e-01
29                                     8.6534011324000005e-03        -8.4215959120000003e-02        -2.2705374632000000e-01         1.0567221826000001e-01         1.6218418617000002e-02        -2.6943855406999999e-02        -2.6116890688000000e-01        -1.5193067304999999e-01
30                                     1.6271341897000000e-03        -2.7831381140999999e-02        -7.2491973811000004e-02        -5.5833289994000002e-02        -3.7407258293999997e-02         2.4987962284000000e-02         3.5737599217000003e-02        -6.8089139908000001e-02
31                                     4.3090675963000001e-02         1.2407274991000000e-02        -3.7505030203000000e-02        -4.0966416046000001e-02         4.3492018499000001e-02         1.6434426522000001e-02         1.5483944844000000e-01         1.1021343019999999e-02
32                                     1.1238936896000000e-02         3.6435326679999998e-02        -4.2636715321000003e-02        -1.1571132515000001e-02        -1.6407603561999998e-02         1.4144225983999999e-02         6.2326050568000002e-02         1.5365668052999999e-02
33                                     7.7648621621999999e-03        -5.0684166381999997e-02        -1.2144788468000000e-02         2.6612197021000001e-02        -3.1944982554000002e-02         5.5679099902999997e-02        -5.4637818404999999e-04        -8.0473787606000005e-02
34                                     2.3581887340000000e-02         3.9684090031999998e-02        -4.4326998280000002e-02        -5.0424422109000000e-02         3.3499003373999997e-02        -3.4235595698999997e-02         3.1463429712000002e-02         4.1875443665000001e-03
35                                     1.3696025124000000e-02         1.5153943388000000e-02        -6.5900942869000001e-02        -3.2390466238000001e-02         4.4265161942999998e-03         5.5862515318000003e-02         1.7619140286000001e-01        -4.1434675950000001e-04
36                                     1.0036967775000001e-02        -6.0091835364000000e-02        -6.5396797918000002e-02        -4.0991081812000001e-03        -6.0783034898999999e-02         1.0120267123000000e-01        -6.8001987752999999e-03         6.8149588787000002e-03
37                                     2.0305051685000001e-03         1.8151964140999999e-02         2.1852258523999999e-02         2.4368643309000002e-02         1.5126825465999999e-01         3.6157615174000002e-01        -1.1000781190000000e-01         1.2017303200000000e-01
38                                    -6.0838210455000000e-02         2.7769185687000000e-02         1.4265712104000000e-01        -6.3303104792999998e-02         3.9947781287000000e-01         2.0176852749999999e-01        -1.3704561456000000e-01        -4.3655275285000003e-02
39                                    -8.7214761134000000e-03        -4.4871095143000000e-02        -8.1043494369999997e-02        -1.1815825030000000e-01        -1.5968249350000002e-02        -9.1752173970999995e-02         8.0422750320000000e-02        -1.5085398915000001e-01
40                                     2.0092226992000001e-02         2.3100332987000000e-02         1.6320362277000001e-02         7.3684118074999999e-02         5.3493195480999997e-02         2.3479428803999999e-01        -7.1385510760000007e-02         1.0330587044000000e-01
41                                     4.8459774344999998e-02         5.3555493427000000e-02         1.2009049379000000e-01         2.5339175404999997e-01        -1.8281780130000000e-01        -4.6160130130999999e-01         6.0792700632999998e-02        -9.6355510536000000e-02
42                                    -1.4062272420999999e-02        -4.1129798937999999e-02         6.8748565466000000e-02         3.1898366237000000e-02         9.4183973345999997e-02        -4.8047162770999997e-02        -6.1599556612999998e-02        -1.3625468265999999e-01
43                                     9.9512555347000001e-02         4.5027750832000002e-02         2.7621998536999999e-03         3.1495715433999999e-01        -3.9758186942000001e-01        -2.9633713570999998e-01         8.8800118876999998e-02         5.6849064274000001e-02
44                                    -1.6804078483000001e-02         3.5898117269000003e-02         1.1987480608999999e-01         4.0974204904000000e-02         1.8273677440000000e-01        -2.3029855520999998e-02        -5.9856444135999998e-02        -5.2891987507999998e-02
45                                    -4.9752380265999999e-03         9.0828247176999999e-02         7.8007414873000003e-02         3.9143819534000000e-02         2.5889833162000001e-02        -9.5295437039000005e-03        -1.6601028996999999e-03         2.1454328169000000e-03
46                                    -8.5335476557000002e-03        -9.1673823244000002e-02         1.3472600547000000e-02         9.9703176387000002e-03        -2.9787904600000002e-02        -5.5715815907000001e-03        -1.5593401296000000e-02        -1.5546262208000000e-03
47                                     1.6716143709000000e-02         5.1094967387000000e-02        -5.0692341925000002e-02        -2.3162953247999999e-02        -3.1145620445000000e-03         1.9937195295000001e-02         1.1969621775000000e-01         1.7597697238000001e-02
48                                     1.2115321763000000e-01         1.0450670976000000e-01         7.2332487451000002e-02         6.1980055100999999e-02         5.5456781475000001e-02        -1.3532137728000000e-02        -2.3705193703000001e-02         6.3790404397000003e-03
49                                    -7.9753165959000005e-01        -9.9636628192999996e-02         1.6758148797000000e-01        -5.5877594338999997e-02        -1.6976416778000000e-01        -1.0990993387999999e-02         7.6003276654999993e-02         2.9953863418000000e-02
50                                     1.5100374178000001e-01        -2.6419937062000000e-02        -2.0003311713999999e-01        -9.4563384540999995e-02        -2.4618382078999999e-02         5.2865830287000003e-02         1.6310753675000000e-01        -4.5570095969000003e-02
                                                        16                          17                          18                          19                          20                          21                          22                          23

0                                      1.9321795203000001e-02         3.1030286614000001e-02        -9.9503169467000004e-03        -1.2469508068000000e-03        -1.2149528808999999e-03        -5.3016294223000001e-03         7.7131451216000003e-03        -5.0690339979000002e-03
1                                     -4.4154582829999997e-02        -7.5305610923999997e-02         2.0668055368999998e-02         8.9057982960999999e-03        -5.3190861642999999e-02         5.2687398541999997e-02        -5.4140952830999997e-02         4.7481240623000000e-02
2                                      3.3779137461000003e-02         4.7098367900999999e-02        -1.7875659893000001e-03         1.5324454059000001e-02         3.4897910214000002e-02        -1.9511851659999999e-02         3.9796772475999997e-02        -3.0132195032999999e-02
3                                     -1.4130237015999999e-03         7.8558209787000007e-03         6.1445485388000000e-03        -1.1587399426000001e-02        -7.8630347603000000e-02         4.1371660770999998e-02        -4.8098101577000001e-02         2.7688909588999999e-02
4                                     -4.1658222081999999e-02        -2.5349000462000001e-02         4.0801991917999998e-02         4.3357902604999998e-02        -1.6095250928000002e-02         1.3360396606000000e-02         2.8005416629999998e-02        -1.3537170543000000e-02
5                                      1.0377746764999999e-02         3.3459709379000002e-02         5.0479895028000002e-02         7.4720688322000003e-02         1.0785237868000000e-02         3.0931467075999999e-02         9.3436061841999998e-03         2.6898716788000002e-02
6                                     -3.1894261453999997e-02        -1.0548499792000000e-01         1.9709183458000001e-02         1.0240285032000000e-02         1.3564167099999999e-01        -3.2509077747000001e-02        -2.1594930684000001e-02         1.3433942621999999e-02
7                                     -7.8373878251999998e-03         4.0297782741000002e-02        -4.0807598633000000e-02        -4.8930979239999998e-02        -1.3247123630000000e-02        -3.9057715345000001e-02         8.1490305410999997e-02        -1.6525744652000001e-02
8                                     -5.9610971160999997e-03        -4.0473178476000002e-02        -3.8430436337000003e-02        -8.5816177394999998e-02         1.0782979589000000e-02        -5.7414348814999999e-03        -9.5026431495000008e-03         1.0809129868000000e-01
9                                      1.1057337602999999e-02         1.7715874998999999e-03        -7.7690216232000004e-03         3.6130326679999999e-03         3.9938198346999999e-02         1.9953143808000000e-02        -4.8379007813000002e-02         2.6032434319999999e-02
10                                     1.4357396720000001e-01         8.3967210484999999e-02        -4.4063126499000002e-02         1.6447228572999999e-02         6.9364282326999996e-02         1.7239345090999999e-02        -1.5859432340999999e-02         1.4198660914000001e-02
11                                     9.6886097434999999e-02        -1.4316536571999999e-01        -1.7029887699999999e-02         1.2008591470000000e-02        -5.0283900776000000e-02         4.4633183734999998e-02         4.2672070754000001e-02        -5.2535882672000003e-02
12                                     1.6772883456000001e-03         4.1387388747999999e-02        -3.4080350769999997e-02         2.6503071808999999e-02        -1.0835634812000000e-01        -5.0250777392999997e-02         7.2580036126000003e-02        -2.9726424181000001e-02
13                                     8.6555597703000004e-04        -1.5499735846000000e-03        -2.5955156976000000e-03         4.7846392749999996e-03         1.3866357572999999e-02         3.0114142239999999e-02        -2.7487012081999999e-02        -2.6719303884000000e-04
14                                     1.0316075239000000e-02        -4.2971860801000001e-03         5.5087021520000001e-03        -4.1919759117000000e-04         2.0619858830000001e-03         2.8518660782999999e-02         1.3562900092000001e-02        -4.0433155720000002e-02
15                                     1.8150900495999999e-02         5.2337765873999999e-02         4.6853057244999998e-03         1.6269516976999999e-02        -6.7514135843999998e-02         4.2165540243000003e-02        -2.5731635826999999e-02         2.1956048698999999e-02
16                                    -3.8509971583999998e-02        -1.4104987715000000e-01        -2.4508378428000001e-02        -4.9727406937999999e-02         1.8948805710000000e-01        -1.1884033019000000e-01         7.7531775706000006e-02        -6.1728183153000001e-02
17                                     5.4504376233000001e-02         6.6470765276000002e-02        -6.0536337337000000e-02        -6.7626739684000001e-02        -1.3122380122999999e-01         5.4149497993999998e-02        -5.2828031805000002e-02         5.2674155894999998e-02
18                                     3.4907292977000001e-02        -2.4959339040000000e-02        -8.3315498582000005e-02        -9.9290773516999997e-02         1.9218264604999999e-01        -1.6802822118999999e-01         1.1133157627000000e-01        -1.1194088252000001e-01
19                                    -5.4858892924000001e-02        -5.8276794668000002e-02         7.7553687216000006e-02         8.5577498395000007e-02        -7.5998171574000004e-02         1.0065764451000001e-01        -6.1130578581000003e-02         5.9637751129000001e-02
20                                     5.2017517021000000e-02         1.8408431384000001e-02        -1.0326334092000000e-01        -1.2652682372999999e-01         5.2990334100000001e-02        -8.8427740426000004e-02         3.8088078995000003e-02        -3.5428995262000003e-02
21                                    -4.2232288099000002e-03         1.1546222544000000e-02         6.2501063923999997e-02         1.0041097604000000e-01         2.2137197618000001e-01        -1.0206550198000000e-01         1.5329982744000001e-01        -1.1512696473000000e-01
22                                    -2.7517847141000001e-02        -9.1013440520999994e-02        -7.4303889550999994e-02        -1.3600014338999999e-01        -1.0145925815000000e-01         2.5958687910999999e-02        -9.3406385391000005e-02         7.1820440562000001e-02
23                                     2.9791247954999999e-02         3.9679754044000003e-02         6.7813231013000002e-03         3.4174191452000000e-02         1.0414407701000000e-01        -5.8407768138999998e-02         8.6430746978999995e-02        -6.3547211625999994e-02
24                                    -7.4162461915000004e-03         3.0271892671000000e-02         5.3109050369000002e-02         7.4335557258000007e-02        -8.5400346397999996e-02         1.1038989550000000e-01         1.1403735395000001e-03         8.5560166224999998e-02
25                                    -4.6295506712999999e-02        -1.6043915185999999e-01        -1.0634247447000000e-01        -2.4496387611000001e-01         6.9237377628000002e-02        -2.5790842825999999e-01        -1.1043512899000001e-01        -2.3740092069999999e-01
26                                     9.4404222772000002e-02         2.7140840061999998e-02        -2.5706815063999999e-01        -4.1366026714999998e-01        -1.9052940653000000e-01        -2.0198175743999999e-01        -4.3047728890999998e-01        -1.7457815067999999e-01
27                                    -2.1072986496000000e-02        -1.1512662865000001e-01        -2.5869675028999999e-02        -4.7576600736999999e-02         1.6058353845000001e-01        -5.9464349236999997e-03         4.3221283504000001e-02         1.1692983839000000e-01
28                                    -5.4113940644999997e-02         7.7465729041000006e-02         1.2666696321000001e-01         1.3861385736000001e-01        -1.2377588638000001e-01        -1.4404634066999999e-01        -8.6847377032999995e-02        -4.1700743197000001e-01
29                                    -3.1802011078000000e-02         7.3930221395000001e-03         2.0891738072999999e-01         2.5088223329999998e-01         6.6201171699000000e-02        -1.5451746248000001e-01        -5.1697392523999997e-01        -3.5045375713999999e-01
30                                    -5.6763127093000000e-03         9.9813501582999994e-02         3.3163717455000002e-01        -3.3537221962000002e-01         3.3891216209999998e-02         1.7459729709999999e-01         4.2923990246999999e-02        -8.1732761414999994e-02
31                                     2.6338388978999999e-01         6.1977778451999997e-02         3.0176705679999999e-01         4.8474487151000001e-02        -3.7482304046000003e-02        -3.1721056584000001e-01        -5.7488346385000000e-02         2.0660648850999999e-01
32                                    -7.3011058980000001e-02        -4.3368238716999997e-02        -1.1005203421000000e-01         1.4589981958999999e-02        -9.0214784449999998e-03         9.2349635126000001e-02         5.2800212348000003e-02        -9.5490897913000000e-02
33                                    -1.6306698907000000e-03         2.9866576062000001e-02        -1.2600350305999999e-01         7.7385665623999997e-02         1.2752890108000001e-02         2.6068872161000001e-01        -1.5925344581000000e-01        -6.7153351190999994e-02
34                                     1.3620853108000000e-01         7.3856056645000001e-02        -2.5986511003999999e-02        -1.7466486180000001e-02         1.0192551385000000e-01        -5.2858012868000001e-02         3.4399678296999997e-02         3.8493997861000002e-02
35                                     2.9337003970999997e-01        -1.2990776023000000e-01         3.6410189018000000e-01         3.3013015769000002e-02        -2.0183675624000000e-01        -2.8329372195000002e-01        -6.2623241092000001e-02         1.9059382496999999e-01
36                                    -7.3879722233999995e-02        -1.8893068545000000e-01         3.4477094397000001e-03         3.7004199199999997e-02        -2.3048231039000000e-01        -1.5502679220000001e-01         2.7929181955999999e-01        -1.5456067558000000e-01
37                                    -7.8014211484999998e-02        -5.8058725828000000e-02         5.7276349168999999e-02        -3.0243835988000001e-02        -3.7961049592000001e-02        -8.2083243328999994e-02         4.4305744474000000e-02         1.9033557893999999e-02
38                                    -3.2326972834000003e-02         1.0445714885000000e-01         5.2296707129000003e-02        -5.3963398683999998e-02         2.1092915992999998e-02        -3.7424735389000000e-02        -4.6226925627000003e-02         7.6468127231999999e-02
39                                     1.8211047618000001e-01         1.2488974509000000e-01        -2.0799434479000001e-01         1.1617447173000001e-01        -3.6022930932000000e-02         2.1546442248000000e-01        -5.2474181256000001e-02        -1.1731765851000001e-01
40                                    -6.4640438928999996e-02        -5.9945066335999997e-02         4.4754048615999999e-02        -1.5954181700000000e-02        -2.4288927017000000e-02        -5.6697031677000000e-02         4.3661444085000001e-02        -3.2426676177999998e-03
41                                    -1.7188237418000001e-02         7.4578197282999997e-02         8.4450852411000005e-02        -5.0345584556000002e-02         1.5713982937000000e-02        -5.6247779848000001e-02        -3.4331792706000001e-02         8.0570790394000003e-02
42                                    -1.0936919743000000e-01         2.3268196226999999e-01         1.1109929301000000e-01        -8.3293898216000001e-02        -9.5231656666000003e-02        -2.4162890428000000e-01        -7.7262414814999996e-03         2.0276739258000001e-01
43                                    -4.3366487427999999e-02        -7.1644493515000005e-02         7.7500550959999998e-02        -2.2359772968999998e-02        -2.9053708336999998e-02        -1.0322498037000000e-01         6.0070313106000001e-02         1.3738946151000001e-02
44                                    -1.1715720276000000e-02         5.6534521857000003e-02         3.1382947857000000e-02        -2.4341156272000002e-02         1.5187845312000001e-02        -1.2657431575000000e-03        -2.4854847339000001e-02         2.1544458600999999e-02
45                                     1.0954355706000000e-03         2.6305251926000001e-03         1.6303139288000000e-02        -1.6030546693000001e-02         3.3299572387999999e-03         1.4681218264000000e-02         5.1870050590999998e-03        -1.2754910785000000e-02
46                                    -3.8037773986000001e-02         8.7461157264999995e-03        -1.3265950518000001e-02         7.9932829447000001e-04         3.0198952677999999e-03         6.4309582283000001e-03        -4.0061398029000002e-04        -2.4541442294000000e-03
47                                    -1.2538185691000001e-01         5.6102317893999998e-02        -4.0265294425000001e-02         4.0610830622000001e-02         5.6819198662000003e-03        -3.2295901662999997e-02        -1.6063391092000001e-02         2.4904943512000000e-02
48                                    -1.4382196914999999e-02        -1.4840382603000000e-02        -7.2896805556000005e-02         7.0446659605999995e-02        -8.5870327888000007e-03        -4.5045089548000003e-02        -1.8191045326999999e-02         3.7475910847999998e-02
49                                     6.2721955637000002e-03         2.5444782304000001e-02         6.5942263124999997e-02        -6.1340752709000003e-02         1.3126471382000000e-02         1.8326523857000000e-02         1.2610124663999999e-02        -2.4553678903000000e-02
50                                    -1.0049436168000001e-01         1.6763316540000001e-01         4.3708579729000002e-01        -4.2925793994000000e-01         6.8862191180000004e-02         3.0835596836000001e-01         1.0356756800000000e-01        -2.3930705912000000e-01
                                                        24                          25                          26                          27                          28                          29                          30                          31

0                                     -5.7127532589000003e-02        -1.7908620436999999e-02        -2.1586380033999999e-02        -8.7966051613000001e-02         7.0315162491000005e-02        -8.6935521992000005e-03        -5.8319331423999999e-03         4.4062928077999997e-02
1                                     -1.8761411876999999e-02         5.8348345381999997e-02         1.4831573597000000e-02         3.6318127525999999e-02         6.7483402604000004e-03         2.1454403144999998e-02         6.5743120150000001e-03         3.8572555388000002e-02
2                                     -2.7801013097000001e-03         1.0352429636000000e-01        -3.8422882947000002e-03        -3.6061433331000002e-02         7.4471610709000002e-03        -1.4736783218000000e-02        -5.8623911811000002e-03        -1.4137677701999999e-02
3                                      5.8979023595999998e-02         1.4924035055000000e-02         1.7482406959999999e-02         7.6086725517000006e-02        -8.5395499471999994e-02        -7.0722245611000004e-02        -3.4717020501999998e-02        -3.5804774097000003e-02
4                                      1.7907718369999999e-03        -5.3533991636999997e-02        -1.8669210559000001e-02        -8.9862959115000002e-02         2.2010144850000000e-02        -7.0043015092000005e-02        -2.5821095895000000e-02        -8.1098254083000004e-02
5                                      8.5027973691999999e-03        -9.0660434706000007e-02         1.8818014551000000e-02         6.3367372147000001e-02        -2.7240018408000000e-02         2.9321807482000001e-02         1.0724932132999999e-02         3.9764216137999998e-02
6                                     -1.7669712558000001e-02        -2.1494742281999999e-03         2.1340576922999999e-02         3.9034549336999999e-02         7.6535561288000001e-02         6.8372916266999997e-02         3.8847265510999998e-02         1.5915392013000001e-02
7                                     -1.8819908243000001e-03         1.4028619970000000e-02        -4.3341865819000000e-02        -3.2944330712000001e-02        -2.2744009445000001e-02         9.3158689872999995e-02         4.0277304345000001e-02        -7.3931650062999996e-02
8                                      2.8673611742000001e-02         2.1699368901999999e-02        -2.9400965227999998e-02         2.0138702851000001e-02         2.4741117088000000e-02        -4.0691407968999997e-02        -1.5327762108000000e-02         4.5440325183999999e-02
9                                     -3.5090866665999997e-02        -7.2789349940999997e-04        -4.4686745553000000e-02        -8.3333268843000005e-02        -1.1975122303999999e-01         3.2607613562000003e-02         2.4283996642999999e-02         7.2095941654999997e-03
10                                    -6.3774681597000005e-02        -1.7906463126000000e-03         6.0138808910000001e-02         3.8081294703000000e-02        -4.5337053770000003e-02        -4.8568913385000002e-02        -3.2122956393000001e-03         5.2561361814999999e-02
11                                     7.7697439054999996e-03        -1.8480152111000001e-03         9.3597700724000005e-02        -4.8930666907000001e-02        -1.4635583461999999e-04         5.4438523783999999e-02        -6.7211845840999998e-02        -2.8476272112000000e-02
12                                     1.3382465228000000e-02         5.8789340099000002e-04         2.7120831176999999e-02         5.6668630154999997e-02         6.1243159949000002e-02        -2.0847645533999998e-02        -6.5636901413000000e-03         9.1771875790000006e-03
13                                     6.8523073589000005e-02         9.1919029195999997e-04        -7.0534314213999997e-03         9.7034232165999993e-03         7.5598771428999997e-02         3.3161911130000000e-03         2.8113691526000000e-02        -2.3022684484000001e-02
14                                    -2.9994011053000001e-02         8.1201195710000002e-04        -9.2588586368000006e-02         3.4419079361999998e-02        -1.1507980155000000e-02        -2.9485703243999999e-02         3.6307323741999999e-02         1.3098052771000001e-02
15                                    -1.3671558596000000e-01         3.8088171036999997e-02        -3.2839316973999999e-02        -1.5477130714000001e-01         1.4240077575000001e-01        -5.0009593492000002e-04        -6.3980968385000002e-03         8.5632666703000002e-02
16                                     2.5723923932999998e-01        -1.1550979051000000e-01         4.8914768008999999e-02         2.4159496386000001e-01        -2.3197792010000001e-01        -2.3926454029999999e-02        -1.3857704193999999e-03        -9.8256240108999998e-02
17                                    -1.6205574067000000e-01        -1.9786663938999999e-01        -4.7068780134000003e-02        -1.6334502327000000e-01         1.5849739339999999e-01         1.6454765084000001e-02         1.8803012544000000e-03         7.1132120558000000e-02
18                                     1.5943794048000001e-01        -2.2987880519000001e-01        -7.4306172674000002e-03         4.1848130350999997e-02        -1.0634528465000000e-01        -5.4229147202999997e-02        -1.3782925345000000e-02        -1.5851795585000000e-01
19                                    -4.8360697720999997e-02         3.1539069439000000e-01         2.7974404118999999e-02         2.9427701824000001e-02         1.7964608080999998e-02         1.7149100758000000e-02         1.2922490893000000e-03         5.9102499715999998e-02
20                                     2.7505794792000000e-02        -3.8335583354000002e-01        -3.0490569360000001e-02        -3.2863569442000001e-02         7.9018448962999994e-03         2.2321817042000001e-03         6.0476044817000000e-03        -2.5945076165999999e-02
21                                     1.3907690619999999e-01         2.6636121450000000e-01         2.0283638454000000e-02         3.2708726117000000e-02        -1.0062225505000000e-01        -5.3487820948000003e-02        -1.3888685608000001e-02        -1.5039218552000000e-01
22                                    -6.4739611197000002e-03        -4.4950334974000000e-01        -1.0556182575000000e-02         5.0429943189000001e-02        -3.2389895276000000e-03         8.4769525386000008e-03        -5.3505628362000000e-04         3.3118403600999997e-02
23                                     6.4088445788999998e-02         1.3533792399000000e-01         6.1560715664999996e-03         1.1509404056000000e-03        -5.0539777121000003e-02        -3.2824863443999999e-02        -9.1564797707000007e-03        -8.0745462741000001e-02
24                                     3.2391905255999998e-02        -2.2846197366999998e-02         2.3841332674000001e-02         9.3192673614999999e-02        -9.1450197174000006e-02        -2.3881628673000001e-02        -7.7804551877000000e-03        -1.1181522175000000e-01
25                                     2.1782188208000000e-01         7.1001556808999999e-02        -3.4169344253000000e-02        -1.7623426579000001e-01         2.0378498645999998e-02        -4.3941854723000001e-01        -2.3576725336000001e-01         3.8416351133999999e-01
26                                    -1.3570314409000001e-01         1.3286103124000001e-01         3.0575915376000000e-05         1.3260582180000000e-01        -2.3237917715000000e-02         2.4015368722000000e-01         1.3275781442000001e-01        -2.3769543541999999e-01
27                                    -4.0398144454000001e-02         1.5412048169000001e-02        -1.2087850970000000e-03         3.7314936903000001e-02         9.1181732478999994e-02         4.7084803070000000e-02         3.1851666586999998e-02        -5.8754937994000001e-02
28                                     2.2389836448000000e-01        -4.2119918655999997e-02         6.2386953896999997e-02         1.6617154496999999e-02        -1.0270511452000000e-01         3.4531669644000001e-01         1.5814946187000001e-01         5.2183383419999996e-01
29                                    -2.2176638454000000e-01        -8.3383733572999996e-02         5.9007140036000001e-02         3.6895739395000002e-02         9.4001923680999994e-02        -1.8589893941999999e-01        -1.0186324291000000e-01        -3.0149131051000000e-01
30                                    -6.8998771713999997e-03        -6.3756103414999996e-03         5.7903392254000000e-02        -3.6504941589000001e-02        -3.0382264177000001e-02        -9.6760141374000005e-02         1.9754258492999999e-01         1.5887994541000001e-02
31                                     6.3318451806000001e-02         9.8560637828000001e-03        -4.2958800653000001e-01         1.3974188903000001e-01         9.4129860061999998e-02         2.6121199057000000e-01        -5.1682816223000005e-01        -2.3354476048999999e-03
32                                    -2.3191556330000002e-02        -2.9807183102000001e-03         1.4804836456000001e-01        -5.3029019556000000e-02        -2.6845202633000002e-02         4.1956646322000003e-02         1.0246378414000000e-02        -2.0696133472999999e-02
33                                     2.3424372111000000e-01         2.2755832646000002e-03        -2.0439106521000000e-01        -2.7477909092000002e-01        -2.5758934496000002e-01         1.5926937304000000e-01        -2.0659524699000001e-01         1.7567477604000001e-02
34                                    -1.9803632286000000e-01        -3.6662972354000001e-03         1.3725504316000001e-01         1.3146348561999999e-01         5.3955942713999998e-03        -8.5151065624999994e-02         3.7855020231999999e-02         5.6381390461999997e-02
35                                     2.1206440936000001e-01         6.5566688945999999e-03        -6.7108478484000006e-02        -2.1137464627999999e-01        -5.3139635238999998e-02        -1.5518852351000001e-01         5.5039126088000001e-01        -4.8965703685000000e-02
36                                    -3.5230063396000000e-01        -6.1671419839000004e-04        -1.7147501797000000e-01         1.8591099909000000e-01        -1.6271592735000001e-01        -1.0240092228000000e-01        -1.5978770564000001e-03         4.2346485662999998e-02
37                                    -9.7167501865000006e-02        -1.9412549875999999e-03         6.5778999438999994e-02         5.9215390430999998e-05        -6.7518765270000003e-02         1.3404997574000000e-02        -3.6273683321999997e-02        -1.2214227458000000e-02
38                                     3.8978513824000000e-02        -1.7820940317000000e-03         1.5553093018000000e-01        -7.1706290411000004e-02        -1.8220698577999999e-02         4.4082044563000002e-02        -5.3057737256000000e-02         2.7678981445000000e-03
39                                     3.2915100003999997e-01         7.9213186614000008e-03        -1.4071342843000001e-01         1.3411537020000000e-01         3.7307303734000002e-01        -3.8626661460000003e-02         1.3039225406999999e-01        -9.3986346265999998e-02
40                                    -8.3148511120999996e-02        -8.8455925611000000e-04        -1.5501936294999999e-02         2.0928184382000000e-02        -4.5110972857999997e-02        -2.0715252359999999e-02         5.5310706752000000e-03         3.4281124736999999e-02
41                                     4.0457411064999997e-02        -2.7170324518000001e-03         1.6331222653999999e-01        -8.9797816510999995e-02        -1.4154882904000000e-02         6.0505286226000002e-02        -6.2475923475999999e-02        -3.2874758180999997e-02
42                                     1.1333421909999999e-01        -4.8282419255999999e-03         4.9802062722000001e-01        -1.4701582515000000e-01         4.2174249961999997e-02         1.0319398232000000e-01        -1.6715654463999999e-01        -5.7403138637000001e-02
43                                    -1.3880877592999999e-01        -1.3694523529000000e-03         2.1326816245000001e-02         6.0928142786999999e-03        -1.1351721023000000e-01        -2.1560686908000001e-02        -3.0760593328000001e-02         5.2685931723999997e-02
44                                     2.9054172425000000e-02        -3.1469958978999998e-04         2.7600007164999999e-02        -2.2213830447000000e-02         9.9490858862000004e-03         7.0594744593000004e-03         4.9345287325000004e-03        -1.6734897657000002e-02
45                                    -1.7661064856000000e-03        -1.5339331621999999e-04        -2.4734710658000001e-03         6.0178655978000003e-03         4.9466878688999997e-03         3.9500214537000001e-03        -9.8906291382999997e-03        -1.0346719147000000e-03
46                                    -1.1243027930000001e-03        -1.1485256566999999e-04         4.9053547374000002e-03        -1.2411991945000000e-03        -1.5936888389000000e-03        -4.0584779525000003e-03         6.5443476058000003e-03         3.0986149750000000e-04
47                                     6.9120326581000003e-04         2.6780196802999998e-04        -1.4709115497000000e-02        -1.2535039683999999e-03        -5.9195264192999997e-03        -4.4310249000000003e-03         9.2054289221000004e-03         2.4177167187999999e-03
48                                     3.8652620468999999e-03        -2.3412491922000000e-04         1.1921890752999999e-03        -1.3381023420999999e-02        -1.3355883863000000e-02        -1.0901144324000000e-02         2.3524983198000001e-02         2.5538316486000000e-03
49                                    -4.3756854518000000e-03         6.4264934414000000e-03        -2.2051903657000001e-02         2.0768821834000001e-02         1.9240163152999999e-02         1.7762694858999999e-02        -3.2459093086000000e-02         2.0156959902000002e-03
50                                    -2.5440792002000001e-02        -6.1049632755000001e-03        -2.1691881251000002e-02         1.0115378254000000e-01         8.9650152923000007e-02         4.5543056828999999e-02        -1.3286489274999999e-01        -1.0693062519000001e-02
                                                        32                          33                          34                          35                          36                          37                          38                          39

0                                     -1.3537699713000000e-04        -5.4750844260999999e-02         4.4940092729999999e-02        -8.1012926652000005e-03        -1.3027334215000000e-02        -9.3189544788000005e-03         4.2209180893999998e-02        -1.3174677415999999e-02
1                                      4.3190651219000000e-03         5.9530087343999998e-02        -6.4347378097999994e-02        -4.4782889920999998e-02        -9.4105979008000003e-03         2.7837311800000000e-02         1.6179536921000000e-02        -4.0489744152999996e-03
2                                     -3.8353646804000002e-03        -4.2872517387999999e-02         4.3882195744999998e-02         2.4032343780999998e-02        -2.4026427208999998e-03         5.0540534034000002e-02        -2.2256005249000001e-03        -2.9430054574999999e-04
3                                     -1.9397008287000000e-02         6.3647909860999998e-03        -8.0751966059000001e-03        -1.2537480665000000e-02         6.7925623541000002e-04        -1.9192964310999999e-03         8.2307431160999998e-03        -2.2135727737999998e-03
4                                      4.9089142155000001e-03         1.3121035434000001e-02         1.7320926641000000e-02         1.3278853242999999e-01         1.3016076026000000e-02         7.0199209051999998e-03         4.1215616543000003e-02        -1.8489500177999999e-02
5                                     -6.6138608589999997e-03        -6.6711644955999997e-03        -1.1347679625000001e-02        -7.8693807392000006e-02        -8.1958524488000006e-03         9.3185384199999995e-03        -2.2241841730000000e-02         1.0520259676000000e-02
6                                      5.9647089842999997e-02         5.8314841959999995e-04         8.4030962891999995e-03         3.1007171324000000e-03        -1.0270248793000000e-02        -6.6272010758999995e-04        -5.8291324665000000e-03        -1.1888135737000000e-03
7                                     -4.8465484331000003e-03        -1.8737974324000001e-02         2.3640590093000000e-03        -1.2429268858000000e-01        -1.5747072830000000e-02        -1.0947809534000001e-03        -2.5009161581000000e-02         1.6115819106000000e-02
8                                      2.7042748580000001e-02         1.1155884361000000e-02         1.7244021013000000e-03         7.1051167531000006e-02         1.6471387960999999e-02         1.3352051589000000e-03         1.5544646241000000e-02        -9.4803533539000000e-03
9                                     -1.3602903500999999e-01        -1.2748191973000001e-02        -2.2124245494000001e-02         4.3173060445000000e-03         5.0054413104000002e-02         3.3254246944000002e-03         1.3822824867000000e-02         5.9188226540999997e-03
10                                     7.6647252434000002e-02         6.5054289835999998e-03         3.5354635772000000e-03         2.0353526596999998e-02         1.0272448544999999e-03        -1.7829217736000001e-05        -7.6575995745000000e-04        -1.6536337559000001e-02
11                                    -3.9866519172000001e-02        -1.9840281104999999e-03        -1.9186967795000000e-03        -5.1361799879999998e-03        -1.6187689275000000e-02        -1.2955468798000001e-03        -6.0198310395000003e-03        -1.1477592045000000e-03
12                                     1.4273923288000000e-02         8.6078266420999999e-02         9.4838903892000004e-02        -1.7057837579000000e-02        -6.4983751206000003e-03        -4.2216807421999999e-04        -4.9161750890000001e-03        -6.6589060698000000e-03
13                                    -5.0252955724999999e-02        -1.8118087745000000e-03        -2.2857960054999999e-03        -6.3422889189000001e-03         4.9724844943000003e-03         1.6856865564999999e-04        -1.2429499922999999e-02        -4.7913460892000000e-02
14                                    -2.8367125509000000e-03        -1.0478397558999999e-02        -1.3977708045000000e-02         4.3297778731000002e-03        -8.3754121043999995e-03        -8.2065748146000004e-04        -1.5268369828999999e-02        -2.1282315494999999e-02
15                                     9.0936833607999992e-03         5.2882335883000002e-02        -5.7473910465999999e-02        -1.8758486590000002e-02         4.1249046204000000e-03         1.1244728191000000e-01        -4.5948602153999998e-02         1.5938937382000001e-02
16                                    -3.0952816833999999e-02        -3.1827248223999999e-01         2.9371611941999998e-01        -5.4949570930999999e-03        -6.1760530727000003e-02        -3.4641891930000002e-01         3.0239164372999999e-01        -9.8129715367999998e-02
17                                     2.2386084061999999e-02         1.8733455891000000e-01        -1.7341296080999999e-01        -2.8583243241000001e-03         9.2047557862000001e-02        -6.1365638682000001e-01        -1.6706117389000000e-01         5.7410263429999997e-02
18                                     1.3763785361000000e-02         2.4337483280000000e-01        -1.8799332058000001e-01         1.2663822367999999e-01         7.2930685112999993e-02         4.6872930933000001e-01        -3.2235185445999998e-01         9.9392449359000004e-02
19                                    -9.3874335286999993e-03        -1.2112179570999999e-01         1.0793570654000000e-01         1.1799898075000001e-02         3.3954679209999998e-02        -1.7203943731000000e-03        -1.8477211232999999e-01         5.9906975118000000e-02
20                                     2.3392774365000001e-02         2.6897215430999999e-01        -2.5995206334999998e-01        -1.0361735690000000e-01        -9.4894472654000001e-02         2.6058967940999999e-02         4.3356685332000000e-01        -1.3871649823000001e-01
21                                     1.4740216184000000e-02         2.8718845216000000e-01        -2.3360569392000000e-01         9.4802881793999996e-02         1.0771804265000000e-01        -4.4748212720000002e-01        -2.0639566513999999e-01         6.6302254374999994e-02
22                                    -1.4454794785000001e-02        -2.5439592970000002e-01         2.4801910898000001e-01         1.0754144010000000e-01         1.2031676523000000e-01        -4.5506235771999998e-02        -5.0858208882000000e-01         1.6265401936000001e-01
23                                    -2.7867953887999999e-03         3.5493620315000002e-02        -1.3674295833000000e-02         7.6662121404000000e-02         4.9425147510000003e-02        -1.1318799507000001e-01        -1.4314225489999999e-01         4.4587640257000002e-02
24                                    -6.1125288792000000e-03         1.6140053033999999e-02         3.3275746804999999e-03         5.9048764197000003e-02         2.5347384599999998e-03         2.8655038867000000e-03         3.0092140581000001e-02        -1.2267630785999999e-02
25                                    -9.6103252094999994e-02        -5.4088416838000003e-02        -6.3237414399999997e-02        -3.3087224764000001e-01        -1.5515908122000001e-02        -1.0976587959000000e-02        -7.7860522688999997e-02         4.6918630348000000e-02
26                                     5.8177212369000003e-02         3.5448320339999999e-02         3.9263554515999999e-02         2.0014543157000000e-01         1.3964444373000000e-02        -1.4822667268000000e-02         4.9436951747000003e-02        -3.4737443161999997e-02
27                                     7.4845707782000004e-02        -6.7687463890999996e-03         1.2946334764999999e-02        -5.7418083485999999e-02        -1.7741072997000000e-02        -8.1390709092000004e-04        -1.6114687908000001e-02         4.8153354132999997e-03
28                                    -5.3962339626999999e-02         3.8813269538000003e-02        -3.1455470101999998e-02         3.2774401741999998e-01         5.5975305948000001e-02         2.5633602142999998e-03         4.6056286820999999e-02        -2.9503495223000002e-02
29                                     4.2111969626000001e-02        -2.0779257108999999e-02         2.1795452226000000e-02        -1.9203883308000000e-01        -5.0566681539000000e-02        -5.7684112978000001e-03        -3.1801779999000003e-02         1.8483606831000001e-02
30                                    -7.9483213780999998e-02         1.9737141866999999e-02        -3.4715865479999997e-02         1.2573200505000001e-01        -7.5404235493000005e-01        -5.2217281510999997e-02        -1.5290078096000001e-01         1.6456348690000001e-02
31                                    -1.2228142061000000e-01         5.5766665105000000e-03        -2.2347977243999999e-02         7.0437769307999998e-02        -1.6938349669000000e-01        -1.2463873157000000e-02        -2.8306395658999998e-02         2.7278332062999999e-03
32                                    -2.1270494341000000e-02        -5.7762366495000004e-03        -3.7085935822000001e-03        -3.5828076511999998e-02        -1.0733952100999999e-01        -7.8187493046999994e-03        -3.4408271301000000e-02         6.5371482127000004e-03
33                                     5.9599911734000000e-01         1.5622708902000000e-02         5.7927334859999999e-02        -5.0108439120000001e-02        -1.2297404861000000e-01        -7.7527081692999999e-03        -4.7782538570999997e-02        -3.5839482067000002e-02
34                                    -2.4106147354999999e-01        -2.6658111959999998e-03        -3.1884047760999998e-02         5.5058361988000001e-02         5.7559059886999997e-02         3.4401308519000002e-03         2.1792872740999999e-02        -4.3174566812000000e-03
35                                     2.0701483242999999e-01        -8.8679076435999992e-03         3.4742488814000001e-02        -1.2332363192000000e-01         1.5924831984999999e-01         1.1899999830999999e-02         1.6225338523999999e-02         2.2107773348999998e-03
36                                     2.0765947029000001e-01        -2.9030663138000001e-01        -3.1456716874000001e-01         8.2170095479000005e-02        -2.8017155750000001e-03        -3.0566096784000001e-04         1.2783243495999999e-02        -8.7805895654999994e-02
37                                     6.5950488562999995e-02        -1.0365873707000001e-01        -1.1046528719000000e-01         5.1517496054000002e-02        -3.8990581010999999e-03         1.3165336355000000e-03         1.5096241811000000e-01         3.3029385047999998e-01
38                                    -2.6572714216000002e-04         1.4547429223000000e-01         1.5911112517000001e-01         3.0670977545000002e-03        -2.1368725665000001e-02         6.3707191922000004e-04         1.7942576070999999e-01         5.1653347851999998e-01
39                                    -5.3294624675999998e-02        -3.0142896578000000e-01        -3.2704462792000000e-01         5.4026798296000003e-02        -7.7668459363999997e-03         5.4358153272999999e-04         1.0665330333000000e-01         3.2107950422999998e-01
40                                    -1.1988141341000000e-02         1.2472399945000000e-01         1.3293745358000000e-01        -3.1134740710000001e-02        -3.6674198738000001e-03        -1.1527305340999999e-03        -8.2136695652999997e-02        -1.5843122654000000e-01
41                                    -4.2571151915000001e-02         8.5604544544000002e-02         9.9310784016000006e-02        -7.8906129131000001e-03         2.1985426140000000e-02         2.2334285656999998e-03         7.1888892901999998e-02        -6.1412571059999997e-02
42                                     1.1622871870000000e-01        -3.2612425734000000e-01        -3.4600925141000000e-01         2.4598377106000002e-02         2.7101759335000000e-02         3.4797140642000001e-04        -8.6345413622000003e-02        -1.7268268496000000e-01
43                                     1.0661422112000001e-01        -1.2819134272000000e-02        -1.7493639020999999e-02         3.0436134213999998e-02        -3.9823135558000003e-02        -1.4345082809000000e-03         1.1458947630000001e-01         5.3706891480999996e-01
44                                    -2.4154742047999998e-03        -1.1695280173000000e-01        -1.2813168503000000e-01         1.1271243718000000e-02         1.2063533159000000e-03        -7.9343276900000002e-04        -5.6290034853000000e-02        -1.5497970328999999e-01
45                                     5.8190564941000000e-03        -1.0134364464000000e-03         1.5935079535000000e-03        -5.8643234633000002e-03         3.1623455523999998e-02         2.2159856206999998e-03         6.4472103057000001e-03        -7.1704704331999999e-04
46                                     1.6506572728000001e-03         2.4175230250000000e-05         3.4456592477999999e-04        -4.9203046975999996e-04         2.8179982767000001e-03         2.1474599563999999e-04         7.0703077990999996e-04         2.3596707493999999e-04
47                                    -4.8279622713999996e-03         6.3124964667999998e-04        -1.4062622445999999e-03         4.6748490230000004e-03        -1.7985105934000000e-02        -1.3290104732000001e-03        -3.2313020236000001e-03         7.5589216767000004e-04
48                                    -1.3000008624000000e-02         1.5949172376000000e-03        -3.9264778553000004e-03         1.3136344094000000e-02        -6.0499284879999997e-02        -4.3203027216999999e-03        -1.1715836453999999e-02         2.3373426075000000e-03
49                                     1.4714135232999999e-02        -8.1452322597999995e-04         6.0983918924000001e-03        -1.3792368027000000e-02         5.4700872088999999e-02         4.8462201462999999e-03         5.9725901382999998e-03        -8.4405050834999995e-03
50                                     1.0397109490000001e-01        -1.0055783870000000e-02         2.8174687168999998e-02        -8.5473927365999999e-02         4.4445862523000002e-01         3.2357163100000003e-02         9.3431428689000007e-02        -9.5291616903000007e-03
                                                        40                          41                          42                          43                          44                          45                          46                          47

0                                     -3.7320409151999998e-03        -2.2029491126000000e-02         6.9187637043999998e-04        -1.5621237228999999e-04        -2.3325085592999999e-02        -1.8281694956000000e-04        -8.1558402825999997e-04        -7.3083149415999998e-02
1                                      3.0227540823999998e-04         3.7229315231000003e-02        -1.0666375576000001e-03        -1.8192422864000000e-04         3.9337426251000000e-02        -3.6884639582000003e-04        -1.0395965297999999e-03        -5.0145986019999998e-02
2                                     -9.7790278036000004e-04        -2.9989912327999999e-02         8.3089697514000002e-04         1.6324732092000001e-04         7.7212455903999999e-02        -1.8175141567000001e-04        -7.6742606181999995e-04         3.5895689348000000e-03
3                                     -2.4353981855000000e-03         1.2636102931000001e-03         1.1257818510999999e-03         1.0739719249000001e-03         1.0813449021000001e-03        -5.2743262495999997e-04         3.0920258723000000e-03         1.8790449070000000e-02
4                                     -1.2069476522000000e-02        -8.9556022066999996e-04         2.4274585508999999e-04        -3.9641685231000000e-04         8.1714890355999998e-05        -2.1017545526000000e-03         4.1280347790000001e-04         3.3318588418999998e-03
5                                      6.0332980794999998e-03         8.6309670499000002e-04         2.7194979825000000e-05         4.7464279893000001e-04        -8.0664547888999996e-05         1.0569416719000001e-03         2.3530529116000000e-04         1.2560862881999999e-03
6                                      1.8030831967000001e-03         1.0166898645000001e-03        -1.7983348702000000e-04        -3.4694167091000000e-03         4.2861861985999999e-04         8.2513710798999995e-02         4.9831585370999996e-03        -5.1226181421999998e-04
7                                      3.1906092440999998e-03        -4.5305394753000002e-04        -2.2905136875999999e-04        -1.8847678722999999e-03         1.9820766637000000e-04         1.4351313056999999e-02         8.3617434797000000e-04        -3.0886855062000002e-04
8                                     -6.4610957540999999e-04         3.9986284082000001e-04        -1.1717037193000000e-04         6.9380320089000005e-04         2.5443375981000000e-04         5.8494406973999998e-03         4.0491586443000001e-04        -6.4085392244999997e-05
9                                     -4.9376720162000003e-03        -6.6623504164000006e-05         1.5481709740000000e-03         3.1788545086000000e-02        -1.0144362001000000e-04        -7.3465961458999996e-05        -2.3229549053999999e-04        -1.2914440081000000e-04
10                                     8.6390401766000009e-03         2.8830919862000000e-04         1.9959798224000001e-04         7.6695170236000004e-02        -1.0037280931999999e-04         4.6496514164999997e-03        -1.3731399999999999e-03        -3.7602223454000000e-04
11                                    -1.3060645785000000e-02        -1.5799903356000000e-04         1.7811260164999999e-04         4.8840927088000001e-03         6.3377580231000006e-05        -7.3295058574000002e-04        -7.7803657243000001e-05         1.2103520194000000e-04
12                                    -7.9528673094999992e-03        -1.5359785752000000e-03        -5.0788946549000000e-02        -1.9294623284000000e-03        -1.4507930917000001e-04        -2.2024627292000000e-04        -1.4520335819000000e-02         4.1239051869000002e-04
13                                     2.1211373358999999e-02        -3.3330046504000000e-05         3.4818214642000000e-03        -5.5354919631999998e-03        -2.9120987819999998e-04        -2.0833796422999999e-03        -1.7384764139000001e-03        -3.7089336927000000e-03
14                                    -5.0761681094999997e-02         4.5692532600999998e-04         1.3999921493999999e-02        -1.3879419663000000e-03        -7.2943069442000001e-04         4.8897590135000002e-03        -8.9135795251999994e-02         2.2146883388999999e-03
15                                     9.8984806719000003e-03         4.7809310049999998e-01        -1.4783792146999999e-02        -1.1408489531999999e-03         1.0673284326000000e-01        -3.0361733412000002e-03         9.1633957657999993e-03         7.5184019457999995e-01
16                                    -4.3706702197000000e-02         1.4449413588999999e-01        -4.3809589869999999e-03        -3.0060283808999998e-04         3.5981686042000000e-02        -7.2553547170999997e-04         2.9910606795999998e-03         2.2670957356999999e-01
17                                     2.6163358846000000e-02         5.7821461864999996e-03        -2.1375915014999999e-04        -1.8532637424000000e-04         7.4315567570999996e-03         1.2477526083000000e-04        -1.2477014545999999e-04         8.6128125416000002e-03
18                                     3.5108346568999999e-02        -3.5104254451000003e-02         1.2439004787999999e-03         1.4480927808000000e-04        -4.6001984874999999e-02         7.3320538584999997e-04         8.2702893230999998e-04         2.1758319139000001e-02
19                                     2.4577977101000001e-02        -4.9851802272000001e-01         1.4456775751000000e-02         8.4505556673000000e-04        -5.8604768423999998e-01         5.4088874792000002e-03         1.0043079884000000e-02         3.5782212149999998e-01
20                                    -5.3070691397999997e-02        -2.5757183896000002e-01         7.5479205529999996e-03         5.2919289493999998e-04        -2.9180442643999999e-01         2.9221855687000002e-03         5.0213819399000000e-03         1.8595160379000000e-01
21                                     2.2548329721000002e-02        -1.9909608936000001e-01         5.9393015063000003e-03         1.3620905789000000e-03         2.1611081507999999e-01         1.0431210286999999e-04        -9.0995593085000000e-04         7.8988935290999998e-02
22                                     6.2996702363000007e-02        -6.6080824521999995e-02         1.7160945039000001e-03        -2.0322230458000000e-05         7.9859023816999997e-02        -2.3523285065000000e-04        -4.6872464616000002e-04         2.3132496446999998e-02
23                                     1.4799740234000000e-02         5.9021684565999999e-01        -1.7174974034000000e-02        -3.4693358857999998e-03        -6.3189652800999996e-01         3.3865253403000001e-04         2.3850763425000000e-03        -2.4541744946999999e-01
24                                    -9.2669957490999991e-03        -2.9286178165000001e-03        -1.0504440713000000e-02        -8.4091102094999998e-03        -9.8689803317000002e-03        -1.1842479507999999e-02        -3.5575407270999997e-02        -2.0583199548000000e-01
25                                     4.5069209604000002e-02        -5.2829580359999998e-03        -2.7233683568999999e-03        -1.4827381066000000e-03        -3.3716675995999999e-03        -7.9367407296999995e-03        -7.6451288766000002e-03        -4.2888460304000002e-02
26                                    -2.6601408056000000e-02         2.7252671345999999e-03        -2.6399420880000000e-04        -8.7123657894999998e-04        -1.3656654136000000e-03         2.2359523460000002e-03        -1.5038348418000000e-03        -1.0315972269000001e-02
27                                     2.7486896778000001e-03        -3.7774540345999999e-03         8.7610675798000005e-03         4.3727484570000003e-02        -4.8706898806000001e-03        -9.3342691566000002e-01        -5.3594294718000000e-02         4.0298749381999996e-03
28                                    -2.9786016948000002e-04        -3.4272534315000000e-04         3.5457212451999999e-04         6.1750388038000004e-03        -1.2809110166999999e-03        -1.5784686440000001e-01        -9.8301806682999995e-03        -4.6556548776999999e-04
29                                     2.0922726431000000e-03        -3.6503813647000000e-04         1.6107165794000001e-03         1.6715837832000000e-03        -1.1478657060000001e-03        -6.8610526677000003e-02        -3.6090436042000001e-03         8.1777295078000001e-04
30                                     4.3435923496999998e-02         1.3246311136000001e-04         3.6844415025999999e-03         9.9970898518000006e-04         3.5394680474999999e-04        -1.3752119380000001e-06        -3.5122108634999998e-03         6.9372424577000000e-04
31                                     1.6508922618000001e-04        -2.2950037226999998e-05        -6.1284006245000005e-04         2.3568358778999999e-03        -1.0911735781999999e-04         1.6633511618999999e-04         6.6144994764000004e-04         1.4207499842000000e-04
32                                    -1.1468366331000000e-03         5.4861756037000002e-04        -4.9290118987000003e-03        -1.1815984805000001e-03         3.4795900007999998e-04        -1.1617645880999999e-03         3.5154479937999999e-03        -1.1142772586000000e-03
33                                     2.7722815354999999e-02        -7.3640803534000005e-04         5.3545640158000002e-03        -3.5750309812999997e-01         6.3233229769000003e-04        -1.6642937537000000e-02         9.0980652236000003e-03         1.9427488924999999e-03
34                                    -5.6906362516000002e-03        -3.6147311726000002e-03        -1.2630282295000000e-03        -8.7793366339000001e-01         1.8430909223000000e-03        -3.9953000373000001e-02         1.6278278968999998e-02         4.0869269006000002e-03
35                                     1.1539395491000000e-02        -6.6148523516000005e-05        -6.2423874738999998e-04        -7.4571966789999999e-02        -1.6720449864000001e-04        -2.8444589486999999e-03         1.6659033267000000e-03         1.6717786860000001e-05
36                                     2.9758358972999999e-01         6.5630380243999996e-03         2.2884083889000001e-01        -7.1223916723000000e-03         1.1692274224000001e-03        -1.8579888020000001e-02         2.2329354277999999e-01        -1.5173187810000001e-02
37                                     3.1254186415000001e-01        -1.1184835976000000e-02        -3.8904554381000001e-01         1.2502415389000000e-02        -2.1824045188000001e-03         2.9743929911000000e-02        -3.8137309872000003e-01         2.5467066221000000e-02
38                                     1.0035754552999999e-01         8.5870127381999992e-03         3.0548181350999998e-01        -1.1994544422000000e-02         1.5946427972000001e-03        -2.3381122301000000e-02         2.9228893933000000e-01        -1.9643632242000001e-02
39                                     4.4303881804000002e-02         5.2190885724000000e-03         1.7899756635000000e-01         8.2385937239999995e-03         1.7320952498999999e-03         1.9728874300000000e-03         1.1883485487000001e-01         8.2188909445000003e-03
40                                    -2.2715885728999999e-01         1.3509212307000000e-02         4.4958487963999999e-01         4.1442634814999997e-02         4.2189035347999998e-03         4.3721026594000000e-03         2.9758018598000002e-01         1.9315958364000001e-02
41                                     6.6625038955000004e-01         4.2454965487999999e-03         1.4283032101000001e-01         1.3888268040000000e-02         1.3588007801999999e-03         1.7477141555999999e-03         8.6296582923999998e-02         7.2468626249000004e-03
42                                    -2.4639876681000000e-01         4.7224395650999999e-03         1.5806501195000000e-01        -6.5697459179000000e-03        -1.5303316949000000e-03         1.0833922683000000e-02        -1.7847730412000001e-01         2.7520744261000001e-03
43                                    -4.1846967776999999e-01        -2.8375627815000002e-03        -9.7306422000000004e-02         2.0747758262000000e-03         9.3479680843999995e-04        -6.9878943984000002e-03         1.0810857623000000e-01        -1.9964117431000000e-03
44                                    -3.7075573269000003e-02        -1.8351082612999999e-02        -6.0955789497000001e-01         1.9759867837000001e-02         5.8813697731999997e-03        -4.1700182767999999e-02         6.7454895177999996e-01        -9.4076784709000005e-03
45                                    -1.6209759947999999e-03         7.1116578750999996e-04        -1.1990728005000000e-04         2.5117076612999999e-04        -1.5800795856000000e-05        -1.5416236126000000e-03        -1.2340148908000000e-04         1.4526473945000000e-03
46                                     3.4572587202999997e-05        -2.2941082347000000e-05         7.5895452026999996e-05         1.2789140202999999e-04        -4.9214568177999997e-05        -2.7261165523000000e-04         9.3459066489000003e-05         4.1668858361000003e-04
47                                     1.9006831268000000e-03         7.2584525121999996e-05         1.2269811639999999e-04        -9.5167996024000004e-05        -2.8387970580000000e-06        -3.1505791421999999e-04        -5.4394358771999998e-05         4.1549252282000002e-04
48                                     3.6475919872000001e-03        -9.9539282392000009e-03         3.5259841546000001e-03        -3.1004783472999998e-03        -1.3290996927000000e-03         2.3110482408999999e-02         2.0954350303000000e-03        -2.2613006041000000e-02
49                                    -4.0677822331999999e-03        -3.3562320613000001e-04        -3.3048441786000002e-03        -6.2552914583999999e-03         3.5339532616000002e-03         6.1753527909000003e-03        -3.2467940161000001e-03        -7.7621825565999999e-03
50                                    -2.5529415186999999e-02         1.8357723632999999e-03        -4.4237873538999998e-03         4.0858578230000000e-04        -4.3601866641000001e-03         5.6696912520999999e-03         4.9346605677000003e-03        -8.1488190743000000e-03
                                                        48                          49                          50

0                                      6.4880276764999996e-03        -1.4515853491000000e-02        -1.8046600465999999e-03
1                                      4.4963622934999998e-03        -1.1165355221000000e-02        -7.2619366635000000e-04
2                                     -9.3441770340000002e-04         2.3156506973000001e-03        -1.0310382583000000e-04
3                                      1.6976642130999999e-02        -7.7052990262999999e-02         2.2144540650000000e-03
4                                      3.4051187383999999e-03        -1.5354906619000000e-02         7.3337917302999998e-04
5                                      9.5606409843000000e-04        -4.5071379968999997e-03        -1.0106917882000000e-05
6                                     -2.8634177566000001e-03         1.7876498770999999e-03        -2.3927966606999999e-03
7                                     -6.4500313881999999e-04         1.6890369712000001e-03        -5.9948756540000004e-04
8                                     -1.5989373693000002e-05        -5.3019226561000000e-04         1.1699900842999999e-04
9                                     -1.6183536481000000e-03        -9.9763855458999997e-05         8.1568867462000001e-04
10                                    -3.6085970566000001e-03        -2.7160422357999998e-05         1.2411576552999999e-04
11                                    -1.0999478322000000e-04        -2.9365608873000001e-04        -6.7020937184000004e-04
12                                     1.4704479133999999e-04        -1.0801111039999999e-03        -1.6095774059000001e-04
13                                    -8.8148852398999999e-02        -1.9871528278000001e-02        -3.5063696481000002e-05
14                                     3.0304603672999999e-03        -2.3537818415000000e-03         2.8415961212000001e-04
15                                    -6.9952082860000001e-02         1.6694943925000000e-01         2.0348619240000001e-02
16                                    -1.9748679950999999e-02         4.4101617359999998e-02         6.6342598948999996e-03
17                                    -1.6943814857000000e-03         5.7019996541999999e-03         2.2352894556000000e-04
18                                    -1.6121653087000001e-03         4.1851498901999996e-03         3.9143862326999998e-04
19                                    -2.8891285712999999e-02         6.8224157778000005e-02         1.6089153640000001e-03
20                                    -1.4976197457999999e-02         3.5246683248000003e-02         1.1648730030000001e-03
21                                    -7.9187735239000002e-03         1.7978669169000001e-02         5.1028877262000001e-04
22                                    -2.5284761638999999e-03         5.9265951023999997e-03        -2.1986556201000000e-04
23                                     2.4495163564000000e-02        -5.5823033032000001e-02         1.9726723348000000e-04
24                                    -1.9397123358000001e-01         8.9082164508999995e-01        -2.3497503762999999e-02
25                                    -3.6034808357000001e-02         1.6545189328000001e-01        -4.6644676225999996e-03
26                                    -1.1791045990000000e-02         5.7072011231000003e-02        -1.4019959644000000e-03
27                                     2.4239987683000001e-02        -5.1672670848999999e-03         2.3918082414000001e-02
28                                     3.4139130915000000e-03         4.1599367400999999e-03         3.9335238984999996e-03
29                                     2.1068343177000001e-03        -3.1232074262999999e-03         2.2638973033000001e-03
30                                    -3.8565290959999998e-04        -1.1198727351000000e-03        -1.1005457551000001e-02
31                                     6.9820049586000004e-04         6.6675277302999999e-04         3.7851693082999998e-03
32                                     2.6701209282000002e-04         1.3096280853000001e-03         3.9385333614999997e-02
33                                     2.3645442668000002e-02         1.6916783793000001e-03        -2.0139107808000000e-03
34                                     4.5621597028999997e-02         2.6336986927999999e-03        -2.1070577981000000e-03
35                                     1.9840891632999999e-03         8.7087974986000002e-04         1.4431413816999999e-03
36                                    -2.4040387249000000e-01        -4.4591752292999998e-02        -7.0729879488000001e-04
37                                     4.0239740391000001e-01         7.4036464415999995e-02         2.1069690932999999e-03
38                                    -3.2099036507000001e-01        -6.0014281282000002e-02        -1.3237430816999999e-03
39                                     2.5822799548999997e-01         6.3698781304999993e-02        -1.8517084009000000e-04
40                                     6.3840661736000004e-01         1.6335077213999999e-01        -1.7260134770999999e-03
41                                     2.0397907676999999e-01         4.8611505596999997e-02        -3.0125012366999999e-05
42                                    -2.0479729974999999e-02        -9.2643763470999993e-03        -5.5333416400000005e-04
43                                     4.5079651898000004e-03         4.0963891508999997e-03        -2.0265080142999999e-04
44                                     7.9658395164000001e-02         3.4118679938000003e-02        -6.2900061508999999e-05
45                                     2.9372437196000000e-04        -1.2368494098999999e-03        -5.8404073829000001e-02
46                                     8.0024709203000002e-05        -2.5221324095000002e-04        -1.1260461809000000e-02
47                                     7.9368003227999997e-05        -2.8694328867000002e-04        -1.2082578994000000e-02
48                                    -3.9980936982999997e-03         1.8311706466000000e-02         9.3561235069000004e-01
49                                    -2.2265201798999999e-03         4.3419522505999996e-03         1.7557409875999999e-01
50                                     8.3496328632999995e-04         4.5601619292999999e-03         1.5447060770000001e-01
$End
$Calculation_Timings
   &GeometryIndex 1
   &GTOINT [&Type "Double"]       5.7266920500000106e+02
   &SCF [&Type "Double"]       1.0469409709999979e+03
   &SCFGRAD [&Type "Double"]       2.4902739199999928e+02
   &FREQ_NUM [&Type "Double"]       3.0374510000000001e+01
   &PROP [&Type "Double"]       2.2801749999999998e+00
   &SUM [&Type "Double"]       1.9012922529999985e+03
$End
