*************************************************
******************* ORCA 6.1.1 ******************
*************************************************
$Calculation_Status
   &GeometryIndex 1
   &version [&Type "String"] "6.1.1"
   &progName [&Type "String"] "LeanSCF"
   &Status [&Type "String"] "NORMAL TERMINATION"
$End
$Geometry
   &GeometryIndex 1
   &NAtoms [&Type "Integer"] 17
   &NCorelessECP [&Type "Integer"] 0
   &NGhostAtoms [&Type "Integer"] 0
   &CartesianCoordinates [&Type "Coordinates", &Dim(17,4), &Units "Bohr"] 
              C      4.868848090183    0.734705905511   -1.070175342244
              C      2.530874665412   -0.823071653821   -0.428794204363
              C      0.124246469744    0.045717445159   -0.705280356270
              C     -2.156120335691   -1.489904360267   -0.149685320451
              C     -4.542529123131   -0.005823285568    0.627240449501
              H      6.000345272240   -0.203951092956   -2.505853236310
              H      4.333173281152    2.584168022642   -1.769548962640
              H      6.054642187431    0.982890252721    0.589596651379
              H      2.847876602323   -2.707022406732    0.294246705183
              H     -0.185299609397    1.927622248277   -1.434156040919
              H     -2.840821876720   -2.618326239808   -2.264992428246
              H     -1.771402406032   -3.102945921037    1.054207477665
              H     -6.170293729183   -1.249148488695    0.725731350437
              H     -4.277703847587    0.865019359905    2.467555215000
              H     -4.935831133754    1.475320096472   -0.734265145788
              O     -3.227757040949   -3.757375580077   -4.232507116463
              H     -1.475911410677   -3.798066901741   -4.895919796552
$End
$SCF_Mulliken_Population_Analysis
   &GeometryIndex 1
   &NAtoms [&Type "Integer"] 17
   &ATNO [&Type "ArrayOfIntegers", &Dim (17,1)] 
                                                         0

0                                                        6
1                                                        6
2                                                        6
3                                                        6
4                                                        6
5                                                        1
6                                                        1
7                                                        1
8                                                        1
9                                                        1
10                                                       1
11                                                       1
12                                                       1
13                                                       1
14                                                       1
15                                                       8
16                                                       1
   &AtomicCharges [&Type "ArrayOfDoubles", &Dim (17,1)] 
                                                         0

0                                     -3.8135561758481185e-01
1                                     -1.2683075895119877e-01
2                                     -1.4513909012378079e-01
3                                     -1.9644787348014692e-01
4                                     -3.7112730898749380e-01
5                                      1.3206342114183878e-01
6                                      1.3101314259833408e-01
7                                      1.3379081291325412e-01
8                                      1.2394410782935505e-01
9                                      1.2727269447806322e-01
10                                     2.0950367933699710e-01
11                                     1.3089741300857416e-01
12                                     1.3327141702434631e-01
13                                     1.2980972719089368e-01
14                                     1.3022712588073593e-01
15                                    -4.3469899828206060e-01
16                                     2.7380610600710042e-01
   &Method [&Type "String"] "SCF"
   &Level [&Type "String"] "Relaxed density"
   &Mult [&Type "Integer"] 2
   &State [&Type "Integer"] -1
   &Irrep [&Type "Integer"] 0
$End
$SCF_Loewdin_Population_Analysis
   &GeometryIndex 1
   &NAtoms [&Type "Integer"] 17
   &ATNO [&Type "ArrayOfIntegers", &Dim (17,1)] 
                                                         0

0                                                        6
1                                                        6
2                                                        6
3                                                        6
4                                                        6
5                                                        1
6                                                        1
7                                                        1
8                                                        1
9                                                        1
10                                                       1
11                                                       1
12                                                       1
13                                                       1
14                                                       1
15                                                       8
16                                                       1
   &AtomicCharges [&Type "ArrayOfDoubles", &Dim (17,1)] 
                                                         0

0                                     -2.4493075278480791e-01
1                                     -7.8231490064326614e-02
2                                     -9.7356104124603604e-02
3                                     -1.1746113933060265e-01
4                                     -2.3701778326778378e-01
5                                      8.6816024508488909e-02
6                                      8.5015413323134004e-02
7                                      8.8105315464129252e-02
8                                      7.5378481042396639e-02
9                                      7.7961992811734215e-02
10                                     1.6372696296339473e-01
11                                     8.1180359603114205e-02
12                                     8.6353874844993683e-02
13                                     8.4029795159387910e-02
14                                     8.4075317748757761e-02
15                                    -3.4021518856955701e-01
16                                     2.0256892067215559e-01
   &Method [&Type "String"] "SCF"
   &Level [&Type "String"] "Relaxed density"
   &Mult [&Type "Integer"] 2
   &State [&Type "Integer"] -1
   &Irrep [&Type "Integer"] 0
$End
$SCF_Mayer_Population_Analysis
   &GeometryIndex 1
   &NAtoms [&Type "Integer"] 17 "Total number of atoms"
   &NBondOrdersPrint [&Type "Integer"] 17 "The number of bond orders larger than threshold"
   &bondThresh [&Type "Double"]       1.0000000000000001e-01  "The threshold for printing"
   &components [&Type "ArrayOfIntegers", &Dim (17,4)] "The indices and atomic numbers of the bonding atoms"
                                                         0                           1                           2                           3

0                                                        0                           6                           1                           6
1                                                        0                           6                           5                           1
2                                                        0                           6                           6                           1
3                                                        0                           6                           7                           1
4                                                        1                           6                           2                           6
5                                                        1                           6                           8                           1
6                                                        2                           6                           3                           6
7                                                        2                           6                           9                           1
8                                                        3                           6                           4                           6
9                                                        3                           6                          10                           1
10                                                       3                           6                          11                           1
11                                                       3                           6                          15                           8
12                                                       4                           6                          12                           1
13                                                       4                           6                          13                           1
14                                                       4                           6                          14                           1
15                                                      10                           1                          15                           8
16                                                      15                           8                          16                           1
   &BondOrders [&Type "ArrayOfDoubles", &Dim (17,1)] "The bond orders"
                                                         0

0                                      1.0220437728479055e+00
1                                      9.6621729769513465e-01
2                                      9.7447897450454513e-01
3                                      9.6592544665920133e-01
4                                      1.5858139124336803e+00
5                                      9.6177101709102009e-01
6                                      1.0860449924794353e+00
7                                      9.6045122592991139e-01
8                                      1.0097073430631385e+00
9                                      4.5639054397300305e-01
10                                     9.5834516055649754e-01
11                                     1.3444141395612696e-01
12                                     9.7287029928917979e-01
13                                     9.6830093235570247e-01
14                                     9.7350174609546836e-01
15                                     4.1768149427997536e-01
16                                     9.2134340896025313e-01
   &ATNO [&Type "ArrayOfIntegers", &Dim (17,1)] "Atomic number of the elements"
                                                         0

0                                                        6
1                                                        6
2                                                        6
3                                                        6
4                                                        6
5                                                        1
6                                                        1
7                                                        1
8                                                        1
9                                                        1
10                                                       1
11                                                       1
12                                                       1
13                                                       1
14                                                       1
15                                                       8
16                                                       1
   &NA [&Type "ArrayOfDoubles", &Dim (17,1)] "Mulliken gross atomic population"
                                                         0

0                                      6.3813556175848127e+00
1                                      6.1268307589511988e+00
2                                      6.1451390901237799e+00
3                                      6.1964478734801460e+00
4                                      6.3711273089874947e+00
5                                      8.6793657885816133e-01
6                                      8.6898685740166604e-01
7                                      8.6620918708674610e-01
8                                      8.7605589217064517e-01
9                                      8.7272730552193689e-01
10                                     7.9049632066300290e-01
11                                     8.6910258699142573e-01
12                                     8.6672858297565392e-01
13                                     8.7019027280910644e-01
14                                     8.6977287411926407e-01
15                                     8.4346989982820606e+00
16                                     7.2619389399289958e-01
   &ZA [&Type "ArrayOfDoubles", &Dim (17,1)] "Total nuclear charge"
                                                         0

0                                      6.0000000000000000e+00
1                                      6.0000000000000000e+00
2                                      6.0000000000000000e+00
3                                      6.0000000000000000e+00
4                                      6.0000000000000000e+00
5                                      1.0000000000000000e+00
6                                      1.0000000000000000e+00
7                                      1.0000000000000000e+00
8                                      1.0000000000000000e+00
9                                      1.0000000000000000e+00
10                                     1.0000000000000000e+00
11                                     1.0000000000000000e+00
12                                     1.0000000000000000e+00
13                                     1.0000000000000000e+00
14                                     1.0000000000000000e+00
15                                     8.0000000000000000e+00
16                                     1.0000000000000000e+00
   &QA [&Type "ArrayOfDoubles", &Dim (17,1)] "Mulliken gross atomic charge"
                                                         0

0                                     -3.8135561758481273e-01
1                                     -1.2683075895119877e-01
2                                     -1.4513909012377990e-01
3                                     -1.9644787348014603e-01
4                                     -3.7112730898749469e-01
5                                      1.3206342114183867e-01
6                                      1.3101314259833396e-01
7                                      1.3379081291325390e-01
8                                      1.2394410782935483e-01
9                                      1.2727269447806311e-01
10                                     2.0950367933699710e-01
11                                     1.3089741300857427e-01
12                                     1.3327141702434608e-01
13                                     1.2980972719089356e-01
14                                     1.3022712588073593e-01
15                                    -4.3469899828206060e-01
16                                     2.7380610600710042e-01
   &VA [&Type "ArrayOfDoubles", &Dim (17,1)] "Mayer's total valence"
                                                         0

0                                      3.9466293184148071e+00
1                                      3.9795641029103637e+00
2                                      3.9793660265400348e+00
3                                      3.9645612057312798e+00
4                                      3.9453711225849899e+00
5                                      9.8255925279631340e-01
6                                      9.8283555646650866e-01
7                                      9.8210001838001071e-01
8                                      9.8463785813438531e-01
9                                      9.8380166124029356e-01
10                                     9.5610820834426069e-01
11                                     9.8286586726766278e-01
12                                     9.8223872940432289e-01
13                                     9.8314943472662575e-01
14                                     9.8304089568484299e-01
15                                     1.9283689492890783e+00
16                                     9.2503021631322846e-01
   &BVA [&Type "ArrayOfDoubles", &Dim (17,1)] "Mayer's bonded valence"
                                                         0

0                                      3.9432045821072830e+00
1                                      3.6209500785224464e+00
2                                      3.6865516853758962e+00
3                                      3.6758456826103938e+00
4                                      3.9427017619635296e+00
5                                      9.8192055361814934e-01
6                                      9.8280955387803104e-01
7                                      9.8151016088578380e-01
8                                      9.8212473920079968e-01
9                                      9.8174957026810239e-01
10                                     8.9165419886399377e-01
11                                     9.8089748239144159e-01
12                                     9.8217514205974332e-01
13                                     9.8251953235107226e-01
14                                     9.8298593991120153e-01
15                                     1.5204252518765635e+00
16                                     9.2348844604044422e-01
   &FA [&Type "ArrayOfDoubles", &Dim (17,1)] "Mayer's free valence"
                                                         0

0                                      3.4247363075241566e-03
1                                      3.5861402438791723e-01
2                                      2.9281434116413863e-01
3                                      2.8871552312088600e-01
4                                      2.6693606214602816e-03
5                                      6.3869917816405128e-04
6                                      2.6002588477607128e-05
7                                      5.8985749422687335e-04
8                                      2.5131189335856866e-03
9                                      2.0520909721911161e-03
10                                     6.4454009480266916e-02
11                                     1.9683848762211895e-03
12                                     6.3587344579519635e-05
13                                     6.2990237555349325e-04
14                                     5.4955773641425829e-05
15                                     4.0794369741251479e-01
16                                     1.5417702727842375e-03
   &Method [&Type "String"] "SCF"
   &Level [&Type "String"] "Relaxed density"
   &Mult [&Type "Integer"] 2
   &State [&Type "Integer"] -1
   &Irrep [&Type "Integer"] 0
$End
$SCF_Energy
   &GeometryIndex 1
   &Method [&Type "String"] "SCF"
   &totalEnergy [&Type "ArrayOfDoubles", &Dim (1,1)] "Total energy of each state"
                                                         0

0                                     -2.6870068531367576e+02
   &Mult [&Type "ArrayOfIntegers", &Dim (1,1)] "Multiplicity of each state"
                                                         0

0                                                        2
$End
$SCF_Timings
   &GeometryIndex 1
   &TOTAL [&Type "Double"]       9.2447799999999991e-01
   &PREP [&Type "Double"]       1.3076190000000001e+00
   &FOCK [&Type "Double"]       1.6921600000000003e-01
   &DENS [&Type "Double"]       1.1268499999999992e-01
   &ETOT [&Type "Double"]       1.6190000000000371e-03
   &POP [&Type "Double"]       8.1076000000000370e-02
   &TRAFO [&Type "Double"]       1.2454999999999972e-01
   &DIIS [&Type "Double"]       4.0529999999999955e-02
   &SOSCF [&Type "Double"]       1.9113800000000025e-01
   &J [&Type "Double"]       1.5774000000000177e-02
   &FOCKSTART [&Type "Double"]       1.2895099999999982e-01
$End
$VdW_Correction
   &GeometryIndex 1
   &vdW [&Type "Double"]      -5.5936782174618477e-02
$End
$gCP_Energy
   &GeometryIndex 1
   &gCP_Energy [&Type "Double"]       6.4898587000000035e-03
$End
$Single_Point_Data
   &GeometryIndex 1
   &FinalEnergy [&Type "Double"]      -2.6875013223715041e+02  "Final single point energy"
   &Converged [&Type "Boolean"] true
$End
$Calculation_Info
   &GeometryIndex 1
   &Mult [&Type "Integer"] 2
   &Charge [&Type "Integer"] 0
   &NumOfAtoms [&Type "Integer"] 17
   &NumOfElectrons [&Type "Integer"] 49
   &NumOfBasisFuncts [&Type "Integer"] 41
   &NumOfAuxCBasisFuncts [&Type "Integer"] 0
   &NumOfAuxJBasisFuncts [&Type "Integer"] 0
   &NumOfAuxJKBasisFuncts [&Type "Integer"] 0
   &NumOfCABSBasisFuncts [&Type "Integer"] 0
$End
$SCF_Dipole_Moment
   &GeometryIndex 1
   &dipoleMagnitude [&Type "Double", &Units "a.u."]       8.0560301909330645e-01
   &dipoleElecContrib [&Type "ArrayOfDoubles", &Dim (3,1)] "Electronic contribution"
                                                         0

0                                     -8.1457292689373484e-01
1                                     -2.1031394955595850e+00
2                                     -1.6372757508794142e+00
   &dipoleNucContrib [&Type "ArrayOfDoubles", &Dim (3,1)] "Nuclear contribution"
                                                         0

0                                      1.5446471415231049e+00
1                                      2.3710749296209674e+00
2                                      1.8475100693906823e+00
   &dipoleTotal [&Type "ArrayOfDoubles", &Dim (3,1)] "Total"
                                                         0

0                                      7.3007421462937006e-01
1                                      2.6793543406138243e-01
2                                      2.1023431851126806e-01
   &doAtomicDipole [&Type "Boolean"] false
   &Method [&Type "String"] "SCF"
   &Level [&Type "String"] "Relaxed density"
   &Mult [&Type "Integer"] 2
   &State [&Type "Integer"] -1
   &Irrep [&Type "Integer"] 0
$End
$THERMOCHEMISTRY_Energies
   &GeometryIndex 1
   &temperature [&Type "Double"]       2.9814999999999998e+02
   &pressure [&Type "Double"]       1.0000000000000000e+00
   &totalMass [&Type "Double"]       8.7141999999999982e+01
   &spinDegeneracy [&Type "Integer"] 2
   &elEnergy [&Type "Double"]      -2.6875013223715041e+02
   &transEnergy [&Type "Double"]       1.4162714244859817e-03
   &rotEnergy [&Type "Double"]       1.4162714244859817e-03
   &vibEnergy [&Type "Double"]       6.0653062772538105e-03
   &numOfFreqs [&Type "Integer"] 51
   &freqScalingFactor [&Type "Double"]       1.0000000000000000e+00
   &FREQ [&Type "ArrayOfDoubles", &Units "cm^-1", &Dim (51,1)] 
                                                         0

0                                      0.0000000000000000e+00
1                                      0.0000000000000000e+00
2                                      0.0000000000000000e+00
3                                      0.0000000000000000e+00
4                                      0.0000000000000000e+00
5                                      0.0000000000000000e+00
6                                     -3.4330603787195892e+03
7                                      7.4602918228843947e+01
8                                      8.4689235046271946e+01
9                                      1.1911531879250687e+02
10                                     1.6680104993383111e+02
11                                     1.8342077018111297e+02
12                                     1.9090950212808215e+02
13                                     1.9711192476477891e+02
14                                     3.1082082843895705e+02
15                                     4.4150094855248238e+02
16                                     4.7867864291994448e+02
17                                     5.6890128719745690e+02
18                                     8.2607015071802709e+02
19                                     8.7894199757522620e+02
20                                     9.4764616097317298e+02
21                                     1.0003771076132371e+03
22                                     1.0679376788879699e+03
23                                     1.0772997338135140e+03
24                                     1.1995327457556000e+03
25                                     1.2006518634757922e+03
26                                     1.2371953159818966e+03
27                                     1.2797150424018964e+03
28                                     1.3198756991261330e+03
29                                     1.3767043844123214e+03
30                                     1.4240122955725399e+03
31                                     1.4479469094887443e+03
32                                     1.5557141588313109e+03
33                                     1.6452866729233349e+03
34                                     1.6481566519359289e+03
35                                     1.6749533378573758e+03
36                                     1.7183243243904485e+03
37                                     1.7300896824997760e+03
38                                     1.7379083198990859e+03
39                                     1.7416593421900045e+03
40                                     1.7420668873948516e+03
41                                     3.5376721989083840e+03
42                                     3.5464512074917216e+03
43                                     3.6408098723968546e+03
44                                     3.6602302952957234e+03
45                                     3.6793499429738026e+03
46                                     3.6811900903927030e+03
47                                     3.6859490307361020e+03
48                                     3.6954847592359092e+03
49                                     3.6958399067847167e+03
50                                     4.0683688299297246e+03
   &zpe [&Type "Double"]       1.6217356119517198e-01
   &innerEnergyU [&Type "Double"]      -2.6857906082682899e+02
   &enthalpyH [&Type "Double"]      -2.6857811661778675e+02
   &qEl [&Type "Double"]       6.5445636319338377e-04
   &qRot [&Type "Double"]       1.3315060514303124e-02
   &qVib [&Type "Double"]       1.0974119972109293e-02
   &qTrans [&Type "Double"]       1.8676318964067788e-02
   &entropyS [&Type "Double"]       4.3619955813673589e-02
   &freeEnergyG [&Type "Double"]      -2.6862173657360040e+02
   &isLinear [&Type "Boolean"] false
$End
$Hessian
   &GeometryIndex 1
   &HESSIAN [&Type "ArrayOfDoubles", &Dim (51,51)] "The Hessian"
                                                         0                           1                           2                           3                           4                           5                           6                           7

0                                      7.0754720585093300e-01        -7.3223920411735074e-02         2.9367628776674981e-02        -2.3052884545979699e-01        -7.0602527964608142e-02         2.9444412791956035e-02        -2.7671126728662922e-02        -2.7055862014473249e-02
1                                     -7.3223920411735074e-02         7.7320613968542706e-01        -2.6924446998707061e-03        -8.2586689574140518e-02        -1.7137587155233006e-01         3.5638500247369496e-02         1.1611449355337769e-02         1.0280427373244132e-02
2                                      2.9367628776674981e-02        -2.6924446998707061e-03         7.6396367475513582e-01         3.3928175969688758e-02         3.5530625637662072e-02        -9.6980448809653064e-02        -3.4844402523934170e-03        -9.7533525808432033e-04
3                                     -2.3052884545979699e-01        -8.2586689574140518e-02         3.3928175969688758e-02         7.3705265841780343e-01        -3.7608589366636122e-02         7.8157091268060939e-03        -3.2583390365175185e-01         1.0085912546632111e-01
4                                     -7.0602527964608142e-02        -1.7137587155233006e-01         3.5530625637662072e-02        -3.7608589366636122e-02         7.3465312697865737e-01        -2.2450618689925123e-01         6.5317078886787117e-02        -1.7368225186866612e-01
5                                      2.9444412791956035e-02         3.5638500247369496e-02        -9.6980448809653064e-02         7.8157091268060939e-03        -2.2450618689925123e-01         2.4130394073630920e-01        -2.3667252940329859e-02         4.3831960401706241e-02
6                                     -2.7671126728662922e-02         1.1611449355337769e-02        -3.4844402523934170e-03        -3.2583390365175185e-01         6.5317078886787117e-02        -2.3667252940329859e-02         6.6680650892584326e-01        -5.3319705190541133e-02
7                                     -2.7055862014473249e-02         1.0280427373244132e-02        -9.7533525808432033e-04         1.0085912546632111e-01        -1.7368225186866612e-01         4.3831960401706241e-02        -5.3319705190541133e-02         7.6372399573256267e-01
8                                      1.0607701462515268e-02        -9.9110881405613509e-04         7.9687397310182623e-03        -3.7540414849199913e-02         4.4193792065171968e-02        -7.2379814178088323e-02         1.6627200359633464e-02        -2.2995864539984034e-01
9                                      4.9866903744498828e-04         2.0456616120886639e-03        -7.2111844518418268e-04        -7.6035565577965925e-02        -9.3522145064156986e-03         5.2470238368531024e-03        -1.7817804643152527e-01        -8.3951982447110635e-02
10                                     4.1428077840089221e-03         2.2415962304610498e-04         5.0033866243115932e-03        -2.7633320144842405e-02         2.8029230993200052e-02        -5.3779794595817405e-03        -1.9192741784204718e-02        -1.7797107158518524e-01
11                                     6.3317703765718505e-04         3.1415370079329588e-03         9.2148350816365285e-03        -2.6172992995266986e-02         9.5129291924090989e-03         4.5402013850389493e-03         9.1766841343448105e-02         6.3996192049747103e-02
12                                    -6.7251515064553190e-04         2.2706713901743218e-05        -1.4409097626338155e-03         3.1337819755108687e-03        -4.1491502230095855e-03         2.7981341311292948e-03        -3.7237638705712471e-02         2.0025482501405185e-02
13                                    -1.0710484063944188e-03         5.0628832762390080e-04        -1.3697409412967714e-03        -1.1777158656729445e-03        -3.7403919206664728e-03         1.6190733875497331e-03        -2.4921262845663823e-02         1.4349010140629941e-02
14                                    -2.0098302541145447e-04        -1.3944135803735575e-04         3.4939579385912103e-04         5.1521722886596656e-03        -1.5437200769413731e-03         1.6932808281103096e-03        -5.5419413018825961e-03        -7.1949000985910786e-03
15                                    -1.7624254385061294e-01         9.7787904238766266e-02         1.4422251294320512e-01        -2.2181525877649440e-02         1.3656846668768624e-02         2.0965712296264094e-02         1.5305243972138245e-05        -2.4149188570158652e-03
16                                     9.6268439722204391e-02        -1.4814853553109761e-01        -1.1704143464754979e-01        -1.7504701873371394e-02         1.3804237790624528e-02         1.7741551680942526e-02        -5.8184705030002665e-04        -2.6279037702460254e-03
17                                     1.4210652733851503e-01        -1.1910970240945259e-01        -2.5117506721841121e-01         3.2075896062913941e-03        -1.5339657219101029e-03        -1.0153824033280745e-03        -1.3472600828487351e-03        -6.2573038545664893e-04
18                                    -9.5029943592477614e-02         9.7101988267327827e-02        -3.6833752296742420e-02         8.3551933083834511e-03        -3.7400608629964055e-02         1.4244255245671085e-02         3.7141443774618877e-03        -1.9815204824748028e-04
19                                     9.0942836225289231e-02        -3.8100089747112442e-01         1.1662840792614210e-01         4.6963716243675069e-03        -1.7075876123510893e-02         6.6347682107393384e-03         3.5942130791592579e-03         2.9675714461271721e-03
20                                    -3.4502764321272049e-02         1.1664925804912646e-01        -1.1632779324839780e-01        -1.9249512819575158e-03         7.3041411774350052e-03        -2.5442273787709482e-03        -1.4864208680127507e-03        -1.2469546170853314e-03
21                                    -1.8745925144556774e-01        -2.3626427580330588e-02        -1.7741796587968611e-01        -2.3019799530273138e-02        -3.5668314515023493e-03        -2.3774001888637503e-02         1.3286261303213165e-04        -2.6542835876658733e-03
22                                    -2.3308251839310928e-02        -7.6262432452547435e-02        -3.6889726263072006e-02        -1.5481902816468565e-02        -6.8290946725239540e-04        -1.7105374117109842e-02         4.4839337372064173e-04        -1.7372907856693051e-03
23                                    -1.7489305892047935e-01        -3.5037171730639374e-02        -3.1214546315985126e-01         1.0561331766325673e-02         1.3852998551289438e-03         1.4231463996965335e-02         1.2492246758019560e-03         1.9640393697864505e-03
24                                     6.5125040032345607e-03        -3.1288899040634116e-02         1.1950578359997311e-02        -8.0960218954856167e-02         5.3954033941663537e-02        -2.0100318663161656e-02        -2.2106431585188907e-03         3.6155033563027988e-02
25                                     5.7238736176824789e-03        -8.7247067905116982e-03         4.2827630428407580e-03         5.6351131604124229e-02        -4.0302293152329549e-01         1.3840862099317194e-01        -7.8739806394041711e-04        -2.3973039131305121e-03
26                                    -2.2627269400157680e-03         4.9690218410669840e-03         9.7260859586567432e-04        -2.1405387416615726e-02         1.3880090259540317e-01        -9.6333911221349156e-02         1.1276690536431294e-03         2.5138270968578609e-03
27                                     3.3339781584562599e-03         7.9692827556057015e-04        -4.4748271441054821e-04        -2.2294301483760329e-03         3.5331097673746620e-02        -1.3598802137096577e-02        -8.1053914334136640e-02         5.3447582886849754e-02
28                                    -2.1318181540741312e-03         8.7096112641275956e-04        -3.4269077697831633e-03        -1.1954634880207218e-03        -2.0974091835622329e-03         3.8216944478692933e-03         5.5272207671976673e-02        -4.0389589363168443e-01
29                                     5.5355621322369626e-04        -3.2479845233708347e-03        -6.3624030156103463e-03         1.4507505612208031e-03         1.8996232997988592e-03         5.5655830509261338e-03        -2.1808073659490081e-02         1.3868149214773934e-01
30                                    -2.9176232214433713e-04         1.0066304515479899e-03         1.3866191196761153e-03         1.1005595112994723e-02        -5.0560921388507971e-03         1.2423331329931182e-03        -3.2702098944516998e-02        -1.4899172954608887e-02
31                                    -6.9479306513045309e-04         1.2993908395375106e-03         1.5831701528702285e-03         2.6307362958589257e-02        -1.0810954539112525e-02         2.0811188231483280e-03        -6.0201819773360032e-02        -1.7859843559691495e-02
32                                    -1.3012955459574911e-03         1.8424097983847029e-03         1.3661171756734402e-03         4.4256055285470407e-02        -1.8090398009663385e-02         3.2978856349582188e-03        -9.1590896524779225e-02        -1.9608205487357741e-02
33                                     1.8276369363181546e-05         3.8787946627933463e-04        -4.1038466400088495e-04         3.5073498163492719e-03        -5.5048452738378634e-04        -4.1459476836967421e-04         5.2277190116975184e-03        -3.0854465322403730e-02
34                                     3.3869033861047993e-04        -2.3842387139744224e-04        -4.1464355365577392e-04         6.1914860538975457e-03         3.2473098677094150e-04        -1.5745147881020085e-03        -3.3017359784967941e-03        -1.5945947889035035e-02
35                                    -3.5062776309884545e-04         3.3793102043215735e-05         1.1645737327729919e-05         2.3690881185380805e-03        -2.8551288618244635e-03         2.3733663621281669e-04        -1.0500240304037563e-02        -1.2508194452033545e-03
36                                    -1.5871774807576415e-04         9.3508943339204453e-05        -2.4925682652248771e-04         2.4741418022244943e-04        -8.8126371337224904e-04         4.8635773713058572e-04        -3.3941682527654626e-03         3.3788320017226043e-03
37                                     3.8349448466112575e-04        -1.1073334690389451e-04         4.0672274495298611e-04         4.2002971222302983e-04         1.1732588515974084e-03        -5.0700255106580919e-04         4.3505795294959031e-03        -3.9302729841421101e-03
38                                     1.0448725343486536e-04        -7.6571608237749388e-05         5.9969752461797923e-05         4.8070508263389387e-04         2.8193593043145408e-04        -1.1980875529391848e-04         1.6329880017320699e-03        -1.6304877961751498e-03
39                                     2.1650137984682827e-05         9.6810288359102130e-06         1.3420854021749116e-05        -8.5282123565046412e-04         1.6278315085166287e-04        -4.1962008089310834e-04         3.9866397785430652e-03         8.8541647983495344e-04
40                                    -5.9359953502342334e-05        -5.4627104627925048e-05        -1.1039542227512004e-04         7.5905729901752628e-04        -4.5203631963351655e-04         2.2747223607810308e-04        -2.7568812727438575e-03         3.3557859553234827e-04
41                                    -1.2126422889889056e-04         3.6804102202310941e-05        -1.7020947450689682e-04        -3.2271510614590923e-05        -1.8333295735675249e-04         8.5226596499011521e-05        -1.2230290582335686e-03         1.1667372348905716e-03
42                                     4.6911861448008154e-05        -1.2320790432154719e-04         1.4931685875795535e-04         5.3106572209846235e-04        -2.3285205325567865e-04         1.4310763132569323e-04         2.4437056931569546e-03        -3.2853937541237120e-04
43                                    -5.9393525686219414e-05         5.0340819977549682e-05        -1.1021735113876207e-04        -5.5771124916159870e-04        -1.6735894545258194e-04        -4.0051128805175008e-05        -1.7685681407313028e-03         1.9348719424017204e-03
44                                     8.2425122676379158e-05         1.0162563367165610e-06         7.5591740366955096e-06         7.4972816852188727e-05         1.6704684826872014e-04        -7.4282164651165916e-05        -3.2704271026147056e-04        -8.1178552468778604e-04
45                                     3.1045137020610514e-04        -4.9365546726274539e-04        -2.5379860896722339e-04        -4.8671201382559448e-03         2.0421195562680544e-03        -6.7721302685664784e-04         1.1066074363604485e-02         1.6936031183088437e-03
46                                     2.8062541415631119e-04        -3.5229055776680681e-04        -5.5819161121018900e-04        -1.1616894942320729e-02         5.1547038765706286e-03        -1.0463801227180893e-03         2.5673266950549958e-02         6.2526126400460893e-03
47                                     5.8271285534106283e-04        -9.0361723107640194e-04        -6.1100579819821550e-04        -2.1023830176207001e-02         8.9492971422054559e-03        -1.6878216412155921e-03         4.6100912782841688e-02         1.0190292727573068e-02
48                                    -2.3494049108698564e-04         4.7710510404552070e-04         2.3027154486452393e-04         2.6761720412132976e-03        -1.0986407174794939e-03         3.5772977220423002e-04        -5.1114197997207955e-03        -6.6566311491738153e-04
49                                     1.2756426969582783e-04        -1.6918911696183652e-04         1.5730534969669979e-04        -1.8627998351288227e-04        -3.1298033938450938e-05         1.5542831100128092e-04         4.6244014788093796e-04         2.0371211690616660e-04
50                                     1.6067691679393808e-04        -1.1764199026153844e-04        -1.4215507238648031e-04        -1.2896745896135359e-03         6.8443911009011553e-04         1.8077768733020276e-04         2.5952505771146858e-03         8.9207106632746027e-04
                                                         8                           9                          10                          11                          12                          13                          14                          15

0                                      1.0607701462515268e-02         4.9866903744498828e-04         4.1428077840089221e-03         6.3317703765718505e-04        -6.7251515064553190e-04        -1.0710484063944188e-03        -2.0098302541145447e-04        -1.7624254385061294e-01
1                                     -9.9110881405613509e-04         2.0456616120886639e-03         2.2415962304610498e-04         3.1415370079329588e-03         2.2706713901743218e-05         5.0628832762390080e-04        -1.3944135803735575e-04         9.7787904238766266e-02
2                                      7.9687397310182623e-03        -7.2111844518418268e-04         5.0033866243115932e-03         9.2148350816365285e-03        -1.4409097626338155e-03        -1.3697409412967714e-03         3.4939579385912103e-04         1.4422251294320512e-01
3                                     -3.7540414849199913e-02        -7.6035565577965925e-02        -2.7633320144842405e-02        -2.6172992995266986e-02         3.1337819755108687e-03        -1.1777158656729445e-03         5.1521722886596656e-03        -2.2181525877649440e-02
4                                      4.4193792065171968e-02        -9.3522145064156986e-03         2.8029230993200052e-02         9.5129291924090989e-03        -4.1491502230095855e-03        -3.7403919206664728e-03        -1.5437200769413731e-03         1.3656846668768624e-02
5                                     -7.2379814178088323e-02         5.2470238368531024e-03        -5.3779794595817405e-03         4.5402013850389493e-03         2.7981341311292948e-03         1.6190733875497331e-03         1.6932808281103096e-03         2.0965712296264094e-02
6                                      1.6627200359633464e-02        -1.7817804643152527e-01        -1.9192741784204718e-02         9.1766841343448105e-02        -3.7237638705712471e-02        -2.4921262845663823e-02        -5.5419413018825961e-03         1.5305243972138245e-05
7                                     -2.2995864539984034e-01        -8.3951982447110635e-02        -1.7797107158518524e-01         6.3996192049747103e-02         2.0025482501405185e-02         1.4349010140629941e-02        -7.1949000985910786e-03        -2.4149188570158652e-03
8                                      2.4390354510244347e-01         3.0727081065249441e-02         4.3843789378541081e-02        -8.1836656137901864e-02         9.9328751797417934e-03         6.1574198416738234e-03         2.9409946838221575e-04         1.0875412793879334e-03
9                                      3.0727081065249441e-02         5.7825510689169723e-01        -1.0460899610590604e-01        -1.1052324449839901e-01        -2.0639716650342377e-01         8.1161333925417578e-02         5.7329401655701093e-02        -4.6333979549522915e-04
10                                     4.3843789378541081e-02        -1.0460899610590604e-01         6.0765252418540572e-01        -2.8820909077968881e-01         7.1765198113005316e-02        -1.4927440121240834e-01         5.1311790452232033e-04        -5.1120650407303998e-04
11                                    -8.1836656137901864e-02        -1.1052324449839901e-01        -2.8820909077968881e-01         3.2984348761182020e-01         4.3532982436600559e-02        -3.4057441252448271e-03        -9.3279495776399782e-02        -1.3493179336574864e-03
12                                     9.9328751797417934e-03        -2.0639716650342377e-01         7.1765198113005316e-02         4.3532982436600559e-02         7.0441638079499858e-01         7.4938006117969483e-02         3.2213654526817133e-02         1.2673536770382507e-04
13                                     6.1574198416738234e-03         8.1161333925417578e-02        -1.4927440121240834e-01        -3.4057441252448271e-03         7.4938006117969483e-02         7.7310196153208610e-01        -3.4193010494420507e-02         3.4424779747884663e-05
14                                     2.9409946838221575e-04         5.7329401655701093e-02         5.1311790452232033e-04        -9.3279495776399782e-02         3.2213654526817133e-02        -3.4193010494420507e-02         7.8758638936911451e-01        -3.6548116075967160e-05
15                                     1.0875412793879334e-03        -4.6333979549522915e-04        -5.1120650407303998e-04        -1.3493179336574864e-03         1.2673536770382507e-04         3.4424779747884663e-05        -3.6548116075967160e-05         1.8440557768708488e-01
16                                     7.3718918406635294e-04        -6.7668850380734041e-05         3.4700304738715390e-04        -7.4956469509207936e-04        -3.8703208727046239e-05        -1.4727258985222039e-04        -1.3091572788123478e-05        -9.8607858043440660e-02
17                                    -4.0143209732285677e-04        -1.3875797669372176e-05         3.6650757345037862e-04         1.8781705386550402e-04        -9.6141657589382361e-05        -1.0029548296120166e-04        -3.3503751072614957e-05        -1.5312944624072622e-01
18                                     5.1910495699033100e-05         1.8110389292837296e-04         2.2452535062405599e-04        -1.9893480069420669e-04         1.1328607880765158e-05         1.1679864581623273e-04        -7.2227187173240243e-06        -4.0358924712378388e-03
19                                    -1.3064867683712008e-03         3.7046647253531563e-04        -3.5001541250594907e-04        -2.6092302219760544e-04         1.3354684625875579e-04         1.9480020584984777e-04        -5.1350811136395384e-06         2.2631626774892877e-03
20                                     1.6176690920667374e-04        -1.1376106518090829e-04         1.3603708785933514e-04         8.7617562883120605e-05        -5.1990381454194209e-05        -7.4551043067518910e-05        -5.1209173603096393e-05         7.2815196240808688e-03
21                                     6.9035688309673380e-04        -4.4233478342771594e-04         8.4662921307461199e-04         1.3695484697479503e-03        -2.3551716929470475e-04        -2.8495136942822161e-04         8.3248247032075961e-05         1.6910135237325402e-02
22                                     4.6085354146490102e-04        -5.1490586638552125e-05         8.5743328076312727e-04         7.6679267028235336e-04        -1.9984526114942222e-04        -2.5092550241364632e-04         5.7592062445470886e-05        -1.2741171231375692e-02
23                                    -1.3882789412462222e-03         1.2781943220103813e-04        -1.1846551024872068e-03        -1.0879700125099299e-03         3.4383722274787185e-04         3.6468467300221916e-04        -4.8693307261677733e-05        -1.8796172002357930e-02
24                                    -1.3867397627541883e-02         3.1227791478797397e-03         6.2126517775879799e-04        -4.1013786053196815e-04         2.3289687239089679e-04        -2.2144326716096749e-04         6.6000228874588856e-05         1.6941261128649314e-03
25                                     3.4773132933790321e-03        -1.2478909244570905e-03         1.1878911637990559e-03        -1.9185300242576444e-03        -2.3682704191216580e-04        -3.5848540400084880e-04         1.5396799341137451e-04         5.5185665317503563e-04
26                                     5.0531184340893848e-03         7.4461606565486699e-05        -2.9947357986061553e-03        -5.0398875300843669e-03         6.2913659122679081e-04         4.3566755172576668e-04        -4.6445881994503901e-05        -1.1078170325879468e-03
27                                    -2.1216228993982206e-02         6.1570179902690958e-03        -3.0016715336435691e-02         1.4718960061239447e-02         2.8223666848524636e-03        -2.0751320678272971e-04        -6.4243213652262032e-04         7.0486694670450993e-05
28                                     1.3722982804187667e-01         4.5412281398314255e-03        -1.0654029210919621e-02         5.5955270469417104e-03         1.8212217501534305e-03         1.6426078999176291e-03        -1.2380467064011993e-03         1.0710697693857435e-04
29                                    -1.0080151057509062e-01        -1.0852107236732234e-03         3.8907925568906318e-03         2.4829243785532973e-03        -2.1077566693375916e-03        -5.3049286562089530e-04        -7.3563930960240996e-04         9.7979964072450140e-04
30                                    -1.6632554653554461e-02        -4.8715382209376587e-03         3.6046250531621513e-02         4.6655060366512791e-02        -1.2383935224190446e-03         6.8471584921363914e-03         9.8477383677671709e-03        -2.9896156816502798e-04
31                                    -1.7587208350275461e-02         6.7079715675220947e-02         5.9279700987183048e-02         1.3153727543602811e-01        -5.1340813152639074e-03        -1.4886356802303252e-02        -3.0859122021581982e-02        -3.3539495072879065e-04
32                                    -9.0385287754960845e-03         1.1871672981629881e-01         1.7216510507096472e-01         1.9149501278550118e-01        -9.8984308265712036e-03        -1.8000173927265231e-02        -4.0151341947873689e-02        -3.2247645296142583e-04
33                                     2.1470105607346350e-02        -7.9029819916147284e-02         6.5366747060783839e-02        -3.7804248430115012e-02        -5.0811630412168881e-03         2.4121679674002063e-02        -2.0860279217549411e-02         2.0951834731483543e-05
34                                     1.1668162968754772e-02         6.4110997684522067e-02        -2.8711072797055748e-01         1.9314363939821177e-01         1.3078979252673477e-03        -9.8776882415258088e-03         9.7414065552469658e-03         1.1136715965178465e-04
35                                     5.8927095656917221e-04        -3.1066405132335495e-02         2.0570432885912820e-01        -1.8313553866336718e-01         5.2364941247017346e-03        -1.5407636792610761e-02         1.0837293841952700e-02        -2.2094058713464492e-05
36                                     3.7008346472723348e-04        -2.1662980883073505e-02        -1.8032335185800375e-02         4.9881555704310767e-03        -3.0673921693823480e-01        -1.8375200482161785e-01         1.2242604249926972e-02         1.6726506812904038e-07
37                                    -1.2816051578336063e-03         2.2665702739964447e-02         1.6652094918092893e-02        -2.3993524960294506e-03        -1.8817463146913005e-01        -2.1179895061508683e-01         1.2948611535296445e-02        -9.0774921910859781e-06
38                                     6.6490235396248821e-04         9.6412748756038967e-03         7.4733280699646300e-03        -1.6244141941340893e-03         1.1712477626546298e-02         1.1534394385660701e-02        -7.2386781757343116e-02         1.1351125243497682e-05
39                                    -6.6317211235144137e-04        -1.7194907490634421e-03         1.4778475507731518e-02         3.0530919025136147e-02        -7.2404238100893706e-02        -2.4142390434915877e-02        -4.5309036131020455e-02         4.2875215602530565e-07
40                                     9.5600709535632541e-04         1.2627324309246474e-03        -7.3537065092766900e-03        -1.6921995673250766e-02        -2.4417207372663431e-02        -1.3686683023044871e-01        -1.4125114237033992e-01         1.2673092384682849e-05
41                                     1.0498010568758811e-03        -6.4225083930096599e-05        -3.6596904050109464e-03        -6.0101623893626058e-03        -4.5575832877489203e-02        -1.4036874106621294e-01        -3.7155084037208802e-01         6.6609259957988321e-06
42                                    -8.5555479286502820e-04        -6.8985713082423874e-03         2.8246625952032089e-02        -2.2965126224321397e-02        -8.1921204474931564e-02         4.7054122369849335e-02        -4.8058563969532883e-02        -8.1076132860877486e-06
43                                    -1.7095414703604357e-04         3.0504242320294490e-03        -1.5371784427978420e-02         1.0663660260811017e-02         5.0423216474654961e-02        -2.6736500892374815e-01         1.8308402771143167e-01         1.4757843676766261e-06
44                                     4.9251544220149570e-05         4.8394190455505366e-03        -1.4526798576923182e-02         1.2668483686433672e-02        -5.1184015235152161e-02         1.8538104888990875e-01        -2.4029014305940388e-01         9.1694138419032983e-06
45                                     4.0068648213379462e-04        -2.1816367680969156e-02        -3.4454653883312543e-02        -5.0858956812816034e-02         2.4612557571708936e-03         2.6682723894929676e-03         6.9952929549051569e-03         1.1971324991013168e-04
46                                     1.9336184278574817e-03        -4.8148227085351922e-02        -6.4973965242591261e-02        -1.0514571196330884e-01         2.0287582528899510e-03         5.2721904087906163e-03         1.0398659334814478e-02         1.3894161572291066e-04
47                                     4.4690452230865280e-03        -8.2282958640130022e-02        -1.2015026906132470e-01        -1.7373432005198436e-01         3.8159158176002163e-03         7.8314301483404635e-03         1.7633602321233965e-02         1.5712132058798793e-04
48                                    -1.3137083419819404e-03         9.3005448900519375e-03         1.2226995457845138e-02         1.5846617642305907e-02        -1.2776924537359338e-03        -1.1748698713840680e-03        -3.2192329676903968e-03        -1.3325626904084993e-04
49                                     7.0428671712401299e-04         1.3246563898151648e-03        -1.1703366274542350e-03         6.0251840146457233e-04        -1.0418510906158791e-04        -5.0054707244361703e-04        -4.5897866671865703e-04        -4.8127842123990165e-05
50                                     1.6426799252917761e-03        -5.9171434479818514e-04        -2.9423326267687200e-03        -4.7719347899882504e-03         8.5696817835113556e-05         1.2587321060429798e-04         1.8003271398993196e-04         2.1995103018504990e-05
                                                        16                          17                          18                          19                          20                          21                          22                          23

0                                      9.6268439722204391e-02         1.4210652733851503e-01        -9.5029943592477614e-02         9.0942836225289231e-02        -3.4502764321272049e-02        -1.8745925144556774e-01        -2.3308251839310928e-02        -1.7489305892047935e-01
1                                     -1.4814853553109761e-01        -1.1910970240945259e-01         9.7101988267327827e-02        -3.8100089747112442e-01         1.1664925804912646e-01        -2.3626427580330588e-02        -7.6262432452547435e-02        -3.5037171730639374e-02
2                                     -1.1704143464754979e-01        -2.5117506721841121e-01        -3.6833752296742420e-02         1.1662840792614210e-01        -1.1632779324839780e-01        -1.7741796587968611e-01        -3.6889726263072006e-02        -3.1214546315985126e-01
3                                     -1.7504701873371394e-02         3.2075896062913941e-03         8.3551933083834511e-03         4.6963716243675069e-03        -1.9249512819575158e-03        -2.3019799530273138e-02        -1.5481902816468565e-02         1.0561331766325673e-02
4                                      1.3804237790624528e-02        -1.5339657219101029e-03        -3.7400608629964055e-02        -1.7075876123510893e-02         7.3041411774350052e-03        -3.5668314515023493e-03        -6.8290946725239540e-04         1.3852998551289438e-03
5                                      1.7741551680942526e-02        -1.0153824033280745e-03         1.4244255245671085e-02         6.6347682107393384e-03        -2.5442273787709482e-03        -2.3774001888637503e-02        -1.7105374117109842e-02         1.4231463996965335e-02
6                                     -5.8184705030002665e-04        -1.3472600828487351e-03         3.7141443774618877e-03         3.5942130791592579e-03        -1.4864208680127507e-03         1.3286261303213165e-04         4.4839337372064173e-04         1.2492246758019560e-03
7                                     -2.6279037702460254e-03        -6.2573038545664893e-04        -1.9815204824748028e-04         2.9675714461271721e-03        -1.2469546170853314e-03        -2.6542835876658733e-03        -1.7372907856693051e-03         1.9640393697864505e-03
8                                      7.3718918406635294e-04        -4.0143209732285677e-04         5.1910495699033100e-05        -1.3064867683712008e-03         1.6176690920667374e-04         6.9035688309673380e-04         4.6085354146490102e-04        -1.3882789412462222e-03
9                                     -6.7668850380734041e-05        -1.3875797669372176e-05         1.8110389292837296e-04         3.7046647253531563e-04        -1.1376106518090829e-04        -4.4233478342771594e-04        -5.1490586638552125e-05         1.2781943220103813e-04
10                                     3.4700304738715390e-04         3.6650757345037862e-04         2.2452535062405599e-04        -3.5001541250594907e-04         1.3603708785933514e-04         8.4662921307461199e-04         8.5743328076312727e-04        -1.1846551024872068e-03
11                                    -7.4956469509207936e-04         1.8781705386550402e-04        -1.9893480069420669e-04        -2.6092302219760544e-04         8.7617562883120605e-05         1.3695484697479503e-03         7.6679267028235336e-04        -1.0879700125099299e-03
12                                    -3.8703208727046239e-05        -9.6141657589382361e-05         1.1328607880765158e-05         1.3354684625875579e-04        -5.1990381454194209e-05        -2.3551716929470475e-04        -1.9984526114942222e-04         3.4383722274787185e-04
13                                    -1.4727258985222039e-04        -1.0029548296120166e-04         1.1679864581623273e-04         1.9480020584984777e-04        -7.4551043067518910e-05        -2.8495136942822161e-04        -2.5092550241364632e-04         3.6468467300221916e-04
14                                    -1.3091572788123478e-05        -3.3503751072614957e-05        -7.2227187173240243e-06        -5.1350811136395384e-06        -5.1209173603096393e-05         8.3248247032075961e-05         5.7592062445470886e-05        -4.8693307261677733e-05
15                                    -9.8607858043440660e-02        -1.5312944624072622e-01        -4.0358924712378388e-03         2.2631626774892877e-03         7.2815196240808688e-03         1.6910135237325402e-02        -1.2741171231375692e-02        -1.8796172002357930e-02
16                                     1.4883634344926272e-01         1.2910165396276019e-01         1.7672603451301235e-02        -1.1414527433843830e-02        -2.9094531727929113e-02         2.9272637499568183e-03        -1.0114265865167112e-03        -2.3418413877934405e-04
17                                     1.2910165396276019e-01         2.5723017542746235e-01        -1.0944213112692766e-02         8.4729664019956644e-03         1.4388142737827550e-02         2.1254813051486094e-02        -1.6350159344020381e-02        -1.9643230432509359e-02
18                                     1.7672603451301235e-02        -1.0944213112692766e-02         9.7470283144554165e-02        -9.7475420214686734e-02         3.6749435948768824e-02        -4.1461181230660425e-03         2.1636363956490462e-02        -3.8298883851938265e-03
19                                    -1.1414527433843830e-02         8.4729664019956644e-03        -9.7475420214686734e-02         3.9529625771960569e-01        -1.2584054990958671e-01        -3.1596643261615764e-03         1.0137324159003041e-02        -4.6406361153394013e-03
20                                    -2.9094531727929113e-02         1.4388142737827550e-02         3.6749435948768824e-02        -1.2584054990958671e-01         1.1008203529160084e-01        -6.6199609723208916e-03         3.2147909334644439e-02        -7.0415510653556897e-03
21                                     2.9272637499568183e-03         2.1254813051486094e-02        -4.1461181230660425e-03        -3.1596643261615764e-03        -6.6199609723208916e-03         1.9637656653742605e-01         2.8808458358423182e-02         1.8470110644346277e-01
22                                    -1.0114265865167112e-03        -1.6350159344020381e-02         2.1636363956490462e-02         1.0137324159003041e-02         3.2147909334644439e-02         2.8808458358423182e-02         6.8332063568881163e-02         3.7196450616173091e-02
23                                    -2.3418413877934405e-04        -1.9643230432509359e-02        -3.8298883851938265e-03        -4.6406361153394013e-03        -7.0415510653556897e-03         1.8470110644346277e-01         3.7196450616173091e-02         3.2606090755741307e-01
24                                     4.9547073335456221e-04        -8.8894244719430935e-04        -6.1034860317651859e-03        -1.3828539629252936e-03         6.6725730661268824e-04         1.7473815765067708e-03         9.3714609009612091e-04         3.0002587526533567e-04
25                                     8.6927889016837154e-04        -1.1076116797569327e-04        -1.5116567305308269e-03         7.8287218852654322e-04         2.7706285572135522e-04         1.1285754941497157e-03         9.7466810620183870e-04        -3.3576837436710520e-04
26                                    -4.5961778030806171e-04         5.3834378691713924e-04         6.9838314988319755e-04         2.6294352465857046e-04         1.3122293068996277e-03         4.1808391278152536e-04        -1.8702140070885227e-05         4.1414703106282258e-04
27                                    -1.8599572244198996e-05        -2.4203742933040457e-05        -3.9292117551859539e-04        -1.9086292826313916e-04         7.4705804633292528e-05         5.6081772812243589e-05         4.0016484668619384e-06         2.4387541727257246e-05
28                                    -2.4961693005114138e-04        -1.7492028822854722e-05        -1.2567674349655764e-04         4.5779433478576430e-04        -1.7347020331907447e-04        -6.2119500932454001e-04        -3.8689097110240290e-04         5.2699154001505360e-04
29                                     6.1038354347991487e-04         1.2367259164422668e-04         5.0965125890849432e-05        -1.5647745995437268e-04         3.5497321417392270e-05        -7.9510532755294630e-04        -1.6313018024238262e-04         3.0607878599968547e-04
30                                    -4.6301540215616004e-04        -9.8239294402979797e-05        -1.4040074584092857e-05         7.5366882618811909e-05        -8.8383382431990465e-05         2.2654953768293625e-04         4.1461162501389950e-06         7.1243805478491437e-05
31                                    -7.8560304205779806e-04        -2.7659830681783310e-04        -1.1055782512624837e-04         2.1681800580753468e-04        -1.8873341272246169e-04         2.3718360244094641e-04        -1.2127914874821107e-04         3.3413324433542518e-04
32                                    -1.1797694058914910e-03        -4.3605415177067281e-04        -3.8472170304576329e-05         3.7889382557634941e-04        -2.5802125416925258e-04         2.0937019457824507e-04        -2.5678931012615116e-04         6.2748403495610418e-04
33                                    -6.0980320835623885e-05         7.8115002069656207e-06         5.2877186576096046e-05         8.6934560486071934e-05        -1.4741999146908140e-05        -7.8130404059833809e-05        -4.5266689236132031e-05         8.0731820866046045e-05
34                                     1.2044920617926324e-04        -4.7066747835911374e-06         5.5725702642998431e-05        -5.1815835846924421e-05         1.8195568337698665e-05        -3.0875278539280269e-05         1.4707297606946228e-05        -3.0842627773152147e-05
35                                    -7.0398915495328363e-05        -4.6517715204793652e-05        -1.0021746325798286e-05         5.8251743201103573e-05        -1.5359083006016502e-05        -2.3466146068536371e-05        -3.3984875906122405e-05         9.2599963799148196e-05
36                                    -2.2854796454699171e-05        -2.0034466830865568e-05         8.5584535798517193e-06         4.1227247746888126e-05        -1.3129138009607176e-05        -5.2541028516652931e-05        -3.9831469750678452e-05         6.9326319489592531e-05
37                                     7.2164805735635542e-05         3.9429048343676398e-05         3.3299362705634062e-06        -8.2406742165068696e-05         2.0146702607226489e-05         9.2319557363620746e-05         8.4632246128041842e-05        -1.4375059130359593e-04
38                                     2.6075348930847422e-05         1.7781527798580629e-05        -5.0533248141630886e-06        -2.1631371627847145e-05         6.4566336300113549e-06         2.3420936745355732e-05         1.3981418153402209e-05        -3.3211856987873235e-05
39                                    -9.0439370352681458e-06         7.2760244590793638e-06        -1.6916932672383673e-05         1.3317409159946804e-05         2.4440770672301668e-05        -2.0933188883315561e-05         2.1107388207729986e-06         1.7172844773883961e-05
40                                    -7.1297337789709946e-07        -7.0816983329764424e-06        -8.0268252213461797e-06         1.6940121818015755e-05         5.8428203080691278e-06        -1.9058619097401348e-05        -1.7999845010361151e-06         2.2059243892930428e-05
41                                    -3.8717433696596392e-05        -1.8816178230323787e-05        -8.5256380042992436e-07         3.3168017508823470e-05        -4.2221425657089275e-06        -3.2912234982279687e-05        -3.6661498418244563e-05         8.3593740862356568e-05
42                                     2.0686371242598713e-05         1.0698835096088321e-05        -4.0254384422421777e-05        -1.3882184101094124e-05         6.2478917246253161e-06         2.1957753308998805e-05         2.7160141956208979e-05        -3.6972466658071260e-05
43                                    -2.9691191726955802e-05        -7.1174879944279137e-06        -1.5845486304275937e-05         3.9349021545996912e-05        -5.2267883175988010e-06        -2.7712762585053313e-05        -2.9837290342523738e-05         4.3341441530116414e-05
44                                     2.7404883086483466e-05         2.1332014392892902e-05         2.5527793633277817e-05        -2.3246825753573796e-05         2.4312412766093082e-05         8.2444188556516848e-06         2.3137013652793582e-05        -3.8182594719289326e-05
45                                     3.0449222580700890e-04         9.3100981188786076e-05         1.1551806353172871e-05        -5.6070882027064312e-05         6.6796252882216512e-05        -3.0914755765826599e-05         7.8241075008612276e-05        -1.5327319156676743e-04
46                                     2.6562092815957811e-04         1.3017056404304240e-04         8.2056839457503512e-05        -7.6285823676891279e-05         1.1342404055712758e-04        -7.0093680631423802e-05         4.0189546493902165e-05        -1.4241235538444211e-04
47                                     5.0928262100157114e-04         1.5727004638750413e-04        -2.6717226811560061e-05        -1.5291219302308303e-04         9.0200737276533658e-05        -9.4820622967690499e-05         9.6939667544901790e-05        -2.4278026417587177e-04
48                                    -3.1168792498438916e-04        -1.0497232962553005e-04        -2.5467991973553801e-05         5.8555107308753095e-05        -5.3082448361530497e-05         1.4005400760423205e-05        -7.7657816792651491e-05         1.5706826255947742e-04
49                                     1.0019193125290841e-04        -1.1050084545613211e-06        -4.4691280608259579e-05        -5.7902360395571651e-05        -3.7032111843930432e-05         2.0059901347029463e-05         4.3773984015623300e-05        -6.1267148164206701e-05
50                                     1.6175725965197809e-04         1.0546876155414630e-04         7.3432845324329751e-05        -7.2368725579515371e-05         5.4124432360664861e-05         6.1294699861472310e-06         6.4559604978276246e-05        -1.4691347644135786e-04
                                                        24                          25                          26                          27                          28                          29                          30                          31

0                                      6.5125040032345607e-03         5.7238736176824789e-03        -2.2627269400157680e-03         3.3339781584562599e-03        -2.1318181540741312e-03         5.5355621322369626e-04        -2.9176232214433713e-04        -6.9479306513045309e-04
1                                     -3.1288899040634116e-02        -8.7247067905116982e-03         4.9690218410669840e-03         7.9692827556057015e-04         8.7096112641275956e-04        -3.2479845233708347e-03         1.0066304515479899e-03         1.2993908395375106e-03
2                                      1.1950578359997311e-02         4.2827630428407580e-03         9.7260859586567432e-04        -4.4748271441054821e-04        -3.4269077697831633e-03        -6.3624030156103463e-03         1.3866191196761153e-03         1.5831701528702285e-03
3                                     -8.0960218954856167e-02         5.6351131604124229e-02        -2.1405387416615726e-02        -2.2294301483760329e-03        -1.1954634880207218e-03         1.4507505612208031e-03         1.1005595112994723e-02         2.6307362958589257e-02
4                                      5.3954033941663537e-02        -4.0302293152329549e-01         1.3880090259540317e-01         3.5331097673746620e-02        -2.0974091835622329e-03         1.8996232997988592e-03        -5.0560921388507971e-03        -1.0810954539112525e-02
5                                     -2.0100318663161656e-02         1.3840862099317194e-01        -9.6333911221349156e-02        -1.3598802137096577e-02         3.8216944478692933e-03         5.5655830509261338e-03         1.2423331329931182e-03         2.0811188231483280e-03
6                                     -2.2106431585188907e-03        -7.8739806394041711e-04         1.1276690536431294e-03        -8.1053914334136640e-02         5.5272207671976673e-02        -2.1808073659490081e-02        -3.2702098944516998e-02        -6.0201819773360032e-02
7                                      3.6155033563027988e-02        -2.3973039131305121e-03         2.5138270968578609e-03         5.3447582886849754e-02        -4.0389589363168443e-01         1.3868149214773934e-01        -1.4899172954608887e-02        -1.7859843559691495e-02
8                                     -1.3867397627541883e-02         3.4773132933790321e-03         5.0531184340893848e-03        -2.1216228993982206e-02         1.3722982804187667e-01        -1.0080151057509062e-01        -1.6632554653554461e-02        -1.7587208350275461e-02
9                                      3.1227791478797397e-03        -1.2478909244570905e-03         7.4461606565486699e-05         6.1570179902690958e-03         4.5412281398314255e-03        -1.0852107236732234e-03        -4.8715382209376587e-03         6.7079715675220947e-02
10                                     6.2126517775879799e-04         1.1878911637990559e-03        -2.9947357986061553e-03        -3.0016715336435691e-02        -1.0654029210919621e-02         3.8907925568906318e-03         3.6046250531621513e-02         5.9279700987183048e-02
11                                    -4.1013786053196815e-04        -1.9185300242576444e-03        -5.0398875300843669e-03         1.4718960061239447e-02         5.5955270469417104e-03         2.4829243785532973e-03         4.6655060366512791e-02         1.3153727543602811e-01
12                                     2.3289687239089679e-04        -2.3682704191216580e-04         6.2913659122679081e-04         2.8223666848524636e-03         1.8212217501534305e-03        -2.1077566693375916e-03        -1.2383935224190446e-03        -5.1340813152639074e-03
13                                    -2.2144326716096749e-04        -3.5848540400084880e-04         4.3566755172576668e-04        -2.0751320678272971e-04         1.6426078999176291e-03        -5.3049286562089530e-04         6.8471584921363914e-03        -1.4886356802303252e-02
14                                     6.6000228874588856e-05         1.5396799341137451e-04        -4.6445881994503901e-05        -6.4243213652262032e-04        -1.2380467064011993e-03        -7.3563930960240996e-04         9.8477383677671709e-03        -3.0859122021581982e-02
15                                     1.6941261128649314e-03         5.5185665317503563e-04        -1.1078170325879468e-03         7.0486694670450993e-05         1.0710697693857435e-04         9.7979964072450140e-04        -2.9896156816502798e-04        -3.3539495072879065e-04
16                                     4.9547073335456221e-04         8.6927889016837154e-04        -4.5961778030806171e-04        -1.8599572244198996e-05        -2.4961693005114138e-04         6.1038354347991487e-04        -4.6301540215616004e-04        -7.8560304205779806e-04
17                                    -8.8894244719430935e-04        -1.1076116797569327e-04         5.3834378691713924e-04        -2.4203742933040457e-05        -1.7492028822854722e-05         1.2367259164422668e-04        -9.8239294402979797e-05        -2.7659830681783310e-04
18                                    -6.1034860317651859e-03        -1.5116567305308269e-03         6.9838314988319755e-04        -3.9292117551859539e-04        -1.2567674349655764e-04         5.0965125890849432e-05        -1.4040074584092857e-05        -1.1055782512624837e-04
19                                    -1.3828539629252936e-03         7.8287218852654322e-04         2.6294352465857046e-04        -1.9086292826313916e-04         4.5779433478576430e-04        -1.5647745995437268e-04         7.5366882618811909e-05         2.1681800580753468e-04
20                                     6.6725730661268824e-04         2.7706285572135522e-04         1.3122293068996277e-03         7.4705804633292528e-05        -1.7347020331907447e-04         3.5497321417392270e-05        -8.8383382431990465e-05        -1.8873341272246169e-04
21                                     1.7473815765067708e-03         1.1285754941497157e-03         4.1808391278152536e-04         5.6081772812243589e-05        -6.2119500932454001e-04        -7.9510532755294630e-04         2.2654953768293625e-04         2.3718360244094641e-04
22                                     9.3714609009612091e-04         9.7466810620183870e-04        -1.8702140070885227e-05         4.0016484668619384e-06        -3.8689097110240290e-04        -1.6313018024238262e-04         4.1461162501389950e-06        -1.2127914874821107e-04
23                                     3.0002587526533567e-04        -3.3576837436710520e-04         4.1414703106282258e-04         2.4387541727257246e-05         5.2699154001505360e-04         3.0607878599968547e-04         7.1243805478491437e-05         3.3413324433542518e-04
24                                     8.1060128680114932e-02        -5.8780289493463034e-02         2.1734442340610081e-02        -4.9464431851002633e-03        -3.8187485738713301e-04         4.9812304729935069e-04        -5.5628722558908800e-05         2.1485553949909914e-04
25                                    -5.8780289493463034e-02         4.0956871645175685e-01        -1.4699656731790020e-01        -2.4710779989003300e-04         1.4677652182033341e-03         3.9267308137645703e-03        -8.5210724255727348e-04        -1.4656173722900926e-03
26                                     2.1734442340610081e-02        -1.4699656731790020e-01         8.3339536511808213e-02         4.4583155819282621e-04         3.9478488373046981e-03         1.0174830465385339e-02        -5.5708038913379805e-04        -5.6618483214545905e-04
27                                    -4.9464431851002633e-03        -2.4710779989003300e-04         4.4583155819282621e-04         8.1714927393466391e-02        -5.7082194682665309e-02         2.1451464914906376e-02         1.1482597694609635e-04        -5.1571228989032701e-04
28                                    -3.8187485738713301e-04         1.4677652182033341e-03         3.9478488373046981e-03        -5.7082194682665309e-02         4.1114457020428163e-01        -1.4681317127269208e-01         6.5591915797300570e-04         9.6754939261599034e-04
29                                     4.9812304729935069e-04         3.9267308137645703e-03         1.0174830465385339e-02         2.1451464914906376e-02        -1.4681317127269208e-01         8.6976290391924491e-02         1.0553091225999167e-04         3.5528135418746261e-05
30                                    -5.5628722558908800e-05        -8.5210724255727348e-04        -5.5708038913379805e-04         1.1482597694609635e-04         6.5591915797300570e-04         1.0553091225999167e-04         5.6711228773947575e-02        -5.2903482822316689e-02
31                                     2.1485553949909914e-04        -1.4656173722900926e-03        -5.6618483214545905e-04        -5.1571228989032701e-04         9.6754939261599034e-04         3.5528135418746261e-05        -5.2903482822316689e-02        -5.7243473731793296e-02
32                                     1.1091881841030941e-04        -2.2670682877937143e-03        -4.5376804776445906e-04        -7.0233394890314819e-04         1.2133119996388926e-03        -7.3441390666302943e-04        -1.0124775137010161e-01        -1.8779051245198497e-01
33                                    -2.0539974789346709e-04        -1.3352107142547637e-04         1.3197046439154033e-04        -5.3318271136534156e-03        -1.0378307751367105e-03         7.3111451378756668e-04        -1.6218646066134086e-03         1.7955846397711430e-03
34                                    -1.1224837245127239e-04         3.7080899317710851e-04         7.0601961241886432e-06        -1.8931493858164259e-03         9.1737535045028457e-04         1.7651377973332129e-03        -6.6776287697103403e-03        -5.0171939951871945e-03
35                                     9.4227000802394397e-05        -1.7073883844829617e-04        -1.4922883878284087e-04        -5.9220323285008765e-04         1.0132744084898201e-04         2.5598757459060965e-03        -9.7283716962692779e-03         1.9755838734473521e-03
36                                    -1.0070394603436885e-05        -5.7021582202169269e-05         8.4301611755686207e-05         1.7422311390592055e-04         3.4026546886318631e-04        -2.0267004724281671e-04        -1.1497956331377873e-04        -2.3205611458483617e-03
37                                    -5.2073472704767230e-05         1.4477637177117341e-04        -1.8949892008534664e-04         1.2872154880960056e-04        -2.4059274395862298e-04         2.7801974120387476e-05         6.0222100496337130e-04         6.5389290232574905e-04
38                                     1.4297087639764314e-06         3.7965621292812031e-05        -1.5008908432844373e-05        -1.3256093552843520e-04        -2.1508700696908043e-04         5.0621691940856882e-05         7.1363719748520488e-04         7.0873706489193392e-04
39                                     2.0845145803538196e-05        -1.7660995735573060e-05         4.6803446412905115e-06        -1.8090176546976068e-04         6.0000982283052147e-05         1.8600536780791698e-04        -1.8014750522924660e-03         5.2087101151090647e-03
40                                     2.3998225436557425e-05         2.7903783540561555e-05         5.4199095172336267e-05         4.6326538930153288e-05         1.7588221955036620e-05        -7.3315507200019843e-05         1.2922235059933016e-03        -1.5821920204386196e-03
41                                     9.1009459248078337e-07        -8.5283571620699793e-05         8.8899571280108645e-05         1.0277713013128083e-05         1.6414503676364690e-05        -2.2575697299018812e-05         6.6111736431125360e-04         1.6457347025683083e-03
42                                     6.6875758092836837e-05         4.7166982272287775e-05        -3.5021054634052723e-05        -2.9697413311195742e-04        -1.6376543346720437e-04         1.6909214810012643e-05         6.4408084121416929e-05        -1.1833161441781540e-03
43                                    -2.7206582120314947e-05        -9.4113861780122359e-05         5.3809180178979307e-05         2.2541572770656479e-06         3.9195957101501814e-04         4.4975730606210129e-05         1.7148327757776009e-04         1.2682036761224840e-03
44                                    -3.2356951692440010e-05         6.4094106526925085e-05        -2.8956154103260221e-05         1.1199958532003397e-04         2.2373771539013244e-05         4.8485439263646745e-05         1.4973766170534551e-04        -5.2899445812987288e-04
45                                     1.3375843701100994e-05         5.8634379537302224e-04         7.6687311104485251e-05         1.7596702714477446e-04        -2.2358085193523256e-04         6.9325843597783932e-05        -1.9841959430077133e-02         4.5674574605715335e-02
46                                    -1.5968139778753317e-04         4.0233821970924529e-04         1.8516992344391904e-04         5.0163248663475952e-04        -3.0627447653094105e-04         2.0908125558443378e-04         1.8392756376703311e-02         4.5943541370394331e-02
47                                    -2.6557276956007251e-06         1.0217135895766863e-03         2.7693717470836479e-04         3.6523544035726161e-04        -4.8253412011838481e-04         2.3097710737769562e-04         3.5702453863533504e-02         9.6375825192591094e-02
48                                     2.0977054707016409e-05        -5.5513396966479570e-04        -3.6267468636998115e-05        -1.8746295715701435e-04         1.4782276141227409e-04        -8.4131969083638732e-05        -5.2699054580698894e-03        -2.2917252419670880e-02
49                                     4.2433944799834300e-05         2.6613947815466276e-04        -4.0446954223683277e-05        -6.9062928211636022e-05        -4.7464171828051670e-05        -1.3293249201559731e-04         1.5556328147982622e-02         1.4341703763583787e-04
50                                    -1.4345114658241535e-04         2.6978917408120208e-04        -1.0344429550526656e-04         1.4278826368849425e-04        -8.2651475244968371e-05         1.0170553392659624e-04         3.1362468119844278e-02         1.4650506667579916e-03
                                                        32                          33                          34                          35                          36                          37                          38                          39

0                                     -1.3012955459574911e-03         1.8276369363181546e-05         3.3869033861047993e-04        -3.5062776309884545e-04        -1.5871774807576415e-04         3.8349448466112575e-04         1.0448725343486536e-04         2.1650137984682827e-05
1                                      1.8424097983847029e-03         3.8787946627933463e-04        -2.3842387139744224e-04         3.3793102043215735e-05         9.3508943339204453e-05        -1.1073334690389451e-04        -7.6571608237749388e-05         9.6810288359102130e-06
2                                      1.3661171756734402e-03        -4.1038466400088495e-04        -4.1464355365577392e-04         1.1645737327729919e-05        -2.4925682652248771e-04         4.0672274495298611e-04         5.9969752461797923e-05         1.3420854021749116e-05
3                                      4.4256055285470407e-02         3.5073498163492719e-03         6.1914860538975457e-03         2.3690881185380805e-03         2.4741418022244943e-04         4.2002971222302983e-04         4.8070508263389387e-04        -8.5282123565046412e-04
4                                     -1.8090398009663385e-02        -5.5048452738378634e-04         3.2473098677094150e-04        -2.8551288618244635e-03        -8.8126371337224904e-04         1.1732588515974084e-03         2.8193593043145408e-04         1.6278315085166287e-04
5                                      3.2978856349582188e-03        -4.1459476836967421e-04        -1.5745147881020085e-03         2.3733663621281669e-04         4.8635773713058572e-04        -5.0700255106580919e-04        -1.1980875529391848e-04        -4.1962008089310834e-04
6                                     -9.1590896524779225e-02         5.2277190116975184e-03        -3.3017359784967941e-03        -1.0500240304037563e-02        -3.3941682527654626e-03         4.3505795294959031e-03         1.6329880017320699e-03         3.9866397785430652e-03
7                                     -1.9608205487357741e-02        -3.0854465322403730e-02        -1.5945947889035035e-02        -1.2508194452033545e-03         3.3788320017226043e-03        -3.9302729841421101e-03        -1.6304877961751498e-03         8.8541647983495344e-04
8                                     -9.0385287754960845e-03         2.1470105607346350e-02         1.1668162968754772e-02         5.8927095656917221e-04         3.7008346472723348e-04        -1.2816051578336063e-03         6.6490235396248821e-04        -6.6317211235144137e-04
9                                      1.1871672981629881e-01        -7.9029819916147284e-02         6.4110997684522067e-02        -3.1066405132335495e-02        -2.1662980883073505e-02         2.2665702739964447e-02         9.6412748756038967e-03        -1.7194907490634421e-03
10                                     1.7216510507096472e-01         6.5366747060783839e-02        -2.8711072797055748e-01         2.0570432885912820e-01        -1.8032335185800375e-02         1.6652094918092893e-02         7.4733280699646300e-03         1.4778475507731518e-02
11                                     1.9149501278550118e-01        -3.7804248430115012e-02         1.9314363939821177e-01        -1.8313553866336718e-01         4.9881555704310767e-03        -2.3993524960294506e-03        -1.6244141941340893e-03         3.0530919025136147e-02
12                                    -9.8984308265712036e-03        -5.0811630412168881e-03         1.3078979252673477e-03         5.2364941247017346e-03        -3.0673921693823480e-01        -1.8817463146913005e-01         1.1712477626546298e-02        -7.2404238100893706e-02
13                                    -1.8000173927265231e-02         2.4121679674002063e-02        -9.8776882415258088e-03        -1.5407636792610761e-02        -1.8375200482161785e-01        -2.1179895061508683e-01         1.1534394385660701e-02        -2.4142390434915877e-02
14                                    -4.0151341947873689e-02        -2.0860279217549411e-02         9.7414065552469658e-03         1.0837293841952700e-02         1.2242604249926972e-02         1.2948611535296445e-02        -7.2386781757343116e-02        -4.5309036131020455e-02
15                                    -3.2247645296142583e-04         2.0951834731483543e-05         1.1136715965178465e-04        -2.2094058713464492e-05         1.6726506812904038e-07        -9.0774921910859781e-06         1.1351125243497682e-05         4.2875215602530565e-07
16                                    -1.1797694058914910e-03        -6.0980320835623885e-05         1.2044920617926324e-04        -7.0398915495328363e-05        -2.2854796454699171e-05         7.2164805735635542e-05         2.6075348930847422e-05        -9.0439370352681458e-06
17                                    -4.3605415177067281e-04         7.8115002069656207e-06        -4.7066747835911374e-06        -4.6517715204793652e-05        -2.0034466830865568e-05         3.9429048343676398e-05         1.7781527798580629e-05         7.2760244590793638e-06
18                                    -3.8472170304576329e-05         5.2877186576096046e-05         5.5725702642998431e-05        -1.0021746325798286e-05         8.5584535798517193e-06         3.3299362705634062e-06        -5.0533248141630886e-06        -1.6916932672383673e-05
19                                     3.7889382557634941e-04         8.6934560486071934e-05        -5.1815835846924421e-05         5.8251743201103573e-05         4.1227247746888126e-05        -8.2406742165068696e-05        -2.1631371627847145e-05         1.3317409159946804e-05
20                                    -2.5802125416925258e-04        -1.4741999146908140e-05         1.8195568337698665e-05        -1.5359083006016502e-05        -1.3129138009607176e-05         2.0146702607226489e-05         6.4566336300113549e-06         2.4440770672301668e-05
21                                     2.0937019457824507e-04        -7.8130404059833809e-05        -3.0875278539280269e-05        -2.3466146068536371e-05        -5.2541028516652931e-05         9.2319557363620746e-05         2.3420936745355732e-05        -2.0933188883315561e-05
22                                    -2.5678931012615116e-04        -4.5266689236132031e-05         1.4707297606946228e-05        -3.3984875906122405e-05        -3.9831469750678452e-05         8.4632246128041842e-05         1.3981418153402209e-05         2.1107388207729986e-06
23                                     6.2748403495610418e-04         8.0731820866046045e-05        -3.0842627773152147e-05         9.2599963799148196e-05         6.9326319489592531e-05        -1.4375059130359593e-04        -3.3211856987873235e-05         1.7172844773883961e-05
24                                     1.1091881841030941e-04        -2.0539974789346709e-04        -1.1224837245127239e-04         9.4227000802394397e-05        -1.0070394603436885e-05        -5.2073472704767230e-05         1.4297087639764314e-06         2.0845145803538196e-05
25                                    -2.2670682877937143e-03        -1.3352107142547637e-04         3.7080899317710851e-04        -1.7073883844829617e-04        -5.7021582202169269e-05         1.4477637177117341e-04         3.7965621292812031e-05        -1.7660995735573060e-05
26                                    -4.5376804776445906e-04         1.3197046439154033e-04         7.0601961241886432e-06        -1.4922883878284087e-04         8.4301611755686207e-05        -1.8949892008534664e-04        -1.5008908432844373e-05         4.6803446412905115e-06
27                                    -7.0233394890314819e-04        -5.3318271136534156e-03        -1.8931493858164259e-03        -5.9220323285008765e-04         1.7422311390592055e-04         1.2872154880960056e-04        -1.3256093552843520e-04        -1.8090176546976068e-04
28                                     1.2133119996388926e-03        -1.0378307751367105e-03         9.1737535045028457e-04         1.0132744084898201e-04         3.4026546886318631e-04        -2.4059274395862298e-04        -2.1508700696908043e-04         6.0000982283052147e-05
29                                    -7.3441390666302943e-04         7.3111451378756668e-04         1.7651377973332129e-03         2.5598757459060965e-03        -2.0267004724281671e-04         2.7801974120387476e-05         5.0621691940856882e-05         1.8600536780791698e-04
30                                    -1.0124775137010161e-01        -1.6218646066134086e-03        -6.6776287697103403e-03        -9.7283716962692779e-03        -1.1497956331377873e-04         6.0222100496337130e-04         7.1363719748520488e-04        -1.8014750522924660e-03
31                                    -1.8779051245198497e-01         1.7955846397711430e-03        -5.0171939951871945e-03         1.9755838734473521e-03        -2.3205611458483617e-03         6.5389290232574905e-04         7.0873706489193392e-04         5.2087101151090647e-03
32                                    -2.7447428045599143e-01        -8.4349514346326020e-03        -3.0138013091619849e-02        -3.5605948917295044e-02        -3.4337715296262894e-03        -1.7606851781577261e-04         5.5673652086590960e-04         6.9400815856074417e-03
33                                    -8.4349514346326020e-03         8.3237849743651351e-02        -6.0656917097797178e-02         4.0437696315565777e-02         2.1755930492555484e-03        -4.0869303648683939e-04        -6.4049863339728761e-04         1.1854487700140909e-03
34                                    -3.0138013091619849e-02        -6.0656917097797178e-02         3.0734786098831879e-01        -1.9393253472484118e-01        -9.5504971742669045e-04         1.0659607224856905e-03        -1.3107529910187925e-04        -1.1442151179208064e-03
35                                    -3.5605948917295044e-02         4.0437696315565777e-02        -1.9393253472484118e-01         1.9297599882772731e-01        -8.7739380874999988e-04        -1.5492439397317339e-04         1.2184154673150092e-04        -3.4159132551368396e-04
36                                    -3.4337715296262894e-03         2.1755930492555484e-03        -9.5504971742669045e-04        -8.7739380874999988e-04         3.1867240589619439e-01         1.9403877748007203e-01        -1.6298429782102129e-02        -4.7760720981654056e-04
37                                    -1.7606851781577261e-04        -4.0869303648683939e-04         1.0659607224856905e-03        -1.5492439397317339e-04         1.9403877748007203e-01         2.1740132702939671e-01        -1.0292498130474352e-02        -1.0616863230316005e-02
38                                     5.5673652086590960e-04        -6.4049863339728761e-04        -1.3107529910187925e-04         1.2184154673150092e-04        -1.6298429782102129e-02        -1.0292498130474352e-02         6.4382660803656316e-02        -3.1446057412112455e-02
39                                     6.9400815856074417e-03         1.1854487700140909e-03        -1.1442151179208064e-03        -3.4159132551368396e-04        -4.7760720981654056e-04        -1.0616863230316005e-02        -3.1446057412112455e-02         7.3378770341690769e-02
40                                    -2.5159259703688278e-03        -1.1222173675023593e-03         8.6985162466970706e-04         4.3023662179643755e-04        -7.6160556665923716e-04        -7.7276479142931462e-03        -2.3487161579616743e-02         2.1334139860444436e-02
41                                     3.4049350129748144e-03        -6.0688603515195649e-04         4.9673346606836540e-04         1.0678014719042572e-03         1.9633268986975309e-03         4.5835642106651087e-03         6.6557648639695485e-03         4.8823945276839698e-02
42                                    -1.7594070406608503e-03        -4.3688612182190547e-03         1.3501307457897778e-03         3.2850738918040814e-03         1.0891224899643668e-02        -2.3115975118377430e-02         2.4665985952515256e-02        -7.0656345684091092e-04
43                                     2.5913631489932172e-03         1.9067679857217722e-03         5.3851088251068841e-04        -1.0307252061068533e-03         8.0779740586197808e-03        -1.3406725907758949e-02         1.5695690928608640e-02        -4.6377071355995243e-03
44                                     3.3793818133991691e-04         3.7267196891123664e-03        -1.2907804163801342e-03        -1.5062792526616068e-03        -6.1964203488353020e-04        -3.4095430101761179e-03         1.5663862829634178e-03        -4.9811451614888936e-03
45                                     8.9736040025752306e-02         5.7472332994280406e-04         3.7686586139776580e-03         3.5867262425499707e-03         7.1193652179954827e-04        -1.5223319861727355e-05        -3.4603177383330923e-04        -1.4504142499710717e-03
46                                     1.1287669754569332e-01         1.1125288335045698e-03         6.3013483323908033e-03         6.1366564095713012e-03         9.1071191920305864e-04        -5.4151690219409300e-05         4.5983880107141933e-05        -1.9495678444063614e-03
47                                     1.6434089473050756e-01         2.5342192723844530e-03         9.8725455161684291e-03         1.1838874257415371e-02         1.4744488897176296e-03         3.4690060621510375e-04         5.5614981172860353e-06        -3.0605911647148261e-03
48                                    -4.0784968007292241e-02        -2.8372306377798273e-04        -2.4192868165809301e-03        -1.5154944926664845e-03        -2.7124136126956740e-04        -2.9334527360944974e-04        -1.0557902404832949e-04         1.0375790153618876e-03
49                                    -1.0989660387763594e-02         4.8406298039104955e-05         3.7019341898964333e-04         4.6793917899890349e-04        -5.8062701580826909e-05         1.0337409699473206e-04         2.7137164459354766e-05         5.4431679010342196e-05
50                                    -4.2746466197534430e-03         8.4820011369877131e-05         8.0300453538615312e-04         1.2633348477136437e-04         2.2176017223221112e-05         1.9034992625818113e-04         9.0541996094133039e-05        -3.1341425116077634e-04
                                                        40                          41                          42                          43                          44                          45                          46                          47

0                                     -5.9359953502342334e-05        -1.2126422889889056e-04         4.6911861448008154e-05        -5.9393525686219414e-05         8.2425122676379158e-05         3.1045137020610514e-04         2.8062541415631119e-04         5.8271285534106283e-04
1                                     -5.4627104627925048e-05         3.6804102202310941e-05        -1.2320790432154719e-04         5.0340819977549682e-05         1.0162563367165610e-06        -4.9365546726274539e-04        -3.5229055776680681e-04        -9.0361723107640194e-04
2                                     -1.1039542227512004e-04        -1.7020947450689682e-04         1.4931685875795535e-04        -1.1021735113876207e-04         7.5591740366955096e-06        -2.5379860896722339e-04        -5.5819161121018900e-04        -6.1100579819821550e-04
3                                      7.5905729901752628e-04        -3.2271510614590923e-05         5.3106572209846235e-04        -5.5771124916159870e-04         7.4972816852188727e-05        -4.8671201382559448e-03        -1.1616894942320729e-02        -2.1023830176207001e-02
4                                     -4.5203631963351655e-04        -1.8333295735675249e-04        -2.3285205325567865e-04        -1.6735894545258194e-04         1.6704684826872014e-04         2.0421195562680544e-03         5.1547038765706286e-03         8.9492971422054559e-03
5                                      2.2747223607810308e-04         8.5226596499011521e-05         1.4310763132569323e-04        -4.0051128805175008e-05        -7.4282164651165916e-05        -6.7721302685664784e-04        -1.0463801227180893e-03        -1.6878216412155921e-03
6                                     -2.7568812727438575e-03        -1.2230290582335686e-03         2.4437056931569546e-03        -1.7685681407313028e-03        -3.2704271026147056e-04         1.1066074363604485e-02         2.5673266950549958e-02         4.6100912782841688e-02
7                                      3.3557859553234827e-04         1.1667372348905716e-03        -3.2853937541237120e-04         1.9348719424017204e-03        -8.1178552468778604e-04         1.6936031183088437e-03         6.2526126400460893e-03         1.0190292727573068e-02
8                                      9.5600709535632541e-04         1.0498010568758811e-03        -8.5555479286502820e-04        -1.7095414703604357e-04         4.9251544220149570e-05         4.0068648213379462e-04         1.9336184278574817e-03         4.4690452230865280e-03
9                                      1.2627324309246474e-03        -6.4225083930096599e-05        -6.8985713082423874e-03         3.0504242320294490e-03         4.8394190455505366e-03        -2.1816367680969156e-02        -4.8148227085351922e-02        -8.2282958640130022e-02
10                                    -7.3537065092766900e-03        -3.6596904050109464e-03         2.8246625952032089e-02        -1.5371784427978420e-02        -1.4526798576923182e-02        -3.4454653883312543e-02        -6.4973965242591261e-02        -1.2015026906132470e-01
11                                    -1.6921995673250766e-02        -6.0101623893626058e-03        -2.2965126224321397e-02         1.0663660260811017e-02         1.2668483686433672e-02        -5.0858956812816034e-02        -1.0514571196330884e-01        -1.7373432005198436e-01
12                                    -2.4417207372663431e-02        -4.5575832877489203e-02        -8.1921204474931564e-02         5.0423216474654961e-02        -5.1184015235152161e-02         2.4612557571708936e-03         2.0287582528899510e-03         3.8159158176002163e-03
13                                    -1.3686683023044871e-01        -1.4036874106621294e-01         4.7054122369849335e-02        -2.6736500892374815e-01         1.8538104888990875e-01         2.6682723894929676e-03         5.2721904087906163e-03         7.8314301483404635e-03
14                                    -1.4125114237033992e-01        -3.7155084037208802e-01        -4.8058563969532883e-02         1.8308402771143167e-01        -2.4029014305940388e-01         6.9952929549051569e-03         1.0398659334814478e-02         1.7633602321233965e-02
15                                     1.2673092384682849e-05         6.6609259957988321e-06        -8.1076132860877486e-06         1.4757843676766261e-06         9.1694138419032983e-06         1.1971324991013168e-04         1.3894161572291066e-04         1.5712132058798793e-04
16                                    -7.1297337789709946e-07        -3.8717433696596392e-05         2.0686371242598713e-05        -2.9691191726955802e-05         2.7404883086483466e-05         3.0449222580700890e-04         2.6562092815957811e-04         5.0928262100157114e-04
17                                    -7.0816983329764424e-06        -1.8816178230323787e-05         1.0698835096088321e-05        -7.1174879944279137e-06         2.1332014392892902e-05         9.3100981188786076e-05         1.3017056404304240e-04         1.5727004638750413e-04
18                                    -8.0268252213461797e-06        -8.5256380042992436e-07        -4.0254384422421777e-05        -1.5845486304275937e-05         2.5527793633277817e-05         1.1551806353172871e-05         8.2056839457503512e-05        -2.6717226811560061e-05
19                                     1.6940121818015755e-05         3.3168017508823470e-05        -1.3882184101094124e-05         3.9349021545996912e-05        -2.3246825753573796e-05        -5.6070882027064312e-05        -7.6285823676891279e-05        -1.5291219302308303e-04
20                                     5.8428203080691278e-06        -4.2221425657089275e-06         6.2478917246253161e-06        -5.2267883175988010e-06         2.4312412766093082e-05         6.6796252882216512e-05         1.1342404055712758e-04         9.0200737276533658e-05
21                                    -1.9058619097401348e-05        -3.2912234982279687e-05         2.1957753308998805e-05        -2.7712762585053313e-05         8.2444188556516848e-06        -3.0914755765826599e-05        -7.0093680631423802e-05        -9.4820622967690499e-05
22                                    -1.7999845010361151e-06        -3.6661498418244563e-05         2.7160141956208979e-05        -2.9837290342523738e-05         2.3137013652793582e-05         7.8241075008612276e-05         4.0189546493902165e-05         9.6939667544901790e-05
23                                     2.2059243892930428e-05         8.3593740862356568e-05        -3.6972466658071260e-05         4.3341441530116414e-05        -3.8182594719289326e-05        -1.5327319156676743e-04        -1.4241235538444211e-04        -2.4278026417587177e-04
24                                     2.3998225436557425e-05         9.1009459248078337e-07         6.6875758092836837e-05        -2.7206582120314947e-05        -3.2356951692440010e-05         1.3375843701100994e-05        -1.5968139778753317e-04        -2.6557276956007251e-06
25                                     2.7903783540561555e-05        -8.5283571620699793e-05         4.7166982272287775e-05        -9.4113861780122359e-05         6.4094106526925085e-05         5.8634379537302224e-04         4.0233821970924529e-04         1.0217135895766863e-03
26                                     5.4199095172336267e-05         8.8899571280108645e-05        -3.5021054634052723e-05         5.3809180178979307e-05        -2.8956154103260221e-05         7.6687311104485251e-05         1.8516992344391904e-04         2.7693717470836479e-04
27                                     4.6326538930153288e-05         1.0277713013128083e-05        -2.9697413311195742e-04         2.2541572770656479e-06         1.1199958532003397e-04         1.7596702714477446e-04         5.0163248663475952e-04         3.6523544035726161e-04
28                                     1.7588221955036620e-05         1.6414503676364690e-05        -1.6376543346720437e-04         3.9195957101501814e-04         2.2373771539013244e-05        -2.2358085193523256e-04        -3.0627447653094105e-04        -4.8253412011838481e-04
29                                    -7.3315507200019843e-05        -2.2575697299018812e-05         1.6909214810012643e-05         4.4975730606210129e-05         4.8485439263646745e-05         6.9325843597783932e-05         2.0908125558443378e-04         2.3097710737769562e-04
30                                     1.2922235059933016e-03         6.6111736431125360e-04         6.4408084121416929e-05         1.7148327757776009e-04         1.4973766170534551e-04        -1.9841959430077133e-02         1.8392756376703311e-02         3.5702453863533504e-02
31                                    -1.5821920204386196e-03         1.6457347025683083e-03        -1.1833161441781540e-03         1.2682036761224840e-03        -5.2899445812987288e-04         4.5674574605715335e-02         4.5943541370394331e-02         9.6375825192591094e-02
32                                    -2.5159259703688278e-03         3.4049350129748144e-03        -1.7594070406608503e-03         2.5913631489932172e-03         3.3793818133991691e-04         8.9736040025752306e-02         1.1287669754569332e-01         1.6434089473050756e-01
33                                    -1.1222173675023593e-03        -6.0688603515195649e-04        -4.3688612182190547e-03         1.9067679857217722e-03         3.7267196891123664e-03         5.7472332994280406e-04         1.1125288335045698e-03         2.5342192723844530e-03
34                                     8.6985162466970706e-04         4.9673346606836540e-04         1.3501307457897778e-03         5.3851088251068841e-04        -1.2907804163801342e-03         3.7686586139776580e-03         6.3013483323908033e-03         9.8725455161684291e-03
35                                     4.3023662179643755e-04         1.0678014719042572e-03         3.2850738918040814e-03        -1.0307252061068533e-03        -1.5062792526616068e-03         3.5867262425499707e-03         6.1366564095713012e-03         1.1838874257415371e-02
36                                    -7.6160556665923716e-04         1.9633268986975309e-03         1.0891224899643668e-02         8.0779740586197808e-03        -6.1964203488353020e-04         7.1193652179954827e-04         9.1071191920305864e-04         1.4744488897176296e-03
37                                    -7.7276479142931462e-03         4.5835642106651087e-03        -2.3115975118377430e-02        -1.3406725907758949e-02        -3.4095430101761179e-03        -1.5223319861727355e-05        -5.4151690219409300e-05         3.4690060621510375e-04
38                                    -2.3487161579616743e-02         6.6557648639695485e-03         2.4665985952515256e-02         1.5695690928608640e-02         1.5663862829634178e-03        -3.4603177383330923e-04         4.5983880107141933e-05         5.5614981172860353e-06
39                                     2.1334139860444436e-02         4.8823945276839698e-02        -7.0656345684091092e-04        -4.6377071355995243e-03        -4.9811451614888936e-03        -1.4504142499710717e-03        -1.9495678444063614e-03        -3.0605911647148261e-03
40                                     1.3458327637223541e-01         1.5207362496142568e-01         4.2785054345034716e-03         1.7485185951510315e-02         2.9394937749958716e-02         4.3451787779466783e-04         7.4512244403492013e-04         1.1491746493111584e-03
41                                     1.5207362496142568e-01         3.8547928587675340e-01        -3.4405496031220638e-03        -1.4882318485213736e-02        -1.8741135294363654e-02        -7.5511972408648462e-04        -8.3565026414869539e-04        -1.3101356771494162e-03
42                                     4.2785054345034716e-03        -3.4405496031220638e-03         7.9982702676963877e-02        -5.6140580391783976e-02         4.8226581931604104e-02         2.6439673588340566e-04         2.0301980312454227e-04         7.1768043389079130e-04
43                                     1.7485185951510315e-02        -1.4882318485213736e-02        -5.6140580391783976e-02         2.7513458330787965e-01        -1.9493072780941983e-01        -5.9251217384146716e-04        -3.5183334426796436e-04        -1.0059197042049479e-03
44                                     2.9394937749958716e-02        -1.8741135294363654e-02         4.8226581931604104e-02        -1.9493072780941983e-01         2.4569843871905597e-01         4.4473238262634184e-05         5.8685336986656080e-04         4.7752754607621479e-05
45                                     4.3451787779466783e-04        -7.5511972408648462e-04         2.6439673588340566e-04        -5.9251217384146716e-04         4.4473238262634184e-05         5.5047388089951854e-01        -1.2338063541206357e-02        -2.0424756009513079e-01
46                                     7.4512244403492013e-04        -8.3565026414869539e-04         2.0301980312454227e-04        -3.5183334426796436e-04         5.8685336986656080e-04        -1.2338063541206357e-02         6.9005325923216709e-03         6.7158207707166372e-04
47                                     1.1491746493111584e-03        -1.3101356771494162e-03         7.1768043389079130e-04        -1.0059197042049479e-03         4.7752754607621479e-05        -2.0424756009513079e-01         6.7158207707166372e-04         8.0354383457902565e-02
48                                    -2.9143554419171214e-04         3.7339019215580247e-04        -7.2712595663250933e-05         1.9989492631910730e-04        -1.5128023121877476e-04        -5.1817655065019586e-01         2.4893510528329180e-02         2.1905193600880640e-01
49                                    -4.1894058698730530e-05         2.9733262158574954e-05         6.8447355373292958e-05        -2.6651279907730606e-05        -1.1771854606352898e-04        -9.0123436668707677e-03        -1.1163399223858509e-02        -1.4331345769429203e-02
50                                     6.1344968599004891e-05        -8.7210965553756632e-05        -7.4195882451415533e-05        -2.1928015533087509e-05         2.0903831082282260e-04         1.5645932086947659e-01        -2.5547936370263084e-02        -1.0185943587589749e-01
                                                        48                          49                          50

0                                     -2.3494049108698564e-04         1.2756426969582783e-04         1.6067691679393808e-04
1                                      4.7710510404552070e-04        -1.6918911696183652e-04        -1.1764199026153844e-04
2                                      2.3027154486452393e-04         1.5730534969669979e-04        -1.4215507238648031e-04
3                                      2.6761720412132976e-03        -1.8627998351288227e-04        -1.2896745896135359e-03
4                                     -1.0986407174794939e-03        -3.1298033938450938e-05         6.8443911009011553e-04
5                                      3.5772977220423002e-04         1.5542831100128092e-04         1.8077768733020276e-04
6                                     -5.1114197997207955e-03         4.6244014788093796e-04         2.5952505771146858e-03
7                                     -6.6566311491738153e-04         2.0371211690616660e-04         8.9207106632746027e-04
8                                     -1.3137083419819404e-03         7.0428671712401299e-04         1.6426799252917761e-03
9                                      9.3005448900519375e-03         1.3246563898151648e-03        -5.9171434479818514e-04
10                                     1.2226995457845138e-02        -1.1703366274542350e-03        -2.9423326267687200e-03
11                                     1.5846617642305907e-02         6.0251840146457233e-04        -4.7719347899882504e-03
12                                    -1.2776924537359338e-03        -1.0418510906158791e-04         8.5696817835113556e-05
13                                    -1.1748698713840680e-03        -5.0054707244361703e-04         1.2587321060429798e-04
14                                    -3.2192329676903968e-03        -4.5897866671865703e-04         1.8003271398993196e-04
15                                    -1.3325626904084993e-04        -4.8127842123990165e-05         2.1995103018504990e-05
16                                    -3.1168792498438916e-04         1.0019193125290841e-04         1.6175725965197809e-04
17                                    -1.0497232962553005e-04        -1.1050084545613211e-06         1.0546876155414630e-04
18                                    -2.5467991973553801e-05        -4.4691280608259579e-05         7.3432845324329751e-05
19                                     5.8555107308753095e-05        -5.7902360395571651e-05        -7.2368725579515371e-05
20                                    -5.3082448361530497e-05        -3.7032111843930432e-05         5.4124432360664861e-05
21                                     1.4005400760423205e-05         2.0059901347029463e-05         6.1294699861472310e-06
22                                    -7.7657816792651491e-05         4.3773984015623300e-05         6.4559604978276246e-05
23                                     1.5706826255947742e-04        -6.1267148164206701e-05        -1.4691347644135786e-04
24                                     2.0977054707016409e-05         4.2433944799834300e-05        -1.4345114658241535e-04
25                                    -5.5513396966479570e-04         2.6613947815466276e-04         2.6978917408120208e-04
26                                    -3.6267468636998115e-05        -4.0446954223683277e-05        -1.0344429550526656e-04
27                                    -1.8746295715701435e-04        -6.9062928211636022e-05         1.4278826368849425e-04
28                                     1.4782276141227409e-04        -4.7464171828051670e-05        -8.2651475244968371e-05
29                                    -8.4131969083638732e-05        -1.3293249201559731e-04         1.0170553392659624e-04
30                                    -5.2699054580698894e-03         1.5556328147982622e-02         3.1362468119844278e-02
31                                    -2.2917252419670880e-02         1.4341703763583787e-04         1.4650506667579916e-03
32                                    -4.0784968007292241e-02        -1.0989660387763594e-02        -4.2746466197534430e-03
33                                    -2.8372306377798273e-04         4.8406298039104955e-05         8.4820011369877131e-05
34                                    -2.4192868165809301e-03         3.7019341898964333e-04         8.0300453538615312e-04
35                                    -1.5154944926664845e-03         4.6793917899890349e-04         1.2633348477136437e-04
36                                    -2.7124136126956740e-04        -5.8062701580826909e-05         2.2176017223221112e-05
37                                    -2.9334527360944974e-04         1.0337409699473206e-04         1.9034992625818113e-04
38                                    -1.0557902404832949e-04         2.7137164459354766e-05         9.0541996094133039e-05
39                                     1.0375790153618876e-03         5.4431679010342196e-05        -3.1341425116077634e-04
40                                    -2.9143554419171214e-04        -4.1894058698730530e-05         6.1344968599004891e-05
41                                     3.7339019215580247e-04         2.9733262158574954e-05        -8.7210965553756632e-05
42                                    -7.2712595663250933e-05         6.8447355373292958e-05        -7.4195882451415533e-05
43                                     1.9989492631910730e-04        -2.6651279907730606e-05        -2.1928015533087509e-05
44                                    -1.5128023121877476e-04        -1.1771854606352898e-04         2.0903831082282260e-04
45                                    -5.1817655065019586e-01        -9.0123436668707677e-03         1.5645932086947659e-01
46                                     2.4893510528329180e-02        -1.1163399223858509e-02        -2.5547936370263084e-02
47                                     2.1905193600880640e-01        -1.4331345769429203e-02        -1.0185943587589749e-01
48                                     5.1799509468959715e-01        -8.1904625189792128e-03        -1.8862530046967968e-01
49                                    -8.1904625189792128e-03         1.1977879881537160e-02         2.4046379190344906e-02
50                                    -1.8862530046967968e-01         2.4046379190344906e-02         1.0869503824938441e-01
   &MODES [&Type "ArrayOfDoubles", &Dim (51,51)] "The modes of vibrations"
                                                         0                           1                           2                           3                           4                           5                           6                           7

0                                      0.0000000000000000e+00         0.0000000000000000e+00         0.0000000000000000e+00         0.0000000000000000e+00         0.0000000000000000e+00         0.0000000000000000e+00         6.8583016136908220e-05         3.1082435030859935e-02
1                                      0.0000000000000000e+00         0.0000000000000000e+00         0.0000000000000000e+00         0.0000000000000000e+00         0.0000000000000000e+00         0.0000000000000000e+00        -4.2270655871448132e-04         5.8097105481538965e-02
2                                      0.0000000000000000e+00         0.0000000000000000e+00         0.0000000000000000e+00         0.0000000000000000e+00         0.0000000000000000e+00         0.0000000000000000e+00        -2.4623807084205317e-04         8.0384194715849705e-02
3                                      0.0000000000000000e+00         0.0000000000000000e+00         0.0000000000000000e+00         0.0000000000000000e+00         0.0000000000000000e+00         0.0000000000000000e+00        -8.2451459043150592e-03         3.6023516203188853e-02
4                                      0.0000000000000000e+00         0.0000000000000000e+00         0.0000000000000000e+00         0.0000000000000000e+00         0.0000000000000000e+00         0.0000000000000000e+00         3.8379648415213814e-03         2.7747669579281712e-02
5                                      0.0000000000000000e+00         0.0000000000000000e+00         0.0000000000000000e+00         0.0000000000000000e+00         0.0000000000000000e+00         0.0000000000000000e+00        -5.6332664704533881e-04         2.6049176232464874e-02
6                                      0.0000000000000000e+00         0.0000000000000000e+00         0.0000000000000000e+00         0.0000000000000000e+00         0.0000000000000000e+00         0.0000000000000000e+00         1.8122486642893114e-02         3.1387164073620612e-02
7                                      0.0000000000000000e+00         0.0000000000000000e+00         0.0000000000000000e+00         0.0000000000000000e+00         0.0000000000000000e+00         0.0000000000000000e+00         4.3731458588747501e-03        -8.5530425775735709e-03
8                                      0.0000000000000000e+00         0.0000000000000000e+00         0.0000000000000000e+00         0.0000000000000000e+00         0.0000000000000000e+00         0.0000000000000000e+00         3.0878930861390780e-03        -4.7704666982918205e-02
9                                      0.0000000000000000e+00         0.0000000000000000e+00         0.0000000000000000e+00         0.0000000000000000e+00         0.0000000000000000e+00         0.0000000000000000e+00        -2.2888237303006882e-02         3.4196282568811430e-02
10                                     0.0000000000000000e+00         0.0000000000000000e+00         0.0000000000000000e+00         0.0000000000000000e+00         0.0000000000000000e+00         0.0000000000000000e+00        -3.2046096719187643e-02        -1.5043077959635118e-02
11                                     0.0000000000000000e+00         0.0000000000000000e+00         0.0000000000000000e+00         0.0000000000000000e+00         0.0000000000000000e+00         0.0000000000000000e+00        -4.3225871559677539e-02        -5.6356993934249859e-02
12                                     0.0000000000000000e+00         0.0000000000000000e+00         0.0000000000000000e+00         0.0000000000000000e+00         0.0000000000000000e+00         0.0000000000000000e+00         1.9447558998308529e-03         4.7051485108564300e-02
13                                     0.0000000000000000e+00         0.0000000000000000e+00         0.0000000000000000e+00         0.0000000000000000e+00         0.0000000000000000e+00         0.0000000000000000e+00         3.1171400792412872e-03        -1.8837601280673605e-02
14                                     0.0000000000000000e+00         0.0000000000000000e+00         0.0000000000000000e+00         0.0000000000000000e+00         0.0000000000000000e+00         0.0000000000000000e+00         6.9260585741638889e-03        -7.3280037833889202e-03
15                                     0.0000000000000000e+00         0.0000000000000000e+00         0.0000000000000000e+00         0.0000000000000000e+00         0.0000000000000000e+00         0.0000000000000000e+00         8.7057896535149384e-04         1.1655621426693398e-01
16                                     0.0000000000000000e+00         0.0000000000000000e+00         0.0000000000000000e+00         0.0000000000000000e+00         0.0000000000000000e+00         0.0000000000000000e+00         1.9584346068298145e-03         3.8683947370213537e-02
17                                     0.0000000000000000e+00         0.0000000000000000e+00         0.0000000000000000e+00         0.0000000000000000e+00         0.0000000000000000e+00         0.0000000000000000e+00         5.0344210972461676e-04         1.6076843777681499e-01
18                                     0.0000000000000000e+00         0.0000000000000000e+00         0.0000000000000000e+00         0.0000000000000000e+00         0.0000000000000000e+00         0.0000000000000000e+00         3.2961335781584453e-04         2.1684628629064472e-02
19                                     0.0000000000000000e+00         0.0000000000000000e+00         0.0000000000000000e+00         0.0000000000000000e+00         0.0000000000000000e+00         0.0000000000000000e+00        -5.5313519922635238e-04         2.4886895989755513e-02
20                                     0.0000000000000000e+00         0.0000000000000000e+00         0.0000000000000000e+00         0.0000000000000000e+00         0.0000000000000000e+00         0.0000000000000000e+00         4.8697897395340414e-04        -2.7782488153310983e-04
21                                     0.0000000000000000e+00         0.0000000000000000e+00         0.0000000000000000e+00         0.0000000000000000e+00         0.0000000000000000e+00         0.0000000000000000e+00        -5.3860764804028200e-04        -4.9600888807314579e-02
22                                     0.0000000000000000e+00         0.0000000000000000e+00         0.0000000000000000e+00         0.0000000000000000e+00         0.0000000000000000e+00         0.0000000000000000e+00         3.7365562864550254e-04         1.3591019620615907e-01
23                                     0.0000000000000000e+00         0.0000000000000000e+00         0.0000000000000000e+00         0.0000000000000000e+00         0.0000000000000000e+00         0.0000000000000000e+00        -8.8378642587745484e-04         1.2665219475719369e-01
24                                     0.0000000000000000e+00         0.0000000000000000e+00         0.0000000000000000e+00         0.0000000000000000e+00         0.0000000000000000e+00         0.0000000000000000e+00        -1.4071182875659402e-03         4.4321281262034273e-02
25                                     0.0000000000000000e+00         0.0000000000000000e+00         0.0000000000000000e+00         0.0000000000000000e+00         0.0000000000000000e+00         0.0000000000000000e+00         5.6251749586574435e-03         4.3922463320804461e-02
26                                     0.0000000000000000e+00         0.0000000000000000e+00         0.0000000000000000e+00         0.0000000000000000e+00         0.0000000000000000e+00         0.0000000000000000e+00         9.5086779408994429e-04         6.4248404324498160e-02
27                                     0.0000000000000000e+00         0.0000000000000000e+00         0.0000000000000000e+00         0.0000000000000000e+00         0.0000000000000000e+00         0.0000000000000000e+00         3.5547724954473844e-03         2.5875814844107461e-02
28                                     0.0000000000000000e+00         0.0000000000000000e+00         0.0000000000000000e+00         0.0000000000000000e+00         0.0000000000000000e+00         0.0000000000000000e+00        -1.1769186140915028e-03        -2.1223423430979833e-02
29                                     0.0000000000000000e+00         0.0000000000000000e+00         0.0000000000000000e+00         0.0000000000000000e+00         0.0000000000000000e+00         0.0000000000000000e+00         6.5018015583053802e-04        -7.8392343699129091e-02
30                                     0.0000000000000000e+00         0.0000000000000000e+00         0.0000000000000000e+00         0.0000000000000000e+00         0.0000000000000000e+00         0.0000000000000000e+00         2.2148723047028773e-01        -1.8512375217184344e-02
31                                     0.0000000000000000e+00         0.0000000000000000e+00         0.0000000000000000e+00         0.0000000000000000e+00         0.0000000000000000e+00         0.0000000000000000e+00         4.5907817771096998e-01         3.2101355706772118e-02
32                                     0.0000000000000000e+00         0.0000000000000000e+00         0.0000000000000000e+00         0.0000000000000000e+00         0.0000000000000000e+00         0.0000000000000000e+00         8.0947001229677185e-01        -6.5035962520578763e-02
33                                     0.0000000000000000e+00         0.0000000000000000e+00         0.0000000000000000e+00         0.0000000000000000e+00         0.0000000000000000e+00         0.0000000000000000e+00         1.1561961949700619e-02         4.1497244033210118e-02
34                                     0.0000000000000000e+00         0.0000000000000000e+00         0.0000000000000000e+00         0.0000000000000000e+00         0.0000000000000000e+00         0.0000000000000000e+00         5.5402197159909849e-02        -3.1652049676983429e-02
35                                     0.0000000000000000e+00         0.0000000000000000e+00         0.0000000000000000e+00         0.0000000000000000e+00         0.0000000000000000e+00         0.0000000000000000e+00         6.0778355192750565e-02        -8.1292225799860146e-02
36                                     0.0000000000000000e+00         0.0000000000000000e+00         0.0000000000000000e+00         0.0000000000000000e+00         0.0000000000000000e+00         0.0000000000000000e+00         5.4653613614087824e-03         4.2277440461635250e-02
37                                     0.0000000000000000e+00         0.0000000000000000e+00         0.0000000000000000e+00         0.0000000000000000e+00         0.0000000000000000e+00         0.0000000000000000e+00         6.1209253834824777e-04        -1.3501276729893907e-02
38                                     0.0000000000000000e+00         0.0000000000000000e+00         0.0000000000000000e+00         0.0000000000000000e+00         0.0000000000000000e+00         0.0000000000000000e+00        -3.8516514750596461e-04        -1.8512821710890102e-02
39                                     0.0000000000000000e+00         0.0000000000000000e+00         0.0000000000000000e+00         0.0000000000000000e+00         0.0000000000000000e+00         0.0000000000000000e+00        -1.0670859583028557e-02         6.6759836215528459e-02
40                                     0.0000000000000000e+00         0.0000000000000000e+00         0.0000000000000000e+00         0.0000000000000000e+00         0.0000000000000000e+00         0.0000000000000000e+00         6.2189930046649047e-03        -5.5774869954990480e-02
41                                     0.0000000000000000e+00         0.0000000000000000e+00         0.0000000000000000e+00         0.0000000000000000e+00         0.0000000000000000e+00         0.0000000000000000e+00        -1.8908955563859630e-03         7.2420773525304584e-03
42                                     0.0000000000000000e+00         0.0000000000000000e+00         0.0000000000000000e+00         0.0000000000000000e+00         0.0000000000000000e+00         0.0000000000000000e+00         2.8252231902953350e-03         4.3301665620501750e-02
43                                     0.0000000000000000e+00         0.0000000000000000e+00         0.0000000000000000e+00         0.0000000000000000e+00         0.0000000000000000e+00         0.0000000000000000e+00        -4.4546603993682555e-03         9.0173391015600547e-03
44                                     0.0000000000000000e+00         0.0000000000000000e+00         0.0000000000000000e+00         0.0000000000000000e+00         0.0000000000000000e+00         0.0000000000000000e+00         2.7094200342549972e-04         2.4034005999648871e-02
45                                     0.0000000000000000e+00         0.0000000000000000e+00         0.0000000000000000e+00         0.0000000000000000e+00         0.0000000000000000e+00         0.0000000000000000e+00        -9.6670794674544973e-03        -1.4851435577162109e-01
46                                     0.0000000000000000e+00         0.0000000000000000e+00         0.0000000000000000e+00         0.0000000000000000e+00         0.0000000000000000e+00         0.0000000000000000e+00        -1.7758436790135973e-02        -1.4284991236753598e-02
47                                     0.0000000000000000e+00         0.0000000000000000e+00         0.0000000000000000e+00         0.0000000000000000e+00         0.0000000000000000e+00         0.0000000000000000e+00        -2.9585875389335315e-02        -1.1046834205708376e-02
48                                     0.0000000000000000e+00         0.0000000000000000e+00         0.0000000000000000e+00         0.0000000000000000e+00         0.0000000000000000e+00         0.0000000000000000e+00         5.1001277573040155e-02        -1.1867134498233747e-01
49                                     0.0000000000000000e+00         0.0000000000000000e+00         0.0000000000000000e+00         0.0000000000000000e+00         0.0000000000000000e+00         0.0000000000000000e+00         1.0682264658274350e-02        -4.5291084149776595e-01
50                                     0.0000000000000000e+00         0.0000000000000000e+00         0.0000000000000000e+00         0.0000000000000000e+00         0.0000000000000000e+00         0.0000000000000000e+00         5.0257274245618429e-03         9.4959257523638360e-02
                                                         8                           9                          10                          11                          12                          13                          14                          15

0                                     -9.7289613895011617e-03         2.0685801752697283e-02         2.0303146473698839e-03         2.2828335437220522e-02        -4.1351662708045264e-03         7.5390176197945094e-02         8.5449242445497647e-03        -2.2828574953523244e-02
1                                     -1.8188639331799594e-02         2.6318307603910709e-02         7.0714673976434899e-03        -6.0820892312347125e-03        -1.9499637951945068e-02        -8.9819149861443556e-02         2.6041697796173571e-03         3.0583074566866614e-02
2                                     -1.5878856740242440e-02         4.2332334825415145e-02         8.1440938964289139e-02        -4.0720075249580434e-02        -9.9551045555823295e-03         1.2928251575961299e-02         5.0422103052822062e-02        -7.3485578550192866e-03
3                                     -1.9557574673030813e-02         1.9882514197710924e-02        -2.6248262857932501e-02         2.5057855522197726e-02        -1.9015867542680143e-02        -2.9206171863444694e-02        -1.4916794495162537e-02         6.8828886838384368e-02
4                                     -1.4304809424632081e-02        -2.9218795688374121e-03        -3.4371513690871859e-02        -2.1108015716272350e-03         4.4556501621955520e-02         6.6110072042582527e-02        -1.5824892996439448e-02        -1.0299324879704892e-01
5                                     -4.3640224962526050e-02        -2.9810969148199726e-02        -1.2637492756410101e-01        -1.7966037381968409e-02         8.7996958922239021e-02         1.8009514462918538e-03        -8.6752733362188722e-02         2.9654706103911303e-02
6                                     -1.3169352956509155e-02         1.8947663748980010e-02        -1.4932993550438787e-02         2.1970851481031915e-02        -1.4783157516966995e-02        -9.8239933783605040e-03        -1.4913090268739802e-02         8.4518356984530904e-02
7                                      3.0978688143910499e-02         1.8243395496346539e-02         2.8279856936229496e-02         3.6565106221241615e-02        -3.9574033392557675e-03         1.2034813635311357e-01        -3.9306497127759001e-02        -3.8120525623735795e-02
8                                      3.6322074459605412e-02         2.8296159697558769e-02        -2.8182247739473486e-02         9.1613310269695908e-02        -8.0540248618336280e-02        -3.1411356013523774e-02        -1.3586256232690719e-01        -3.1160942972831337e-02
9                                     -2.2553083229008418e-02         1.6682198051296792e-02        -2.1961686650312427e-02         1.9626370126145144e-02        -1.3153705250490385e-02         2.4912289131134802e-02         1.6692246334915707e-02        -2.4436051877910269e-02
10                                     2.7308203402324569e-02         6.7277509390383907e-03         3.1354450268601702e-02         1.5877429072488496e-02         9.0413762669338850e-03         6.1511655262967202e-02        -1.6772207519206567e-02         1.0511650945468788e-01
11                                    -1.3990351626719619e-02        -1.3035368985150368e-02        -4.4813852680308512e-02         2.1898330105723209e-02        -3.9299623541193630e-02        -3.1594559204801823e-02         6.1705158766287696e-02        -6.4351052952845475e-02
12                                    -1.6257129783189165e-02         5.9100267917715677e-04         2.3658078889417799e-02        -4.4717896900061317e-02         2.4860451316737472e-02        -5.4629995780832420e-02        -2.2290376061723814e-02        -9.1112047442117747e-02
13                                     1.2110422430927860e-02         3.5755433216008350e-03         4.3113893749255956e-02        -4.0129444094289472e-02         1.5459567062711690e-02        -9.9005674831182486e-02        -3.5229411819223261e-02        -1.7051125688423204e-02
14                                     3.2548151400043121e-02        -5.6597679219925291e-02         7.2947285525101893e-02        -7.0994088783485537e-02         6.6507661463282172e-02         2.5173501097413280e-02        -2.8810217345024106e-02         2.5747111603038917e-02
15                                    -9.8112271510076371e-02        -1.7312571619970513e-01         1.8558306726717641e-01         8.8346728242415948e-02        -1.4687152315406801e-01         3.0089855957211104e-02         6.3034742199634911e-02         1.3862811990073975e-02
16                                     7.5613549326616875e-02         2.7358963000378372e-01         9.4638103947992953e-03        -8.9543879800734805e-02        -9.7462663444493891e-03        -1.9285695453070853e-01         8.4395154071114920e-02         1.4028533825209219e-01
17                                    -1.4730723709129653e-01        -2.7384166366252749e-01         2.2637145508638185e-01         6.6536854853846389e-02        -1.3068381658064254e-01         4.4053284917707013e-02         4.0036670750092665e-02        -4.9463639963454285e-02
18                                     3.7537962292952783e-03         2.7774258509641166e-02         3.3226084358496090e-02         1.7659895308572891e-02         2.0118739050888557e-02         2.1767346894453493e-01         4.3706089839327493e-02        -1.9262558011917594e-01
19                                     5.3180022406894810e-02         1.9278957134182104e-01        -1.6505437843841911e-02        -6.3067101085595725e-02         2.7381665914059015e-02        -6.1989450778454629e-02         4.7918534828362162e-02        -7.3008404688410930e-03
20                                     1.6241989133963008e-01         4.7705401192236413e-01        -4.7619769154869417e-03        -1.8754808764308639e-01         9.5448930081664093e-02        -2.3004116506485862e-02         1.4312149776768487e-01         2.3714980335580747e-02
21                                     7.1628194463240702e-02         2.0783154455881889e-01        -1.8877421277769324e-01        -3.9031948823037392e-02         1.2680776491705034e-01         6.9455330092850348e-02        -5.7334620582997785e-02        -4.8158887711448664e-04
22                                    -1.8740587471082479e-01        -3.7036944922135251e-01         6.7658422393246487e-02         1.3146203419741029e-01        -1.3389784026107759e-01        -1.5153626999750769e-01        -1.0231179817482727e-01         1.1876465819518650e-01
23                                    -4.9152835898970411e-02        -3.3506637758707235e-02         2.1043286767648212e-01        -1.6044456993640283e-02        -8.8027196131575031e-02         2.6581160474581877e-02         1.1348991870427158e-01        -3.7253783171955497e-02
24                                    -3.2156927716223339e-02         1.8528218462327137e-02        -5.5674742726388407e-02         2.7517593034160692e-02        -3.4339628075702254e-02        -1.2527350586830938e-01        -2.6410440748153307e-02         1.0013193790192611e-01
25                                    -5.3001429408573962e-02        -4.7835654342935338e-02        -9.6353107739237984e-02        -3.5020164053457523e-02         1.0629359655051315e-01         5.8783539983031700e-02         1.8642467196579020e-02        -8.0392235745208596e-02
26                                    -1.3973183188886706e-01        -1.4587429954626738e-01        -2.7478063498875327e-01        -1.0463215983665206e-01         2.5559319950480247e-01         2.5041865739691697e-02         7.4901422119239792e-03         7.6121736373630330e-02
27                                    -8.4639281248815126e-04         2.2430192256961488e-02         1.2636738053070202e-03         2.4621172040640509e-02        -1.1819343867986300e-02        -5.3797454263437234e-03        -4.2535839774415239e-02         2.2610187590590661e-01
28                                     6.7468187880781447e-02         5.6623416957801424e-02         8.7515387139115330e-02         6.8350308986305619e-02        -6.2731159626455896e-02         1.1618631027814186e-01        -8.6708666766051323e-02        -3.5236247076029618e-02
29                                     1.2512782697784980e-01         1.2613092402159543e-01         1.1832191122805659e-01         1.7242247756027143e-01        -2.3358491792827521e-01        -4.5604435969302727e-02        -2.4653782197383503e-01        -8.5386067849275202e-02
30                                    -1.3652539547504290e-02         2.9181534165384018e-02        -5.2116315444346951e-02         7.9461838213235200e-02        -4.7255435355927626e-02         3.8291231470439724e-02        -1.0493362255193293e-02        -4.0127463777683205e-02
31                                     1.0938991366390199e-01        -2.6341925908995752e-02         2.7390275267585158e-02         2.7209801471505150e-02         7.5912398003372839e-03         4.5380644881126524e-02        -7.7797842182642171e-02         1.6110714595160186e-01
32                                    -6.2527942090592772e-02         4.4146834032944603e-03        -4.1084927578472978e-02         1.2451899325438125e-02        -3.9130609312325086e-02        -2.2860774794673449e-02         1.5725783661107540e-01        -5.2514613149773452e-02
33                                    -3.3902120392641996e-02         2.4926522829740779e-03        -1.0074697921530162e-02        -8.4700650422618040e-03         1.2042418233762448e-02         1.1183337342827686e-01         7.3594525399863983e-02        -6.5862503307715717e-02
34                                    -1.4010919153276910e-02         1.0480628584312514e-02         1.0068140197300663e-03         3.5162331943100135e-03         1.1832175143637123e-03         6.3336748790295549e-02         7.1708662833898179e-02         4.8793525035869922e-02
35                                    -6.5922524854580028e-02        -3.0626856131971748e-03        -8.8967374177340908e-02         1.4843711102042393e-02        -5.8036415868057634e-02        -5.7435873781796716e-02         1.6098279956969069e-01        -1.2704146577824865e-01
36                                    -2.6507456703781494e-02         4.0641231322760298e-03        -9.0176098681992948e-03        -9.1704763110845008e-02        -5.5733016802032603e-02         5.6215950076248106e-02        -2.5291597299780286e-02         2.0278368977852023e-02
37                                     2.0562449818079361e-02        -2.1196860297383298e-03         8.1599204530832053e-02        -1.3490083535100030e-02         9.6725752736416856e-02        -2.3673818520353362e-01        -4.3682324423132003e-02        -1.6452150800383930e-01
38                                    -2.9122737300998972e-02        -7.2133860381377729e-02         2.0236954248954189e-02        -4.9702959343416192e-01        -2.2782748331439517e-01         1.2414394307958122e-01        -1.7065524917582434e-01         4.4745382633584387e-02
39                                    -2.1022689035403636e-02        -3.0649565349018137e-02         7.5308625745935262e-02        -2.8449045498834935e-01        -2.1551491752946569e-02        -5.2257835205238488e-02        -1.4756842571020384e-01        -1.1034949832769904e-01
40                                    -6.7142361112720816e-02         1.9255152574932922e-02        -8.2389459700186796e-02        -3.3671945892904981e-01        -3.1344399077172247e-01        -3.2105593624892619e-02        -8.6270431558182897e-02        -5.4856335260199854e-02
41                                     7.0839454679992503e-02        -5.9719765712484885e-02         1.2530136503475234e-01         1.0377539910791335e-01         2.2957024798359407e-01        -6.9163270599529626e-03         1.3128707321888639e-02         4.7004389261713957e-02
42                                     4.0000556211817776e-03         1.4752593734515308e-02         4.3735290393572643e-02         1.8647039985004993e-01         1.8860238122779890e-01        -2.4052554991609532e-01         6.0622093812261663e-02        -2.7000113169387413e-01
43                                     7.2156472600795177e-02        -8.8695600021330718e-03         1.4252512414317747e-01         1.8150237213753931e-01         2.7034530635317749e-01        -1.6695704662808034e-01        -2.3819958925436558e-03        -1.3055920593387494e-02
44                                     9.1929658254200949e-02        -7.4128506501871805e-02         1.7564127128135501e-01         1.0435104198162787e-01         2.9756319562548694e-01         4.5614025823559621e-03        -1.6581331825620119e-02         8.0462036683977028e-02
45                                     5.7863607889217614e-02        -5.7328355487226083e-02         2.6741107969616314e-02        -2.9598038029493071e-02         1.7285036366984363e-02        -9.2230193007416909e-03         2.0762910249330479e-02         8.4538100055872346e-03
46                                     8.4939874094938882e-03        -5.5462492280900846e-02        -8.2356220061280308e-02         5.4951631866685183e-03        -4.0659302650718071e-02        -9.8678039442039265e-03         8.9294416563524506e-02         5.2960649632128277e-03
47                                    -1.8352911984890672e-02         3.5538800453333581e-02         9.4982286580239349e-03         3.6432446787208458e-02        -2.1473166996990513e-02         1.6035922088310423e-02         7.9932914428253066e-02         3.8738736811676715e-02
48                                     1.9674621735441639e-01        -1.2835769934677799e-01        -1.5984407077244203e-03        -6.4010948531009762e-02         8.1683302547368251e-03        -3.2882128347335372e-02         5.9457584988304293e-02         6.5092622632164625e-03
49                                    -6.6327690588577637e-01         1.6416258457594718e-01         1.8623319272102035e-01        -1.0514390744656904e-02         1.1228432609492853e-01         1.0365237269316195e-02         4.7367746237894038e-03         7.0042546877798165e-02
50                                     3.9002542049913741e-01        -1.6604849356182580e-01        -8.1466573125472772e-02        -5.4724436719758948e-02        -5.4494589755148405e-02        -4.7792320134963387e-02         1.8940234333812364e-01         3.0251747731111049e-02
                                                        16                          17                          18                          19                          20                          21                          22                          23

0                                      1.3823670993344428e-01        -5.0147115236558029e-02         3.2799409297340240e-03         5.8347668809759180e-03        -3.2525289080133662e-02        -7.8459812641014745e-02        -8.3290232818365784e-02        -5.3932478318176019e-02
1                                      3.4184743770298641e-02        -1.0257429066479156e-02         3.8380370112464646e-03         8.5083187571573342e-03        -2.7358102930601889e-03         2.9532608938483505e-03        -1.9939917681432086e-02        -1.0560188059127906e-02
2                                     -1.0713334592812762e-02         1.0352182713198750e-02         1.3256814723933537e-02         1.2239098350977003e-02         1.5581919156373428e-02         6.0959519938059688e-04         1.2572370009033872e-03         8.7361212232214668e-03
3                                      7.3944269946070257e-02        -7.0898187615650501e-03         1.2371639472414429e-02         2.7389080340001090e-04        -6.7355876259474149e-03        -6.9547034795101378e-03         3.2552323451688077e-02         2.4682124749578083e-02
4                                      4.6650135201220563e-02        -4.9307235938451342e-02         1.0446104526247540e-02         2.0438343328952748e-02         4.5170869208045895e-02         6.6988706305282156e-02         3.6847754196287441e-02         3.6558316082114961e-02
5                                     -3.3308874736157401e-02        -1.6271507293316098e-02         7.8832809578803828e-02         5.5030672665095051e-02         2.6963078088936585e-02        -2.4675281330223096e-02        -4.0404594805998797e-02         9.8170101389288868e-03
6                                     -7.9107785751233329e-03         3.3915500379245622e-02         1.6212615590321049e-02        -4.9508659847877128e-03         1.6235660026329812e-02         1.7085246967692640e-02         8.9102654691607538e-02         6.0425497188818428e-02
7                                     -6.2417483844377106e-02         4.4888290146951601e-02         8.2089207642027928e-03        -4.0692296245804296e-02        -5.6011659331694913e-02        -9.8029661304211355e-02         7.9061804700182679e-03         4.8010252191130275e-02
8                                      6.6092101556890961e-03        -1.4567887026000695e-02        -7.1057650712468390e-02        -6.6841037268514217e-02        -7.2746429990788453e-02         4.1174865703760138e-02        -3.4159799568462046e-02         6.5650765961157986e-02
9                                     -8.5022326750767235e-02         6.1804017618298401e-02         9.4597441069225671e-03        -2.6036333894053500e-02         4.1218074707323478e-02         1.0175644631305174e-02         2.5053576701668984e-02         1.4443777403118268e-02
10                                    -1.6790270126261032e-02         6.9892438045481994e-02         1.1402570404873121e-03        -1.6247696641142097e-02         1.7556989135380851e-02         7.1945391312747575e-02        -6.1551696923014217e-02        -4.4800430308701671e-02
11                                     6.0318233570368328e-02         1.2552507711752442e-01        -1.7435903278272787e-03        -2.6959408789347140e-02         8.0400542580545103e-02        -6.7157722728075180e-03        -3.0792761341493807e-02        -2.0761949353737413e-02
12                                    -1.0615140773456963e-01        -1.2118820640997677e-02         2.4769150129487637e-03        -3.3866424362748573e-02        -6.1526401719071630e-03         5.8008770074857968e-02        -8.3810356046127105e-02        -5.2694622794394227e-02
13                                     3.4641601267842083e-02         1.4896574981539274e-02        -5.1676360852452828e-03         1.6206988734075299e-02         1.9022741552433258e-02         1.1613322049327452e-02         1.2121766447737997e-02        -3.4890154909310005e-03
14                                     4.1857896790255499e-02         3.1313481472939192e-02        -1.9837982017206625e-03         2.5556897171651097e-03         4.2039216972480455e-02        -3.3763836243999319e-02         2.6184684723976424e-02         1.0193466410097891e-02
15                                     1.3811985066171631e-01        -1.1917379532066523e-03        -1.0518401159978191e-01        -9.2661097169331755e-02        -1.1703404011124438e-01        -1.3222151894762244e-01        -8.6325205280468595e-02        -8.3760546342642531e-02
16                                     4.5725279878220948e-05         7.3712384312329501e-02        -7.1783685721261620e-02        -8.4774178266949635e-02        -1.2163316260450331e-01        -2.2012037089600406e-01        -1.1910034324805861e-01        -1.0304566871308772e-01
17                                     9.3807773420270836e-03        -4.1831730942119647e-03        -2.3494808290355707e-02        -4.9900830322501888e-03         2.7465994892093608e-02         1.0583845653104634e-01         6.6414892236634007e-02         4.9570015804529570e-02
18                                     2.2968740048235717e-01        -1.2774795356264462e-01        -5.3233283840372458e-02         1.3936637774057707e-02         5.4274798162483380e-02         2.5997266038098649e-01         9.1724727957888275e-02         5.2862026374083215e-02
19                                     6.4188466220500534e-02        -1.8261078486155952e-02        -4.2378170071824144e-02        -1.5302255990304577e-02         7.2588011180371858e-05         8.3920225279640631e-02         2.4597168946875057e-02         1.3297723043480543e-02
20                                    -6.1267891680308450e-03         5.1198059218569479e-02        -6.5698272420837853e-02        -5.7405653194147067e-02        -3.9952474823132335e-02        -3.6851929473317134e-02        -2.7250006654185800e-03        -1.9110754579919158e-03
21                                     1.1174487437611454e-01        -7.4292571804797314e-02         1.2662824773289535e-01         1.0064136371822421e-01         2.0083951662612131e-02        -1.2998141672360583e-01        -1.4285719849305201e-01        -6.3671066137136051e-02
22                                    -3.0813364634863311e-02         1.0085903985928901e-02         1.0285740980403284e-01         5.4840501888266564e-02        -2.9724963317416871e-02        -2.3140580211129286e-01        -1.7197184443440591e-01        -8.2822833170328472e-02
23                                     1.9999029502846901e-02         2.3879797978342329e-02        -9.0443092712829021e-02        -6.2767528419786819e-02        -1.9118080786219502e-02         7.1027452463733848e-02         6.2583017931520143e-02         2.5781911953852567e-02
24                                     1.4639852438391629e-01        -4.8658675500959044e-02        -2.3476899107976974e-02         1.0435483183323897e-02         2.3082143840953664e-02         2.2478542684531833e-01         1.6845505925268442e-01         9.6868201211519386e-02
25                                     7.0141138190355265e-02        -2.1819206108130238e-02        -1.7120329431529790e-01        -1.3600872771897091e-01        -5.2498661280488725e-02         9.8015490666631552e-02         1.9714508846731205e-01        -1.1474953287631143e-01
26                                     3.6824901152267093e-03         7.0031181921640873e-02        -3.7662318380653959e-01        -3.5649879442339755e-01        -2.4882018030118552e-01        -5.9436220801667765e-02         3.0126131735278594e-01        -4.2623511169145673e-01
27                                    -5.5132460738084359e-02         8.3486253232745167e-02         6.7418464491469057e-02         2.8962176988442021e-05        -3.4969941430117731e-02         1.7990958054879005e-02         1.8916238471609748e-01         1.2075004236657143e-01
28                                    -8.3964749492521945e-02         9.8071578581097867e-03         1.5182216566116347e-01         4.2338580137416600e-02        -1.2801720918561416e-03        -1.0960315828285831e-01         1.7581105674466171e-01        -2.0038392006856162e-01
29                                    -3.7267541164014213e-02        -1.2473765016126935e-01         2.7643594650815040e-01         1.4759724022411141e-01         9.7847374632693634e-02         2.8844584261323272e-02         3.5672464870879511e-01        -6.0767971432647117e-01
30                                    -8.9157961919146267e-02         1.5150887527118623e-01        -3.1761456234753294e-01         3.6252658402810267e-01         1.9747981474940699e-02        -2.5661369416316557e-02         2.3091194601199509e-03        -3.7862656834046056e-02
31                                    -6.3007550383643904e-02        -1.7226894464973952e-01        -2.3767345876456170e-01        -1.8494421940375641e-01         4.3059061933287240e-01        -3.7722394271136661e-02        -1.5129509056989043e-01        -2.3398775362367539e-02
32                                     1.4853198521768611e-02         6.0131601079996412e-02         1.5715026926705697e-01         2.1071701756343285e-02        -1.5085201014600261e-01         3.1133967010007941e-02         3.0739366472525946e-02        -2.4279891911586565e-02
33                                    -1.4261254818356447e-01         1.3575228080083304e-01         1.1162102571128582e-01        -2.9273413427935963e-02         1.3722656971848725e-02        -1.7647166138314238e-01         1.6102052942346412e-01         8.3841050425918481e-02
34                                    -8.7891777370342049e-03         1.9526430113735765e-01         1.3098201914020369e-01         1.2611067250159644e-01        -2.6614249593583233e-01         1.3284967657690944e-01        -3.6836691132388147e-02        -2.5832019647895096e-02
35                                     9.4782573240332874e-02         2.7219314267354600e-01         1.4170201323645565e-01         1.6836889933859572e-01        -2.9483774934510376e-01         1.2832990112451342e-01        -2.9521875475296649e-02        -1.1317887941708852e-02
36                                    -1.1207726865773961e-01         3.0191487097378875e-02         1.6451552105629739e-02        -4.8808347226679649e-02         2.3525887447473338e-02         2.5827035423759231e-01        -2.1924330419498869e-01        -1.6823045248017021e-01
37                                     3.9232669548650768e-02        -4.6900355933379878e-02        -2.6710777023844688e-02         4.0933888955166649e-02        -3.6102061381342317e-02        -2.4630377651513127e-01         1.8464791273890360e-01         1.4771068017137032e-01
38                                     3.8191135609572699e-02        -3.4735185744551270e-02        -3.7889749877415398e-02         9.4745960243638294e-02        -1.3229678420517049e-01        -2.5542876592373535e-02         5.6426030942957221e-02         5.9892041867124150e-02
39                                    -1.1963479611727931e-01        -1.2837139498595226e-01        -5.0415081477684323e-02         1.3042919547483142e-01        -3.2266637534402248e-01         1.6789183432684110e-02        -9.3273483443913525e-04         6.0263192185293975e-02
40                                     4.2601734489558764e-02         2.7631761085417636e-02        -7.3872806957007257e-03        -7.6216145586003883e-02         1.9621636760298233e-01        -1.3829806978268938e-01         7.1363156897641195e-02         3.1152916401481878e-02
41                                     4.1407644766298421e-02         4.3271336057312620e-02         6.0046775948826465e-03         2.5024751283511663e-02         4.4677778694320576e-03         4.1627674073143939e-02        -1.0638445164792674e-02        -2.0897683728955636e-02
42                                    -9.5689721283696405e-02        -1.3037964448888753e-02         1.6568708723568282e-03        -1.0309467072352622e-01         1.1466940779612492e-01        -2.3665281396845569e-01         6.2846127284449813e-02         6.5170360800985067e-02
43                                     2.8936429666298034e-02        -5.6691585396959404e-03        -1.2144893612929848e-02         9.0826153099433177e-02        -1.2470477358739784e-01         5.0977110108539031e-02         2.2289430687798883e-02         2.0509657492958366e-02
44                                     3.1133463154531742e-02         9.4002990378446883e-03        -9.0361192277143166e-03         1.0375096329313940e-01        -1.5281752650193670e-01         9.8022787907725936e-02        -1.1088900308231432e-02        -9.6826121816113195e-04
45                                    -1.1884170561996579e-02        -1.7308269701722730e-02        -2.7975393826723555e-02         3.2372414921986996e-02         6.0971389813149644e-03        -6.3219073709519652e-03         1.1902259443161958e-03        -3.8079335042674515e-03
46                                    -3.0850511066197728e-02        -4.5777299097580271e-02        -1.5556721785067024e-02         3.5716614610465887e-02        -1.5184039549391454e-02        -4.8825485482197227e-03         6.7516264141429215e-03        -4.4460339842512526e-04
47                                    -6.3003213672052888e-02        -1.1321218399192924e-01        -3.7489578135984927e-02         4.0230619342880851e-02        -4.5080119416527819e-03        -1.0838607565146428e-02         6.5239021866312493e-03         1.2222139292494350e-03
48                                     2.0926708044733875e-02        -4.7063354832361383e-02         1.4825705749882345e-01        -1.5799053215148184e-01        -3.4677723671896407e-02         2.5247700252367788e-02        -2.0659579450892532e-03         1.8521219567442529e-02
49                                    -1.0776154582253529e-03        -1.6044376544198366e-01         2.1050555115576983e-01        -2.8425701027956213e-01        -2.7889662660426418e-02         3.4212380663116770e-02        -1.0496605085202441e-02         3.8160074831471449e-02
50                                     1.8256128047694647e-02        -1.9426121148914258e-01         4.1073199178599457e-01        -4.3176068140774448e-01        -1.1861695659394604e-01         6.7511267463949573e-02         4.6899919991626833e-03         6.1231011047389254e-02
                                                        24                          25                          26                          27                          28                          29                          30                          31

0                                      1.0791517526229418e-02         4.0261654287437705e-03         2.0995596225643190e-02        -1.8029709544104856e-02        -9.2449133271796536e-03        -3.4357136358074004e-02        -1.0967355402928583e-02         2.9437778631938270e-02
1                                      5.8633973494859638e-02         6.4651886633459166e-02         3.0914906812256688e-02        -5.2930693072884574e-02        -7.2414959465121373e-02         2.4863039371994739e-04         1.6139279370102941e-02        -3.3631022468827036e-02
2                                     -6.3220672915861822e-02         9.6831504592964565e-02        -1.4108199990517181e-02         1.8842127319400149e-02         2.8795575285363917e-02        -9.6719628210952305e-04        -4.0883666091304938e-03         1.3592650633375428e-02
3                                     -3.5244679847259618e-02        -1.1281305966804926e-02        -3.5394674132631199e-02         4.7286434769233443e-02         7.3584679898236111e-02         8.1085053545948971e-02         1.7014244734011742e-02        -5.5262750076767481e-02
4                                     -6.4630166565867425e-02        -6.2558508821767847e-02        -3.7672680659747319e-02         5.6681517399240877e-02         4.6160942136301321e-02        -8.2204737666000505e-02        -1.5881701513908646e-02         4.0981561337516986e-02
5                                      6.3120497167417702e-02        -8.3021110915191987e-02         8.9570745863108304e-03        -2.3832798773098698e-02        -1.8492432547789855e-02         3.2743658468427229e-02         7.9841397074525890e-03        -1.4288764798535296e-02
6                                     -4.9142794292721725e-02        -1.6145809043806237e-02        -4.7921747848306225e-02         3.5752236129851830e-02        -9.2019591027266742e-02        -6.9811734905209602e-02         1.6831891013129936e-02        -4.7855335798125009e-02
7                                     -9.8947754888653403e-03         8.4081599965389192e-03        -2.5927224965554597e-02         3.4113849080763314e-02        -5.8256677739508246e-02         1.2472418523679786e-01         7.5277112970840122e-03        -1.5133077811537606e-02
8                                     -7.1519972720965408e-03         1.9151124984904771e-02         4.9765195829936167e-02         2.3785160543021416e-03         2.2460012075255439e-02        -4.9185615782643022e-02        -9.0748154665963691e-03         6.1619746641543849e-03
9                                     -6.1014929010694767e-02        -2.1263751862999170e-02         6.7571133050410362e-02        -1.3320745474200196e-01         3.1059390736380255e-02        -1.5450325029435906e-02         1.8641963567343441e-02        -3.1366210562310398e-02
10                                     7.5661472467735663e-02         2.4212724293068359e-02        -3.7311217242885844e-02        -1.0587818911591048e-03         9.3695270725908220e-02        -6.1069812693020621e-02         8.0705392446161525e-02        -1.2411409771936827e-02
11                                    -2.5265232856793158e-03         3.3435390244545762e-04        -1.0584073123881972e-01        -3.9890814054481111e-02        -2.9868540104640129e-02         2.8843514990150150e-02         2.2682204506513190e-02         5.9549028768506748e-02
12                                     3.0613207257707574e-02         1.0207395385278911e-02        -1.3178395114416703e-02         7.7989475521647922e-02        -2.0833817325871948e-02         1.9582469168156490e-02        -7.5230531951712238e-03         9.4476965703821324e-03
13                                    -7.2799784031174722e-02        -2.5739349907619131e-02         8.6850133551223424e-02        -2.5069470393577858e-02        -3.1300902211468973e-02         3.5655976837468288e-02        -1.9207343999276504e-02         3.3959243877868993e-02
14                                     1.7239405983617322e-02         5.3488778147879733e-03         6.5542247938270029e-02         6.0060729407447958e-02         5.5905228407280155e-03        -1.7310157401998750e-02        -2.7053863508391396e-03        -4.1952388787943329e-02
15                                     1.3768110012798526e-01        -4.3838591538196714e-01         2.6026637255124434e-02        -8.5595510725682191e-03        -4.2561901790347484e-04        -1.9970511463778515e-02        -2.1257861205313155e-02         3.8190295321687127e-02
16                                    -1.0483429272569459e-02        -3.1651719299137498e-01        -6.9038947006084947e-03         4.2283482314046626e-02         5.7588595465830984e-02        -6.1298124459130660e-02        -4.2579376292163615e-02         9.7445206311030874e-02
17                                     8.0409939981583439e-02        -6.6075754001020427e-03         1.2434460984295943e-02        -3.3074121534619368e-02        -4.7331507068011140e-02         5.3015628960733641e-02         2.6221968378308678e-02        -6.5395283237822427e-02
18                                     3.3402514870439082e-01         1.1004744798438572e-01         1.1322402895452210e-01        -1.9951835024166187e-01        -2.5958353812445173e-01         7.8330665616540160e-02         5.8192628132115065e-02        -1.1922371762678112e-01
19                                     1.8121778945525011e-01        -2.6113008683094033e-02         5.7838635036922915e-02        -1.0055138939440066e-01        -1.4114993011250077e-01         2.5063839015430349e-02         3.3039363824496876e-02        -7.3198573312630688e-02
20                                     3.4401889122618349e-03        -2.2758865183078530e-01        -2.1899623848092881e-02         4.4999710681989144e-02         5.7273174496709808e-02        -7.8869241858683086e-03        -1.5570979660917571e-02         2.8545253232125437e-02
21                                    -1.5185508565945746e-01         4.2501266901751822e-01         1.4428672901231685e-02        -1.9127770797177274e-02         4.8671487010970944e-03        -3.0002823835739701e-02        -1.1152928503310769e-02         4.5366708365444083e-02
22                                    -1.8392768223300876e-01         1.3624848956714006e-01        -1.9543832611371423e-02         4.8756289745489539e-02         7.6792639991551434e-02        -8.3863831069075107e-02        -4.3987391179533132e-02         1.1843687650591840e-01
23                                     9.2418217360207250e-02        -2.1655804222590860e-01        -2.0637436006551558e-05         1.9810128392823956e-03        -5.1801700090542795e-03         6.3615559482418666e-03         5.2522314852100722e-03        -2.0193502905698022e-02
24                                     1.9267844183633917e-01         7.4890914284947055e-02        -1.1757326640221779e-02         8.1224839924582057e-02         3.4640492503332271e-01         5.3803378390004941e-01        -1.0800576477040894e-01         2.4476322214814278e-01
25                                    -7.2655948228430398e-02         3.7031901619876122e-02        -3.2132468118473471e-02         7.0250920575527065e-02         8.4755093053487926e-02        -2.9649651332165787e-02        -4.3437764624298485e-02         8.6922232916279110e-02
26                                    -3.6581921990077093e-02         1.4561368214941156e-01         2.4728711442275637e-02        -1.9770353437645979e-02        -4.5619204144478107e-02        -3.1892213152079729e-03        -2.5143911988553258e-03        -4.7073536559088490e-02
27                                     2.5362672988826052e-01         8.6101522344037076e-02        -7.5596482598195500e-02         1.2402771878932187e-01        -3.1514339072877035e-01        -2.1598510333129228e-01        -2.1031034559157050e-01         5.8905874852229712e-01
28                                     4.8893275935765854e-02        -1.0448090304502720e-02        -7.8090395020855852e-02         3.4730555344758544e-02        -9.1233390427643862e-02         1.2483811306458147e-01        -3.5976889721956319e-02         6.5663869701954800e-02
29                                     1.6763642342911243e-02        -7.4794071400437048e-02        -5.8174247045885481e-02        -5.1339957219269455e-02         4.1267602610457282e-02        -3.6034917008001391e-02        -2.7123194808004514e-02        -5.4122856362435252e-02
30                                     8.8523389630122754e-03         1.3014157606705409e-03         1.6478991344579693e-02        -3.3418680818485175e-02         3.8353458259179955e-02         3.7322894033034945e-03         1.8733595497593689e-01         4.4773507683220054e-02
31                                    -4.7647136135909448e-03         7.5440139959219955e-03        -2.7891002823863903e-01        -2.2424378846531512e-01         6.9324162062518284e-03         4.6354392363735931e-02        -4.8227816855853783e-01        -1.1860688335010655e-01
32                                     1.9666918524021044e-02         2.4010371686912805e-03         9.6411484219577862e-02         5.2667465648217060e-02         4.4281386614673970e-02        -1.1375755660115495e-03         3.3858045728682973e-01         1.1500222412952328e-01
33                                     1.7948056352227176e-01         5.3156428991693851e-02         3.2370889644581424e-01        -2.3641409742242120e-01         3.1628717799705663e-01        -7.7019686058726097e-02        -2.8004130237212965e-01         2.6508405519943756e-01
34                                     1.2965669413723027e-01         4.3842544006988893e-02         3.6735533513932307e-02         4.9172401991106236e-02         1.4796676815084026e-01        -1.1568408907017919e-01        -3.4643143879660554e-01        -2.1847988730474358e-01
35                                    -1.9412434005266436e-02        -1.1506152554972382e-03        -8.4477421914714190e-02         5.8752256827332462e-02        -6.5126144817953549e-02        -1.5797325006421538e-02        -4.5922687757875236e-01        -2.9998906408549869e-01
36                                    -1.1846714433872854e-01        -4.2609386250879823e-02         1.3746097859031386e-01         1.2350191598470525e-01        -1.2948130237761218e-01         1.2196228886799385e-01        -5.5556831786054355e-02         1.1435020605532843e-01
37                                     1.2306909673248993e-01         4.3861301304380949e-02        -1.3223080588945160e-01        -9.7904291231123625e-02         1.1194248154226964e-01        -9.4906434324190422e-02         4.7653495096059303e-02        -9.5527082208407790e-02
38                                    -2.3459166472495185e-02        -5.8423164854443073e-03        -1.5791855646305850e-01        -1.7984785530069169e-01         2.5479338052183807e-02        -8.2754702991106877e-03         2.9134421212508147e-02         3.6060208085461218e-02
39                                     5.7101147187121754e-02         2.4112411165651146e-02        -4.0693225279916906e-01        -2.7067475500591864e-01         9.1897395382499997e-02        -4.4002266268737947e-02         6.0175197208565311e-02         6.4704107183570073e-02
40                                     7.8238967379675950e-02         2.5186200958628408e-02         1.6735579576370138e-01         1.5144668069361750e-01         3.7864946877498189e-02        -5.8142333575445342e-02         1.3728626468983519e-02        -1.1459069505822406e-01
41                                    -6.0534740276373275e-02        -2.1629334170950615e-02         8.8065523173817814e-02         2.4958506195591149e-02        -4.3764924171980073e-02         3.5529234473643159e-02        -2.6904717387583928e-02         2.0505577269133161e-02
42                                     3.1440487362191682e-01         1.0886000599875119e-01        -1.1852763059624152e-01         1.9324754756913648e-01         1.4031419331751985e-01        -1.4991337058829743e-01         5.2558575384174445e-02        -1.4249454120405053e-01
43                                    -1.2304926760982832e-01        -4.1310280568161620e-02        -5.5655306932071880e-02        -2.1285038053395733e-01        -1.3802367391989317e-02         3.9000918250314050e-02         1.3406803134396550e-02         8.5391476469168615e-02
44                                    -1.1448638644427392e-01        -3.8288321200879070e-02        -6.7232133170584629e-02        -1.6919031586861497e-01        -2.3187414072412479e-02         3.5100343122140255e-02         1.4311515865486105e-02         5.2320477616695775e-02
45                                     2.8831251918546652e-03         7.5364834146095033e-04         5.7718266070970626e-03         1.0785382211346999e-02        -2.1929830050228969e-03         1.6352414652966391e-03        -6.4666941018422259e-03        -3.7621902146480764e-04
46                                     1.0910120308513919e-03        -4.5420346277813148e-05         1.1581468866231782e-02         1.1224773237685949e-02        -1.6083283424390886e-03         5.0442351825579640e-04         3.6282174379578020e-03         9.5126883317431720e-04
47                                    -1.9685028943015607e-04        -2.4789390822561207e-04         9.7311851107178306e-03         1.0889609091787293e-02        -3.6466222806231141e-03         1.8213119278026138e-03        -7.8645053479697528e-03        -2.3143071830473410e-03
48                                    -1.4086650640393307e-02        -3.8673916264404164e-03        -1.5656567509868120e-02        -4.2140817324531413e-02         9.2958059303703128e-03        -5.2978821644769029e-03         2.5596781445525438e-02         5.2321189990772396e-04
49                                    -2.8258689350135313e-02        -5.5470993801935509e-03        -4.3110379059829569e-02        -7.9097724224942587e-02         1.1401123022820545e-02        -6.5065229108520056e-03         3.7178808223243369e-03        -1.2577880219608191e-02
50                                    -4.3999234276374137e-02        -1.2099483982430917e-02        -3.7794293619118451e-02        -1.1218903798022116e-01         1.8681000176176819e-02        -1.6579162138757902e-02         6.6339701405482621e-02        -3.7320097204879463e-03
                                                        32                          33                          34                          35                          36                          37                          38                          39

0                                     -2.8923480205825754e-02        -2.7236720965999210e-02         9.9859368678014662e-02         5.1950922520296997e-02         3.4611731663816534e-03        -1.1504261625899747e-03         7.7167411431459964e-04        -1.2195592877224598e-02
1                                      2.0587947676656559e-02        -1.4043956294482648e-02         6.7599163048590413e-02        -3.1884035009850623e-03        -2.9024404748884073e-03        -2.0003966768849323e-02        -2.0510376411736978e-03         2.6940481879811823e-02
2                                     -7.2456105218502978e-03         5.7361138631877385e-03        -2.7727256913018864e-02         5.6744805796635927e-04         1.7624272125571587e-03        -5.5081097457144033e-02         1.0493533834676897e-03        -8.4424978008338369e-03
3                                      9.2042469619230322e-02         1.3934335730638632e-02         9.6974078241881894e-04        -1.5146556053136515e-01        -1.3303978718431222e-02        -1.5661232475831551e-03         8.1490062880734497e-04        -2.5736108613320662e-02
4                                      3.8035880242156205e-04         1.3564392803708544e-03        -8.5940043199862030e-03        -1.7673440546786223e-02        -2.3722163616141123e-04        -4.0432507459407900e-03        -3.5957011803430263e-04         5.1618352049830098e-03
5                                     -2.0520049315703509e-03        -7.2631593393293452e-04         3.4296720532661046e-03         8.2923054428192221e-03         9.8646025440788277e-04        -1.0975001232377567e-02         3.0169424212052109e-04        -1.3336842560328849e-03
6                                      3.8663444879512204e-02        -1.0265913258729904e-02        -2.3684291944460461e-02         1.4491900190581841e-01         2.5450874270151427e-02         8.3041163942871395e-04         2.7371388452268109e-03         8.5449206010334480e-03
7                                      1.0074809947603906e-03         1.5789563142144132e-03         3.0296306198713307e-03         1.0839472477631800e-02        -1.6323048941802806e-03        -1.9294639556404467e-04        -5.1190367428569799e-04        -4.3045098581328675e-03
8                                      6.4429114355032133e-03        -1.9286932205468061e-03        -2.3330039890174705e-03        -6.2626932469783485e-04        -7.4468868401863873e-03        -5.4385182228841566e-06        -8.1361940646288745e-04         2.2047260485250379e-03
9                                     -1.2589284619590688e-01         1.3025829877340021e-02         1.5408140243197961e-02        -4.2111002921892682e-02        -5.4748368961635527e-02        -1.0190723823500711e-04        -1.2452350939038829e-02         1.5419929654374786e-02
10                                    -1.3211909318330342e-03        -7.7804857991020764e-03        -4.8899501264955264e-03         6.4659933667145768e-03        -1.1166226323737495e-02         3.7588592230627666e-04        -4.2126376708166661e-03         1.3457887857366520e-02
11                                     4.2473750955790965e-02        -6.8344363106943584e-03        -3.4216801924665534e-03         1.1233997047886350e-02        -7.4172409650552691e-05         1.6085861383098929e-05        -1.4884562353959742e-02        -2.6887919031589641e-03
12                                     2.3451574862900542e-02        -1.0003341297326619e-01        -2.2570286410349291e-02        -8.9988093943366345e-03         2.9175985157038616e-02         2.4469101810492392e-04        -1.4305292490638064e-02         1.7722333114144808e-02
13                                     2.0239772052915689e-02         6.3562733214726330e-02         1.4561499239422878e-02         5.1624636702912547e-03         1.2986340363686750e-02         7.1918106031180660e-04         4.4390597243502200e-03         3.5993459555490714e-02
14                                    -3.6347942490290844e-02         3.9427275933791008e-02         1.0697877853797557e-02        -6.3357083029201670e-03         2.1892263359672339e-02        -4.4315797008154034e-04        -4.9309397060462973e-02        -7.1813703565538935e-03
15                                    -4.9027487554331499e-02         7.1622305944340159e-02        -3.0612642738599638e-01        -6.3457797416174272e-02        -1.9972972397132364e-02         7.0008852628212119e-03        -1.7492385564646950e-02         2.6017527506770316e-01
16                                    -1.0288483289168202e-01         7.9986934821702119e-02        -3.9025477519527568e-01         5.4702172337860483e-02         1.7852199897363589e-02        -4.1892221112997374e-01         1.0051401378723554e-02        -7.3431159203772828e-02
17                                     5.8953160177374848e-02         2.1183739955889850e-02        -4.4090537003838672e-02        -1.2637910251086767e-01        -2.9992826847363083e-02         2.2306104489743722e-01        -2.1017974674778925e-02         2.6543724540095293e-01
18                                     1.8151525698948411e-02         1.1229760566933875e-01        -4.9076198635385637e-01        -1.0167553087992455e-02         2.4597583919350078e-02         3.2426266295327174e-03         1.7931792269687375e-02        -2.3024508797015489e-01
19                                     3.2867364229352214e-02         2.0859976859678043e-02        -8.0394503335416326e-02        -1.8725821265438407e-02         1.8903640534017464e-03         2.5455530137413135e-01         1.1030608315301983e-03        -3.8751715693407539e-02
20                                    -1.3360031806543188e-02        -9.7506898886338556e-03         3.8967876953463786e-02         5.3673326889589869e-03        -3.6921360519461912e-03         6.6797756114926476e-01        -4.9077509034110610e-03        -5.6174976154553936e-04
21                                    -4.9464561346351209e-02         6.9113528952279180e-02        -3.0003549875078611e-01        -5.9486859658824942e-02        -1.6122536963443426e-02         1.1993796870809580e-02        -1.7143115293608627e-02         2.5287975685876551e-01
22                                    -1.1564877378456154e-01         4.4202313592268123e-02        -2.5798487139308107e-01         1.2390057746290120e-01         3.2779985363780316e-02         4.4374320581605081e-01         1.6756931741146962e-02        -2.5820968116594739e-01
23                                     2.6775718572350966e-02        -7.1075224051954794e-02         3.0318940545334933e-01         5.9637551428365909e-02         1.0079689939087779e-02        -1.2428008506951217e-01         1.0650638397742213e-02        -1.5028501940016953e-01
24                                    -3.5633536002322175e-01        -3.2034375245914667e-02        -3.9335364663772915e-03         3.7023636366720714e-01         2.1649267538617213e-02         2.8197574599923875e-03        -2.0383784297114634e-03         5.2223179089751694e-02
25                                    -6.4810785441034732e-02        -5.0624989869367471e-03        -9.6263224568762986e-03         5.8209480266092024e-02         3.4038893506960388e-03         7.6721031877415510e-03        -9.4689738019555227e-04         1.8291257940041675e-02
26                                     3.0344041409559978e-02         3.2327865004516732e-03         3.8830577716841281e-03        -2.6605883404613166e-02        -4.3500503730185391e-03         1.7338801066978812e-02         9.7508300276785448e-04        -8.8098648055107316e-03
27                                    -2.0451536065629569e-01         2.0472450386481485e-02         7.2917625709158537e-02        -3.8457193331251333e-01        -5.3725186126483290e-02        -1.4818637148316135e-03        -1.2577447913070142e-02        -1.3070331783259269e-02
28                                    -3.9010174151610330e-02         8.5701362304026890e-03         1.8074670556081942e-02        -7.0080570106548792e-02        -7.8177170268440427e-03         3.4062134681455775e-04        -1.6768992846880565e-03        -9.7613472623272416e-03
29                                     9.4267894770913938e-03         5.2919840993381003e-04        -5.3239248099746896e-03         2.5306008688635268e-02         1.1500185662884447e-02         2.5806368126799891e-03         2.8006437917577195e-03         9.8495405601159436e-04
30                                    -1.0518087870571727e-01         7.7494337456582088e-02         4.7920980832264225e-02        -1.3888958293320053e-01         7.1444364815980876e-01         1.4405647606575036e-03         1.9762354099564663e-01        -8.6799758788085254e-02
31                                     4.5273483774948154e-03         9.5475242651964361e-04         7.1266960526132463e-03        -3.9086336347883187e-02        -2.3020838642400089e-03        -6.3447442762741557e-04        -7.1958878782266786e-03        -4.2496280398166006e-03
32                                     2.7016943971703945e-02        -2.6171599534347185e-02        -1.0453117378570728e-02         9.5871451543089545e-03        -2.6273616235435410e-01        -2.5766692873532989e-04        -7.6895044243379618e-02         3.5145712250075387e-02
33                                     5.5554078442668642e-01        -4.4899717028709527e-02        -5.0842068205863677e-02         1.3228217751559795e-01         1.0790502958806676e-01         6.4172319467863462e-04         6.3380303097762382e-03        -4.1220167909450794e-02
34                                     1.8522388823594047e-03        -4.9785970732024558e-04        -6.3354051080360806e-03         6.1689315010760234e-03         3.4708584452986822e-02         3.4517177744402736e-04         2.6971398544635782e-02         1.6994060545066712e-03
35                                    -1.7008688999988406e-01         1.9916795915553041e-02         1.6022977385977182e-02        -4.8617668308572531e-02         1.4621998261783346e-02        -4.2316843573473321e-04         1.7846870915051487e-02        -6.0046929115318655e-03
36                                     1.1825530599579998e-01         2.5028040057519435e-01         5.1030958302522370e-02         3.6874763378566620e-02        -5.9867772656683492e-02        -1.4231816950226329e-03         1.6075566841324690e-01        -1.0908757730640237e-01
37                                    -9.7422761404096364e-02        -4.0793190454315914e-01        -8.4688451020886915e-02        -5.4750663983747304e-02         1.1302917213211428e-01         3.2993715604298711e-03        -1.6901327834354762e-01         2.0787018847887351e-01
38                                     1.2528415814152077e-02        -1.5105160298841375e-01        -3.4550393999243298e-02         5.2638180861625666e-03        -1.3220757094396601e-01         7.2676043293909195e-03         6.3669399564322282e-01         1.9436796630368178e-01
39                                     6.4425623489742539e-02         4.5148548457935705e-01         9.0617293605660704e-02         6.9786405755635217e-02        -7.0090910101813075e-03        -3.7925890947307296e-03        -4.0654770390041389e-01        -1.0685348036256184e-01
40                                    -1.2381652930022109e-01        -1.5766029855318869e-01        -2.6380409126415590e-02        -6.0190690938135151e-02        -5.6197747749883238e-02        -9.8425860489363536e-03        -8.3190942758290296e-02        -4.6020847931981201e-01
41                                     2.3751836965891660e-02         6.1148589102488785e-02         1.3023510414132439e-02         1.2626199825654045e-02         6.0805975908480726e-02         5.1117969532367786e-03         6.0177690805019890e-02         2.4266536104050446e-01
42                                    -6.7885590306198451e-02         3.8807958366452910e-01         8.1451252740481386e-02         4.9177363295934431e-02        -1.7888332630202536e-01         1.0237488361476512e-03         4.5225163910298249e-01        -6.8639792942534597e-02
43                                     2.4679296443570822e-02        -1.1874229765508279e-01        -2.5146777092330156e-02        -1.3820627079121281e-02        -1.4377660916197571e-01        -4.6939389670367327e-03         2.1826250812453704e-01        -2.9483326070730431e-01
44                                    -8.4667881971382270e-03        -2.9607731996659986e-01        -6.1372534123135161e-02        -4.4048181498700108e-02        -9.0240410166799220e-02        -6.3992146872199687e-03         5.8372012046969457e-02        -3.3440615013595809e-01
45                                     7.0842858690756301e-03        -3.8424338960457200e-03        -2.1662412103583854e-03         5.6516421777226874e-03        -3.3965623921543196e-02        -6.3933216509355094e-05        -9.1588219688284976e-03         3.7876169007664789e-03
46                                     2.6895193171670639e-03        -1.5773450587371386e-03        -8.9038173717881461e-04         2.0093009170120521e-03        -1.1431845930086256e-02         3.5607553666653253e-06        -2.4570808988314779e-03         1.0279020220859000e-03
47                                     2.8981216658039632e-03        -1.4190103262771312e-03        -8.6196878314592047e-04         2.0820620237755063e-03        -9.3819407720571214e-03        -4.0560404547562751e-05        -1.6459067426241617e-03         7.4414195101603266e-04
48                                    -2.8555467220277048e-02         1.4661821316885221e-02         8.2532983873035409e-03        -2.3502079556417838e-02         1.2482008405235073e-01         3.2251989800756475e-04         3.3582808426261768e-02        -1.4228259632467622e-02
49                                    -5.0304494877184039e-02         2.8039289614462067e-02         1.5312912160509909e-02        -3.7355715650436105e-02         2.2304981275243979e-01        -1.2963723315836506e-04         6.0003175305233969e-02        -2.5206256504265251e-02
50                                    -8.1859668657489351e-02         4.5558779760713840e-02         2.5005495917389736e-02        -6.1657691253660905e-02         3.7112425387313924e-01         9.2309905125373762e-04         9.9938218316221961e-02        -4.2516152965778639e-02
                                                        40                          41                          42                          43                          44                          45                          46                          47

0                                      1.4783734028998114e-02         4.7477976722721763e-02        -2.1652258773414016e-03         2.8723952458332795e-04        -1.5155909952842455e-03         1.1980549534590240e-02        -2.9057189573031711e-04        -1.0187328583005613e-03
1                                     -3.4105218325464134e-02         2.0665261943498367e-02        -8.8768187190427206e-04        -2.8686447174446029e-04        -3.2414657592157781e-02        -2.0896204276823319e-02         5.1604974898825779e-04         2.0336218693998991e-03
2                                      1.2276131552757164e-02        -9.0945229019473387e-03         4.1028547984451745e-04        -3.6269368535114373e-05        -8.3601125519740013e-02         8.0608568340096547e-03        -8.2702964010034338e-05        -6.8909216191363949e-04
3                                      3.8425954762472452e-02        -1.2154378456692200e-03         1.6940716874616700e-04         3.0292322189813856e-04        -9.7998426076236016e-06        -1.2529369036463230e-02         2.6245833483382985e-04         3.5428292738966267e-03
4                                     -4.3766924376636004e-03        -1.0541130086534204e-03        -3.4753696736986701e-04         1.1945966510080630e-03         1.9848321035494240e-04         7.3916341004075251e-02        -1.1822415129177869e-03        -7.3435392881948383e-03
5                                      1.0609003261061246e-03         4.0728993126986919e-04         1.1050841085296297e-04        -5.4085226240441924e-04         1.6751609989114620e-04        -2.8412111586232452e-02         4.6330620864317969e-04         2.7164406227047650e-03
6                                     -2.7930631658897115e-02        -6.1694825805879566e-04        -5.7133874057579926e-04         1.2237174562857705e-04        -1.7495316391616195e-05         6.5641408004499355e-04        -7.3416411891620136e-04        -1.3276863967176183e-02
7                                     -1.0383684798848044e-03        -9.9786935460657281e-04         3.6441977760551367e-04         6.3558401061831644e-03        -3.1688234330919068e-05         5.0808349735052757e-03         3.0836851879103878e-03         7.6816449935220729e-02
8                                      1.0139330333899786e-03         4.1431836693899975e-04         2.0350403021582663e-04        -2.2097437275631709e-03        -2.7274201569270037e-04        -2.0076854242396208e-03        -1.1428056356598620e-03        -2.9546166899528069e-02
9                                      2.1313574262276851e-02        -5.7852742811241486e-05        -1.5476855361579854e-03         1.4698064494530188e-02        -1.7191191981944385e-05        -1.6934145644962952e-04         2.1186253367429827e-04        -2.3840339467914111e-03
10                                     9.7228870099450929e-03         4.0356928850647050e-04         8.6791009738921481e-04        -6.6076214679582940e-02         2.6019652347293527e-05         1.3067383797001259e-03        -2.5714739963955445e-03         2.3207487567363447e-03
11                                    -2.9292313695245347e-03        -1.3110107620513612e-04         5.1701750572184197e-05         4.7501018529735137e-02        -1.4986957071892409e-04        -7.3852613372358828e-04         1.9875169519151139e-03        -2.1299450559571793e-03
12                                     1.4025591636683741e-02         1.7630905969686489e-03         3.9373852404793769e-02        -7.2480189186576978e-04         6.9285010361927840e-05         6.5532300779435726e-04         4.4559898261866668e-02        -3.1736620156331665e-03
13                                     2.7782264382694918e-02        -1.3167479137361038e-03        -2.7953425263523544e-02         5.7343662225215657e-03        -2.6638230325672615e-05         4.6474670643294251e-05         2.3737652454589527e-02        -4.8530839096360507e-03
14                                    -3.3683364564015719e-03        -8.7829283849950087e-04        -1.9677952463799584e-02        -6.3009137998404387e-03         1.1413592024141304e-04         9.6786288499695365e-04         7.4907584076293054e-02        -4.6521359053611103e-04
15                                    -3.3005950058032879e-01        -3.2776591681400391e-01         1.4973090686770139e-02        -1.8558408860835111e-03        -3.7001993744884398e-01        -4.7454529965166178e-02         1.5157810558820552e-03         3.4722958761720228e-03
16                                     1.0141133083135942e-01         2.7807953815242592e-01        -1.2864425536613749e-02         1.8391257832330323e-03         3.0869782655227623e-01         4.0300462205445718e-02        -1.2537221493405825e-03        -2.6204086805139584e-03
17                                    -3.4038663298258837e-01         4.2427931782555944e-01        -1.9441153165603180e-02         2.5640691909614402e-03         4.6285146830273932e-01         6.3896388397527065e-02        -1.9972251629939799e-03        -4.7275057173608104e-03
18                                     2.9013100138329118e-01         1.3073326761338522e-01        -5.8977147771268517e-03        -4.4888155362709359e-04        -1.3235578485509963e-03        -6.5766753386838059e-02         1.5222652848481408e-03         7.4210284206915889e-03
19                                     4.2316127874488726e-02        -4.3529414055089266e-01         1.9684657991890665e-02         1.1159884026595542e-03         1.6171626269792004e-03         1.9642230885891884e-01        -4.7700290946818208e-03        -2.3016236699152762e-02
20                                    -1.5243833854658929e-02         1.6439905768201127e-01        -7.4023528841040895e-03        -4.4532660764134318e-04        -8.0380982190620433e-03        -7.4128042184831516e-02         1.7749389089997470e-03         8.6795455088718131e-03
21                                    -3.2058181767120092e-01        -3.4079841548237955e-01         1.4980056214349100e-02        -1.1725621386895109e-03         3.8923567334381476e-01        -5.1740851395781690e-02         6.9234493671029636e-04         3.3122730882077932e-03
22                                     3.1445411492022873e-01        -7.2394754876485570e-02         3.0690804314163914e-03        -2.3681758724667729e-04         7.5627204966368836e-02        -1.2564269585614596e-02         1.7453329126326431e-04         1.1032290059654914e-03
23                                     1.9348240663004207e-01        -4.8706214639480944e-01         2.1877241606156707e-02        -1.8398193189384825e-03         5.4082442102627781e-01        -7.5671058586542675e-02         1.0088746673356987e-03         4.5537617174302514e-03
24                                    -8.0627309706454903e-02        -5.7153628924331342e-03        -2.1186830890286551e-04         2.4816092683517905e-03         3.1961729935952947e-04         1.4463359208129589e-01        -1.8943494599087402e-03        -5.3355674497711052e-03
25                                    -2.4263660793373616e-02         1.8636480272753604e-03         2.9305541348455429e-03        -1.3320582903138907e-02        -8.7691230066069619e-04        -8.4259714749336956e-01         1.2569377564712310e-02         6.7550723431072851e-02
26                                     1.0129983677789898e-02        -6.4501350534289085e-04        -9.5851256562857058e-04         5.3736694564438725e-03         1.8910198764530875e-03         3.2344612155110997e-01        -4.8119151236714307e-03        -2.6010095550985660e-02
27                                     4.6412327740592070e-02        -4.5011366429900456e-04        -1.2843579324249720e-04         1.5388277591184741e-02         1.0550839597063396e-04         1.7541755999762775e-02         5.5711531340572407e-03         1.4306006963272858e-01
28                                     9.7792429021248788e-03         4.4617718124367349e-03         1.1583992639128677e-03        -5.2807551209799033e-02        -3.0491236650337188e-04        -7.2815733231208185e-02        -3.2732454807657657e-02        -8.7240635692140533e-01
29                                    -5.5804194813544161e-03        -1.7926839414774049e-03        -3.0255457881405291e-04         2.1012669664861473e-02         1.0610173924870841e-03         2.7888344317758128e-02         1.2549226975328141e-02         3.3641628478681784e-01
30                                    -1.0527022590320084e-01        -2.5044092541597984e-04        -1.9471665185332541e-03         1.5484306869925179e-03        -1.4685462868196405e-04        -1.1770062015465032e-04         1.6004758811478542e-03        -1.2112980914058906e-03
31                                     7.3596213481388504e-03        -5.2824588367221862e-04         4.3079544916671047e-03        -3.1444436427103791e-03        -2.0372263454244115e-04        -1.8989423207828123e-04        -3.6591310088155537e-03        -7.9141764298909089e-04
32                                     5.2045462109697738e-02        -8.2784771669282492e-04         6.2389203798893971e-03        -1.8877738567816659e-03        -2.5666362477640001e-04        -3.1042046790643148e-04        -4.4878318465396607e-03        -1.2785860537556551e-03
33                                    -5.3890121540471105e-02         2.5393658386222654e-04        -4.5081990676352412e-03        -1.7767822923122353e-01         1.9881723305919732e-04         3.1245123998702284e-03        -1.0554800422815470e-02         4.4819866685431873e-03
34                                    -2.7212274957278187e-03        -1.7576685580385117e-03         1.3397586644729323e-03         7.4554136396105541e-01        -7.7814097854711798e-04        -1.5729780582507923e-02         3.2099840174737486e-02        -4.7263381351702743e-02
35                                     4.4735231381708146e-04         1.5580380285349982e-03         3.2764727682236491e-03        -5.5829601602151036e-01         6.5242730585970239e-04         1.0852246956641864e-02        -2.2481867936866767e-02         3.4177582931076075e-02
36                                    -9.0690393135269776e-02        -1.9462410038465452e-02        -4.2372932939314190e-01        -2.1628575534778555e-02        -2.5034277855246867e-04        -5.0268495184179890e-03        -3.5307350981460778e-01         3.9314437981700236e-02
37                                     1.6762017309599955e-01        -1.4687573022442321e-02        -3.2862192529889400e-01        -1.7395429792314732e-02        -2.7897464922292263e-04        -4.0481703343578142e-03        -2.7448267097989376e-01         3.0096589236970429e-02
38                                     1.2340142132020054e-01         1.1525339379751893e-03         2.3431533348428017e-02        -5.1808027602024591e-04         3.0614914889686215e-05         3.9439552012345095e-04         2.7225701652197547e-02        -2.3451677848665585e-03
39                                    -6.7194129016137971e-02         3.8182581315034767e-03         8.5222804597084992e-02         4.1131656251495608e-03        -9.4655862396209153e-05        -8.8246188193972987e-04        -9.7680464936432024e-02         3.3373739501573788e-03
40                                    -3.4794675634768985e-01         1.1803001275640506e-02         2.6170676957471800e-01         1.6184117726231097e-02        -2.3816841094822152e-04        -3.4318272900846014e-03        -3.0623325474639390e-01         1.0399972377848550e-02
41                                     1.8297099029260566e-01         2.5076353738023600e-02         5.5773410029725179e-01         3.0718318393603034e-02        -4.9184529012334286e-04        -6.7443890762956546e-03        -6.5042865219466350e-01         2.3121356710524725e-02
42                                    -7.2558974605956617e-02        -4.4199696504282834e-03        -9.8730967712880507e-02         5.7520195274711437e-03        -2.3006758811585957e-04        -1.5387321883066219e-03        -7.2234326188606063e-02        -3.6210546244006187e-03
43                                    -2.3385281611586858e-01         1.7262504077894793e-02         3.8174356640525570e-01        -4.4612713168756972e-02         9.2864893234691985e-04         6.2720968681335238e-03         2.9662784397358510e-01         1.4519942375865387e-02
44                                    -2.5719274112444657e-01        -1.6125886244877079e-02        -3.5651132928644741e-01         4.7639253887965881e-02        -8.5837570583219931e-04        -5.8304740666605117e-03        -2.6655235912745912e-01        -1.4650407791674121e-02
45                                     5.0559707010843806e-03        -8.3900024847621010e-05         1.2725337067220395e-04        -4.9239372503950341e-04        -2.0320717662758992e-05         2.1822773931172481e-04        -4.3763215586488088e-05        -1.5897452125711060e-05
46                                     1.4410322568921138e-03         8.1431390695280541e-06        -8.0746547228816151e-05        -5.3735621537302514e-05         2.8330998473389093e-06         1.8644414586061028e-05         3.8575003627138706e-05         3.7307958737667022e-05
47                                     1.0068054575521743e-03         4.5517170219685615e-05        -1.9646813682565578e-04        -1.2966520770142110e-05         1.5947489319979035e-05        -7.4397409691923642e-05         8.1065742446518514e-05         5.8658800168636414e-05
48                                    -1.8226364979152376e-02         1.1717660538714300e-03        -2.1769215285029615e-03         6.3246921031601851e-03         2.9212717304024120e-04        -3.3085574101113261e-03         8.2736106856942312e-04         3.7095514585857984e-04
49                                    -3.3016640762529768e-02         1.5402802543795297e-04        -5.4435559918341004e-05         1.5330285364345059e-04         2.7429589857576328e-05        -3.5068906664247073e-04         3.2044310428950889e-05        -3.8899740248564264e-05
50                                    -5.6015688225760286e-02        -1.2920514633037346e-04         4.0549986393954423e-04        -1.8348203899158171e-03        -7.5668432737335421e-05         1.0768786089244593e-03        -2.6041496304385505e-04        -3.9450673932646956e-05
                                                        48                          49                          50

0                                      4.6201295239960319e-02        -6.1181213876727114e-03        -9.8212398958154423e-05
1                                     -6.8234077925759307e-02         8.9997497130515965e-03         7.6071568312237044e-05
2                                      2.5593504105637106e-02        -3.4494514976021770e-03         4.4382123538003581e-05
3                                      3.9116431744684269e-03        -3.6870197709964797e-04         1.5405259460652025e-05
4                                     -2.0141799066168156e-02         2.2821618011531954e-03         2.0503360785380532e-04
5                                      7.7328105420030775e-03        -8.7719135609348763e-04        -7.5511504907780031e-05
6                                     -8.4760738315629663e-04        -8.9953845390635387e-04        -1.7855583066177220e-05
7                                      1.3622770897428066e-03         3.4663559356557863e-03         2.4763218555232353e-05
8                                     -4.8288605173141285e-04        -1.1370527847419760e-03        -9.3164530805622321e-05
9                                     -2.0331695207305832e-04        -1.3019307909347771e-03         2.5287783869525321e-04
10                                     5.5514611966253939e-04         4.4907250626668605e-03         8.4273446966061556e-04
11                                    -4.3275510887677234e-04        -3.2085714068489364e-03         3.5359824821139507e-04
12                                     4.2421335121744213e-03         3.1963656157399108e-02        -5.5985384403739952e-05
13                                     9.6036619611417802e-03         7.2846001563745919e-02        -6.7472005652180757e-05
14                                    -5.2840452959589754e-03        -4.1740947665705644e-02        -2.6055709363671169e-04
15                                    -1.6572224239146996e-01         2.1703420595517563e-02         2.9717912578119683e-04
16                                     1.3953730776009263e-01        -1.8254364408251622e-02        -9.2558336486143729e-04
17                                     2.2008945497002777e-01        -2.8813061381804665e-02        -8.3843132246275783e-04
18                                    -2.0990864426912467e-01         2.7817688548920961e-02        -1.4555167120991065e-04
19                                     7.1063667467094027e-01        -9.3959474391767425e-02         2.2421916937069114e-04
20                                    -2.6872091001943194e-01         3.5545322506167480e-02        -1.3393045207621716e-04
21                                    -1.7610764540141866e-01         2.3456320622428556e-02         2.8339711027379212e-04
22                                    -4.1851837812608386e-02         5.5600781517322981e-03        -8.2806342037049067e-05
23                                    -2.5455111573485562e-01         3.3995694764629450e-02         7.5824140598739842e-04
24                                    -3.5180013678345744e-02         4.5095075578062901e-03         5.5781193444302769e-04
25                                     2.3853817828564253e-01        -2.8559231240041800e-02        -3.5128567407331805e-03
26                                    -9.1676686587536943e-02         1.1055050079634079e-02         1.0999422310521575e-03
27                                     3.7904866423163814e-05         6.3822679203717298e-03        -4.1287913171351699e-04
28                                    -1.0168045009788171e-02        -4.0685931209587287e-02         5.6121839766899381e-04
29                                     3.9712570989333049e-03         1.5598283767942945e-02        -3.0126128330697243e-04
30                                    -1.5054142565057671e-04        -4.7217164348190433e-04        -1.6658052037235225e-02
31                                    -6.8480662324948435e-05        -3.6360333299489019e-05        -2.0357043642163120e-02
32                                    -5.7924122372635913e-05         1.1456060131722432e-03        -3.2977256051431578e-02
33                                     1.9464794748543549e-03         1.6327957028437461e-02         9.8105130636916456e-04
34                                    -6.9779722563092107e-03        -5.7692685589840711e-02        -6.2515324657723727e-03
35                                     4.8748061599889429e-03         3.8898513484526553e-02         3.0287774105352077e-03
36                                    -6.7214699918861268e-02        -5.1008275208045617e-01        -9.8465907991320293e-04
37                                    -5.1740169250487814e-02        -3.9307475646244239e-01        -1.2439820580616456e-03
38                                     3.6263324576112010e-03         2.7272414443466016e-02        -2.4660048026223794e-04
39                                     3.9882247721488535e-04         5.2758586395422998e-03         1.6197524353168387e-03
40                                     1.1185558208999559e-03         1.4441024733212147e-02         3.1886841208071974e-04
41                                     8.9282573367801903e-05         1.4675398504872639e-02         1.8073082717822006e-03
42                                     1.6741492082251359e-02         1.2747844388380150e-01         3.1450854233713522e-05
43                                    -6.3321113821770858e-02        -4.8505626953799313e-01         4.0003009269621030e-04
44                                     5.8980712559503247e-02         4.5172647138549299e-01        -6.7941796977089150e-04
45                                    -7.8101529792826840e-05         8.5707614783451521e-05        -5.5857670883579472e-02
46                                    -3.4827594519801212e-06         1.4867734024432201e-05         2.7112210948974347e-03
47                                     3.7614850791063580e-05        -5.1432943521138577e-05         2.3754698209528878e-02
48                                     1.2438398261557170e-03        -1.0985526813937073e-03         8.9985813919195290e-01
49                                     1.2887175495177863e-04        -1.7283598828451042e-04        -2.5045500745356945e-02
50                                    -4.5430776871156959e-04         4.2411353222003708e-04        -3.4818010963971968e-01
$End
$Calculation_Timings
   &GeometryIndex 1
   &GTOINT [&Type "Double"]       2.9875229999999999e+00
   &SCF [&Type "Double"]       6.4424960000000002e+00
   &PROPINT [&Type "Double"]       2.7338500000000003e+00
   &RESPONSE [&Type "Double"]       3.3625450000000008e+00
   &PROP [&Type "Double"]       3.8214170000000003e+00
   &SUM [&Type "Double"]       1.9347830999999999e+01
$End
