*************************************************
******************* ORCA 6.1.1 ******************
*************************************************
$Calculation_Status
   &GeometryIndex 1
   &version [&Type "String"] "6.1.1"
   &progName [&Type "String"] "LeanSCF"
   &Status [&Type "String"] "NORMAL TERMINATION"
$End
$Geometry
   &GeometryIndex 1
   &NAtoms [&Type "Integer"] 17
   &NCorelessECP [&Type "Integer"] 0
   &NGhostAtoms [&Type "Integer"] 0
   &CartesianCoordinates [&Type "Coordinates", &Dim(17,4), &Units "Bohr"] 
              C      4.329949616237   -7.484126409607    3.818826733850
              C      2.877390175007   -5.427920222089    2.414345497049
              C      3.957254105345   -3.413411238558    1.414644713072
              C      2.589806738659   -1.304626766179   -0.003843986415
              C     -0.293616613798   -1.723871787545   -0.239568273183
              H      6.330595890103   -7.048795037834    3.867391599450
              H      4.078541396243   -9.305361592989    2.902259518950
              H      3.651465500957   -7.660722393966    5.749807875843
              H      0.862080174363   -5.704465352349    2.273580779991
              H      5.978483087288   -3.169951849190    1.578355826554
              H      3.425734879671   -1.115301907835   -1.871490597982
              H      2.938023852151    0.476538248520    0.959658545445
              H     -1.157999532838   -0.192448292184   -1.292165704182
              H     -0.699912815954   -3.491801972984   -1.189593183770
              H     -1.158912157177   -1.793609466003    1.615300633877
              O      1.289365734764   -2.144933875074   -7.041767335315
              H      0.692660254922   -2.466099691240   -5.267880147286
$End
$SCF_Mulliken_Population_Analysis
   &GeometryIndex 1
   &NAtoms [&Type "Integer"] 17
   &ATNO [&Type "ArrayOfIntegers", &Dim (17,1)] 
                                                         0

0                                                        6
1                                                        6
2                                                        6
3                                                        6
4                                                        6
5                                                        1
6                                                        1
7                                                        1
8                                                        1
9                                                        1
10                                                       1
11                                                       1
12                                                       1
13                                                       1
14                                                       1
15                                                       8
16                                                       1
   &AtomicCharges [&Type "ArrayOfDoubles", &Dim (17,1)] 
                                                         0

0                                     -3.7744832573912568e-01
1                                     -1.4160805302924118e-01
2                                     -1.3778544585132213e-01
3                                     -2.5160508284871419e-01
4                                     -3.7031549418890197e-01
5                                      1.3010508503585649e-01
6                                      1.3157999778860807e-01
7                                      1.3175313209313266e-01
8                                      1.2575240109415908e-01
9                                      1.2613956402237536e-01
10                                     1.2818109975674219e-01
11                                     1.3424161205351204e-01
12                                     1.2358874591827651e-01
13                                     1.1779753362767442e-01
14                                     1.3134890292619805e-01
15                                    -2.8740823364667989e-01
16                                     2.8568256098740519e-01
   &Method [&Type "String"] "SCF"
   &Level [&Type "String"] "Relaxed density"
   &Mult [&Type "Integer"] 2
   &State [&Type "Integer"] -1
   &Irrep [&Type "Integer"] 0
$End
$SCF_Loewdin_Population_Analysis
   &GeometryIndex 1
   &NAtoms [&Type "Integer"] 17
   &ATNO [&Type "ArrayOfIntegers", &Dim (17,1)] 
                                                         0

0                                                        6
1                                                        6
2                                                        6
3                                                        6
4                                                        6
5                                                        1
6                                                        1
7                                                        1
8                                                        1
9                                                        1
10                                                       1
11                                                       1
12                                                       1
13                                                       1
14                                                       1
15                                                       8
16                                                       1
   &AtomicCharges [&Type "ArrayOfDoubles", &Dim (17,1)] 
                                                         0

0                                     -2.4227884636658281e-01
1                                     -9.1734118802957454e-02
2                                     -9.2266316074901766e-02
3                                     -1.4950374224192320e-01
4                                     -2.3818424507141778e-01
5                                      8.4230390156746493e-02
6                                      8.6290641108617616e-02
7                                      8.6432424720964574e-02
8                                      7.7113396575237969e-02
9                                      7.7093664266437045e-02
10                                     8.0965966792445054e-02
11                                     8.5649119345670210e-02
12                                     7.8987358250727779e-02
13                                     7.4626143083368346e-02
14                                     8.4757973436534351e-02
15                                    -2.1410486038785592e-01
16                                     2.1192505120883853e-01
   &Method [&Type "String"] "SCF"
   &Level [&Type "String"] "Relaxed density"
   &Mult [&Type "Integer"] 2
   &State [&Type "Integer"] -1
   &Irrep [&Type "Integer"] 0
$End
$SCF_Mayer_Population_Analysis
   &GeometryIndex 1
   &NAtoms [&Type "Integer"] 17 "Total number of atoms"
   &NBondOrdersPrint [&Type "Integer"] 15 "The number of bond orders larger than threshold"
   &bondThresh [&Type "Double"]       1.0000000000000001e-01  "The threshold for printing"
   &components [&Type "ArrayOfIntegers", &Dim (15,4)] "The indices and atomic numbers of the bonding atoms"
                                                         0                           1                           2                           3

0                                                        0                           6                           1                           6
1                                                        0                           6                           5                           1
2                                                        0                           6                           6                           1
3                                                        0                           6                           7                           1
4                                                        1                           6                           2                           6
5                                                        1                           6                           8                           1
6                                                        2                           6                           3                           6
7                                                        2                           6                           9                           1
8                                                        3                           6                           4                           6
9                                                        3                           6                          10                           1
10                                                       3                           6                          11                           1
11                                                       4                           6                          12                           1
12                                                       4                           6                          13                           1
13                                                       4                           6                          14                           1
14                                                      15                           8                          16                           1
   &BondOrders [&Type "ArrayOfDoubles", &Dim (15,1)] "The bond orders"
                                                         0

0                                      1.0223796150874671e+00
1                                      9.7494879453661698e-01
2                                      9.6682065618196011e-01
3                                      9.6676949842750171e-01
4                                      1.9670220423229574e+00
5                                      9.6087245432533219e-01
6                                      1.0140690178977856e+00
7                                      9.6145630046453479e-01
8                                      1.0143977422459325e+00
9                                      9.5957503684338918e-01
10                                     9.5820635160537937e-01
11                                     9.7546917887110107e-01
12                                     9.7557051573935438e-01
13                                     9.7295304376221103e-01
14                                     9.1116136891098243e-01
   &ATNO [&Type "ArrayOfIntegers", &Dim (17,1)] "Atomic number of the elements"
                                                         0

0                                                        6
1                                                        6
2                                                        6
3                                                        6
4                                                        6
5                                                        1
6                                                        1
7                                                        1
8                                                        1
9                                                        1
10                                                       1
11                                                       1
12                                                       1
13                                                       1
14                                                       1
15                                                       8
16                                                       1
   &NA [&Type "ArrayOfDoubles", &Dim (17,1)] "Mulliken gross atomic population"
                                                         0

0                                      6.3774483257391248e+00
1                                      6.1416080530292385e+00
2                                      6.1377854458513230e+00
3                                      6.2516050828487142e+00
4                                      6.3703154941888984e+00
5                                      8.6989491496414362e-01
6                                      8.6842000221139204e-01
7                                      8.6824686790686756e-01
8                                      8.7424759890584114e-01
9                                      8.7386043597762464e-01
10                                     8.7181890024325781e-01
11                                     8.6575838794648796e-01
12                                     8.7641125408172360e-01
13                                     8.8220246637232558e-01
14                                     8.6865109707380195e-01
15                                     8.2874082336466799e+00
16                                     7.1431743901259481e-01
   &ZA [&Type "ArrayOfDoubles", &Dim (17,1)] "Total nuclear charge"
                                                         0

0                                      6.0000000000000000e+00
1                                      6.0000000000000000e+00
2                                      6.0000000000000000e+00
3                                      6.0000000000000000e+00
4                                      6.0000000000000000e+00
5                                      1.0000000000000000e+00
6                                      1.0000000000000000e+00
7                                      1.0000000000000000e+00
8                                      1.0000000000000000e+00
9                                      1.0000000000000000e+00
10                                     1.0000000000000000e+00
11                                     1.0000000000000000e+00
12                                     1.0000000000000000e+00
13                                     1.0000000000000000e+00
14                                     1.0000000000000000e+00
15                                     8.0000000000000000e+00
16                                     1.0000000000000000e+00
   &QA [&Type "ArrayOfDoubles", &Dim (17,1)] "Mulliken gross atomic charge"
                                                         0

0                                     -3.7744832573912479e-01
1                                     -1.4160805302923851e-01
2                                     -1.3778544585132302e-01
3                                     -2.5160508284871419e-01
4                                     -3.7031549418889842e-01
5                                      1.3010508503585638e-01
6                                      1.3157999778860796e-01
7                                      1.3175313209313244e-01
8                                      1.2575240109415886e-01
9                                      1.2613956402237536e-01
10                                     1.2818109975674219e-01
11                                     1.3424161205351204e-01
12                                     1.2358874591827640e-01
13                                     1.1779753362767442e-01
14                                     1.3134890292619805e-01
15                                    -2.8740823364667989e-01
16                                     2.8568256098740519e-01
   &VA [&Type "ArrayOfDoubles", &Dim (17,1)] "Mayer's total valence"
                                                         0

0                                      3.9473097404482989e+00
1                                      3.9808734800274603e+00
2                                      3.9809429418858318e+00
3                                      3.9637573888122946e+00
4                                      3.9501805671249106e+00
5                                      9.8307266684781258e-01
6                                      9.8268670418194992e-01
7                                      9.8264111218364958e-01
8                                      9.8418633361905383e-01
9                                      9.8408881038824503e-01
10                                     9.8356960566515206e-01
11                                     9.8197918959327435e-01
12                                     9.8472582188234770e-01
13                                     9.8612374107123690e-01
14                                     9.8274746570008420e-01
15                                     1.9176537991119496e+00
16                                     9.1838547434767748e-01
   &BVA [&Type "ArrayOfDoubles", &Dim (17,1)] "Mayer's bonded valence"
                                                         0

0                                      3.9473086455643456e+00
1                                      3.9807576564717135e+00
2                                      3.9808274765284626e+00
3                                      3.9637564840507702e+00
4                                      3.9501805490497079e+00
5                                      9.8307265561029589e-01
6                                      9.8268650780735611e-01
7                                      9.8264091607908521e-01
8                                      9.8418555507650263e-01
9                                      9.8408813896848957e-01
10                                     9.8356941874842274e-01
11                                     9.8197902835453188e-01
12                                     9.8472582161075772e-01
13                                     9.8612373930390329e-01
14                                     9.8274745689005372e-01
15                                     9.1329531798415342e-01
16                                     9.1401563469983971e-01
   &FA [&Type "ArrayOfDoubles", &Dim (17,1)] "Mayer's free valence"
                                                         0

0                                      1.0948839532787247e-06
1                                      1.1582355574679681e-04
2                                      1.1546535736917107e-04
3                                      9.0476152436735902e-07
4                                      1.8075202667944268e-08
5                                      1.1237516645312202e-08
6                                      1.9637459382711040e-07
7                                      1.9610456440618623e-07
8                                      7.7854255117125304e-07
9                                      6.7141975545009332e-07
10                                     1.8691672927826459e-07
11                                     1.6123874249584586e-07
12                                     2.7159001101935507e-10
13                                     1.7673335713733890e-09
14                                     8.8100304673885323e-09
15                                     1.0043584811277961e+00
16                                     4.3698396478377699e-03
   &Method [&Type "String"] "SCF"
   &Level [&Type "String"] "Relaxed density"
   &Mult [&Type "Integer"] 2
   &State [&Type "Integer"] -1
   &Irrep [&Type "Integer"] 0
$End
$SCF_Energy
   &GeometryIndex 1
   &Method [&Type "String"] "SCF"
   &totalEnergy [&Type "ArrayOfDoubles", &Dim (1,1)] "Total energy of each state"
                                                         0

0                                     -2.6874560722760117e+02
   &Mult [&Type "ArrayOfIntegers", &Dim (1,1)] "Multiplicity of each state"
                                                         0

0                                                        2
$End
$SCF_Timings
   &GeometryIndex 1
   &TOTAL [&Type "Double"]       9.0417199999999998e-01
   &PREP [&Type "Double"]       1.0634770000000000e+00
   &FOCK [&Type "Double"]       3.0939000000000028e-01
   &DENS [&Type "Double"]       1.2913500000000044e-01
   &ETOT [&Type "Double"]       3.6613999999999702e-02
   &POP [&Type "Double"]       1.8979999999999997e-02
   &TRAFO [&Type "Double"]       3.5268000000000077e-02
   &DIIS [&Type "Double"]       2.0713800000000027e-01
   &SOSCF [&Type "Double"]       7.3467000000000171e-02
   &J [&Type "Double"]       1.7890299999999981e-01
   &FOCKSTART [&Type "Double"]       6.6943000000000197e-02
$End
$VdW_Correction
   &GeometryIndex 1
   &vdW [&Type "Double"]      -5.5664495402450706e-02
$End
$gCP_Energy
   &GeometryIndex 1
   &gCP_Energy [&Type "Double"]       3.4418427000000029e-03
$End
$Single_Point_Data
   &GeometryIndex 1
   &FinalEnergy [&Type "Double"]      -2.6879782988030360e+02  "Final single point energy"
   &Converged [&Type "Boolean"] true
$End
$Calculation_Info
   &GeometryIndex 1
   &Mult [&Type "Integer"] 2
   &Charge [&Type "Integer"] 0
   &NumOfAtoms [&Type "Integer"] 17
   &NumOfElectrons [&Type "Integer"] 49
   &NumOfBasisFuncts [&Type "Integer"] 41
   &NumOfAuxCBasisFuncts [&Type "Integer"] 0
   &NumOfAuxJBasisFuncts [&Type "Integer"] 0
   &NumOfAuxJKBasisFuncts [&Type "Integer"] 0
   &NumOfCABSBasisFuncts [&Type "Integer"] 0
$End
$SCF_Dipole_Moment
   &GeometryIndex 1
   &dipoleMagnitude [&Type "Double", &Units "a.u."]       7.3276909515934163e-01
   &dipoleElecContrib [&Type "ArrayOfDoubles", &Dim (3,1)] "Electronic contribution"
                                                         0

0                                      4.2839843308279552e-01
1                                      1.1391739879484812e+00
2                                     -4.7754945790474155e+00
   &dipoleNucContrib [&Type "ArrayOfDoubles", &Dim (3,1)] "Nuclear contribution"
                                                         0

0                                     -6.2680563084709862e-01
1                                     -1.2399641836623183e+00
2                                      5.4736539212780579e+00
   &dipoleTotal [&Type "ArrayOfDoubles", &Dim (3,1)] "Total"
                                                         0

0                                     -1.9840719776430310e-01
1                                     -1.0079019571383707e-01
2                                      6.9815934223064247e-01
   &doAtomicDipole [&Type "Boolean"] false
   &Method [&Type "String"] "SCF"
   &Level [&Type "String"] "Relaxed density"
   &Mult [&Type "Integer"] 2
   &State [&Type "Integer"] -1
   &Irrep [&Type "Integer"] 0
$End
$THERMOCHEMISTRY_Energies
   &GeometryIndex 1
   &temperature [&Type "Double"]       2.9814999999999998e+02
   &pressure [&Type "Double"]       1.0000000000000000e+00
   &totalMass [&Type "Double"]       8.7141999999999982e+01
   &spinDegeneracy [&Type "Integer"] 2
   &elEnergy [&Type "Double"]      -2.6879782988030360e+02
   &transEnergy [&Type "Double"]       1.4162714244859817e-03
   &rotEnergy [&Type "Double"]       1.4162714244859817e-03
   &vibEnergy [&Type "Double"]       7.2489309784788802e-03
   &numOfFreqs [&Type "Integer"] 51
   &freqScalingFactor [&Type "Double"]       1.0000000000000000e+00
   &FREQ [&Type "ArrayOfDoubles", &Units "cm^-1", &Dim (51,1)] 
                                                         0

0                                      0.0000000000000000e+00
1                                      0.0000000000000000e+00
2                                      0.0000000000000000e+00
3                                      0.0000000000000000e+00
4                                      0.0000000000000000e+00
5                                      0.0000000000000000e+00
6                                      1.1955435204816697e+01
7                                      4.0859973216911634e+01
8                                      8.4568143903561079e+01
9                                      1.0555682013371273e+02
10                                     1.2714968441458579e+02
11                                     1.5696337812639379e+02
12                                     2.0736001585511789e+02
13                                     2.3243101350022908e+02
14                                     2.5634963365057763e+02
15                                     3.2684474134173962e+02
16                                     3.9799453415873325e+02
17                                     6.4061420706373087e+02
18                                     8.3685839108678033e+02
19                                     9.6934511028747090e+02
20                                     9.7378615367560406e+02
21                                     1.0776381233699599e+03
22                                     1.1853664117661533e+03
23                                     1.2038886901303297e+03
24                                     1.2333725590857850e+03
25                                     1.2504989625201943e+03
26                                     1.2882191760166450e+03
27                                     1.3032803917768767e+03
28                                     1.4715498287125315e+03
29                                     1.4880839615751177e+03
30                                     1.4907604901553341e+03
31                                     1.5957455212438294e+03
32                                     1.6490791103601898e+03
33                                     1.6530724609042884e+03
34                                     1.7314629933954232e+03
35                                     1.7384697654468860e+03
36                                     1.7431617329137669e+03
37                                     1.7521495069593084e+03
38                                     1.7663423353046462e+03
39                                     1.9772768026518841e+03
40                                     3.5413348156104789e+03
41                                     3.5550343003110438e+03
42                                     3.5719296027192622e+03
43                                     3.6474285178619775e+03
44                                     3.6653003152029737e+03
45                                     3.6830936917703211e+03
46                                     3.6962101837225705e+03
47                                     3.6968460524957486e+03
48                                     3.6994949863013794e+03
49                                     3.7085462772683859e+03
50                                     3.9784058665690764e+03
   &zpe [&Type "Double"]       1.6952228216128509e-01
   &innerEnergyU [&Type "Double"]      -2.6861822612431484e+02
   &enthalpyH [&Type "Double"]      -2.6861728191527260e+02
   &qEl [&Type "Double"]       6.5445636319338377e-04
   &qRot [&Type "Double"]       1.3538666637484926e-02
   &qVib [&Type "Double"]       1.4057516758210511e-02
   &qTrans [&Type "Double"]       1.8676318964067788e-02
   &entropyS [&Type "Double"]       4.6926958722956616e-02
   &freeEnergyG [&Type "Double"]      -2.6866420887399556e+02
   &isLinear [&Type "Boolean"] false
$End
$Hessian
   &GeometryIndex 1
   &HESSIAN [&Type "ArrayOfDoubles", &Dim (51,51)] "The Hessian"
                                                         0                           1                           2                           3                           4                           5                           6                           7

0                                      7.9111224305537808e-01         6.2688555121368936e-02        -3.4095258611871432e-02        -1.7127189343185170e-01         6.6442860136807447e-02        -4.9241889927072763e-02         1.1903861594251733e-02        -1.2975297451215465e-02
1                                      6.2688555121368936e-02         7.2633074841806589e-01         3.8465713389604785e-02         5.7225170889772088e-02        -1.9838603922023215e-01         6.6163059109226957e-02         2.1415996673665977e-02        -2.3185832071908077e-02
2                                     -3.4095258611871432e-02         3.8465713389604785e-02         7.4916385351475889e-01        -4.3898826898068496e-02         6.7507903955879453e-02        -1.4421004778506000e-01        -1.2041570311945814e-02         1.7216180990789125e-02
3                                     -1.7127189343185170e-01         5.7225170889772088e-02        -4.3898826898068496e-02         8.9810393668689659e-01         1.8563474401553010e-01        -3.6171173682604490e-03        -2.7220520930982761e-01        -2.0306294769644379e-01
4                                      6.6442860136807447e-02        -1.9838603922023215e-01         6.7507903955879453e-02         1.8563474401553010e-01         8.1063937055027491e-01        -3.2067941186256277e-01        -2.0465395541168349e-01        -4.9318123500079036e-01
5                                     -4.9241889927072763e-02         6.6163059109226957e-02        -1.4421004778506000e-01        -3.6171173682604490e-03        -3.2067941186256277e-01         3.9109174521620976e-01         8.9542541396534031e-02         2.0595847173485651e-01
6                                      1.1903861594251733e-02         2.1415996673665977e-02        -1.2041570311945814e-02        -2.7220520930982761e-01        -2.0465395541168349e-01         8.9542541396534031e-02         8.9158394231154170e-01         1.8777562482295845e-01
7                                     -1.2975297451215465e-02        -2.3185832071908077e-02         1.7216180990789125e-02        -2.0306294769644379e-01        -4.9318123500079036e-01         2.0595847173485651e-01         1.8777562482295845e-01         8.1511178158737441e-01
8                                      7.8122882537354187e-03         2.2386375390700285e-02        -1.6846207697905451e-03         8.8695329099679615e-02         2.0565860422796470e-01        -1.8850441374775531e-01        -5.3277149819968839e-03        -3.2168007268642368e-01
9                                     -2.3970177514296546e-03        -4.0303049745790409e-03        -1.1159787582622387e-03         1.3386957250144634e-02        -1.1459973885338474e-02         7.0220565863410994e-03        -1.5973775174463753e-01         6.2162971416515000e-02
10                                    -4.1005301179261088e-03         5.2569123744995319e-03         7.7372826788718804e-03         1.9403373830052882e-02        -2.1202689150640934e-02         2.0729875000682407e-02         5.1341881455013068e-02        -2.0127163503720907e-01
11                                    -9.6600649568754065e-04         7.7955321809995938e-03         1.5123539758982268e-02        -1.0832512030493756e-02         1.6156473739685148e-02        -1.0975577157435849e-03        -3.8668637410675590e-02         6.7450907678016453e-02
12                                    -2.7884296305013363e-04        -5.9706412467048879e-04         3.4953390666388976e-04         1.7263114361700579e-03        -3.4811957188056767e-03         2.3694906444558629e-03        -2.3237673967461171e-02        -2.0623266809560378e-03
13                                     3.6225553641274400e-04         2.8642948639433837e-04        -1.3076589769687422e-04         9.0041897997203760e-04         1.9806666518035303e-03        -1.2914015258278892e-03         3.6433255161885968e-02         5.1595186449439751e-03
14                                    -2.9158141573731020e-04        -2.7903141133154435e-04         1.1084168123373672e-04        -2.0033282833177937e-04        -1.9731074325287199e-03         6.1267236800280139e-04        -2.4714988680653992e-02        -2.5463830472644750e-03
15                                    -4.3525709729218776e-01        -7.9960865022869948e-02        -8.2164792135724796e-03        -1.6336953780783287e-02        -3.7071252738306928e-03        -3.4450518743507630e-04         3.1255004806801986e-03        -3.0086911124520971e-03
16                                    -8.5866277851129380e-02        -8.7017128763322293e-02        -4.4872004683794899e-03         3.5118449782139197e-02         6.1491580350044629e-03         1.8756294296417833e-03         3.0519820932947347e-04         2.6124870424212008e-03
17                                    -4.8119645511349451e-03        -3.5954737993900950e-03        -7.1102591530251502e-02        -2.2792210504834504e-02        -3.9444683084601268e-03        -8.3477817006131008e-04         3.2781837109103573e-04        -2.1524416907004796e-03
18                                    -7.7133927423575999e-02        -4.2743992061256883e-02        -1.9488787298208590e-02         4.7382773725672591e-03         2.1873083979383846e-02         9.8648742085678393e-03        -1.6812834422703072e-03         1.8646616762012344e-04
19                                    -4.2895698823169730e-02        -3.5948667669108741e-01        -1.5148111557115329e-01        -4.0234555658034965e-03        -2.5479721793868967e-02        -8.2895086667473840e-03         2.3978928769532383e-03         1.1042186896528456e-03
20                                    -1.9856603098022934e-02        -1.5055389833429100e-01        -1.4165045305150425e-01         3.7300550434823240e-03         2.5729432547955622e-02         1.1484040114584508e-02        -2.7020769096061620e-03         8.6126135786224580e-04
21                                    -1.1241378470894066e-01        -1.2827070254100934e-02         1.1702337006621605e-01         1.0179253164819709e-02         3.2359317283905623e-03        -2.4229267244031426e-02        -1.9966895844596901e-03         8.6987633155328082e-04
22                                    -1.2768012219027274e-02        -6.7391004598481435e-02         2.8209309510951470e-02        -1.1364205475012847e-02        -6.0241470728506418e-03         3.2349005951196913e-02         3.3411482848641799e-03        -2.7703354591393991e-04
23                                     1.1746378789118012e-01         2.7241208850699746e-02        -3.9845587355639095e-01         5.2685996900915400e-03         4.4052115639983350e-03        -1.3432780670468930e-02        -1.0165421533562917e-03        -1.6894032286523478e-03
24                                    -8.5612399567378955e-03        -4.8687283989635975e-03         9.1898924944233337e-04        -4.5920284697530617e-01        -5.5350264129500691e-02        -2.7862091359277807e-02        -5.6653619112916730e-03        -4.3891792655464251e-04
25                                     2.9734391072161255e-02         5.1418700881911313e-03         3.8256332772671972e-03        -5.0672085864196914e-02        -7.4929309180959844e-02         2.2400012096536583e-03        -3.4980563039499715e-02         1.6116319251172576e-03
26                                    -1.9063021832790232e-02        -1.3717779103461798e-03         1.9958777844986970e-03        -3.0539649810402643e-02         1.5603294838089010e-03        -6.3530722667606482e-02         1.7758754111981842e-02         4.8505127771737997e-03
27                                     2.4909321089692012e-03         2.9617455179161822e-03         4.0918447578127651e-04        -6.2874042911294850e-03         7.2864473188286732e-04        -2.8590895023625704e-03        -4.5703857402934328e-01        -4.8093674846640684e-02
28                                    -1.3259818304925023e-04        -4.5824927925783993e-04        -6.4495318440464799e-03        -3.5174227426189170e-02        -1.3274816275365281e-04         7.3536805935154898e-04        -4.3721796515249552e-02        -7.2808824690207816e-02
29                                     2.1699821511240846e-03        -5.9828913065386128e-03        -7.8203996399441953e-03         1.7797491425287686e-02         6.1322964427536417e-03         9.3992826345714077e-03        -3.4831907818064251e-02         1.3670357500737058e-03
30                                     4.6751743177626489e-04         1.2406005926926924e-03         1.4708166861168871e-03        -1.8727822759144230e-03         1.2518246132148881e-03        -5.5813576895487023e-04         1.0369281160643838e-02         3.4160792485709943e-03
31                                    -8.0812235970672389e-05        -2.0357227515268631e-03        -2.2950673127549058e-03         3.4512719698993550e-03        -1.0473894126067395e-04         4.2093556163060996e-04        -1.2854873808936320e-02        -7.3060855445166197e-03
32                                    -1.8125827438198816e-04         4.9550544020762147e-04         8.7741418876348550e-04        -1.1962182370681721e-03        -1.7913872662092406e-03         3.7944388567100711e-04         6.1739663002075857e-03         4.5053241827744429e-03
33                                     7.5224725799667637e-04        -5.5278872505558666e-04        -1.4090109760504406e-03        -1.4914391560481074e-03         3.7194274288911838e-04        -6.7187797657841295e-04         4.7783756779961346e-03         1.9295392189741249e-02
34                                    -3.6266504875623155e-04         8.7200478603505736e-04         2.0005982826410912e-03         2.5305033867026776e-03         1.4405475921572995e-03        -7.8534572346883064e-04        -4.1014743098614793e-03        -2.8053392945856945e-02
35                                     9.1092606286042113e-04        -7.0642957401415019e-04        -2.3740790644355774e-03        -2.5551139524941698e-03         8.2121282558238412e-04        -1.3381514859351561e-03         4.0044875347408273e-03         2.6361211037931050e-02
36                                     2.8272210716061839e-04         1.3897939945428650e-04        -3.7345258720161874e-05         1.8246492419835090e-04        -1.2444899763617301e-03         7.3630338070875098e-04        -6.7360737392645580e-03        -3.1880549953334802e-03
37                                     3.0550218894985362e-04         1.5131473794157465e-04        -1.0063288656636613e-05        -9.9555704479432124e-05        -2.0142526415140114e-04         2.3688470790359179e-04        -3.7417590393417424e-03        -5.9601628141230448e-04
38                                    -1.3331204294768774e-04        -3.2133981360003405e-05         3.9181298229498283e-05         7.0159380225888295e-05         2.1693489531801093e-05         2.0636928061398526e-04         9.6567290903295296e-04         2.4115447675072694e-04
39                                     1.5806651201130954e-04         3.5624129637133869e-06         1.2108083619903398e-04         1.0150971215379097e-04         2.7279161920932795e-04        -4.6596412232110466e-05         3.3994702413363011e-03        -3.9357933494573062e-04
40                                    -5.4937525512360318e-05        -1.0759231603023767e-04        -1.2411456858814514e-04         3.3115495682545584e-04        -3.7802383139541856e-04         5.0504872439845628e-04         8.5214064872776957e-04         9.4538664287244483e-04
41                                     2.3290728673887491e-04         5.4634726722644321e-06         1.0526146376628551e-04         4.3936402537097683e-04        -1.5059382472669847e-04         5.1254186511413662e-05         8.6390098129869022e-04        -2.1530695691695688e-04
42                                     1.9818854459858679e-04        -9.5492427416666269e-05         3.8942543902171708e-06         2.6350765186161163e-04         8.8663487391716939e-05        -1.0593295811828587e-04         3.3950412169640658e-03        -5.1284051283454488e-04
43                                    -2.3067265499878773e-04         5.9981241679435329e-05         5.6422832201289146e-05        -2.1178360289904590e-04        -1.4572159149245291e-04        -1.2564012090638131e-04         1.9845675472270069e-04         1.4127348620407958e-04
44                                     4.0801177613859849e-05        -1.5600137273709923e-05        -1.2729754731239436e-04        -4.3798069068107584e-04         5.1918138168450135e-04        -2.9335296277747600e-04        -4.5060815250217508e-04        -5.7517101499550676e-04
45                                     7.9898083001567546e-05         4.6423197981642446e-05        -2.9807235882289580e-05         5.6150487834178038e-05         1.8892748782013561e-05        -1.3941352380869554e-05         2.5818958340357440e-04        -9.6130432203710798e-05
46                                     3.4491235163683386e-05         5.1356849545458843e-05         4.6396740210812493e-05        -3.2215638827991200e-05         4.9214883861460157e-05         1.2952306211913133e-05         5.4740047748738727e-05        -1.1050067337913102e-05
47                                     4.4046747826448612e-05         3.1137442270956928e-05         3.4362144707188527e-06         1.8914763221927582e-05         1.8979863704369007e-05        -2.8243167166735160e-06         1.5240457511849371e-04        -4.9933174163702826e-05
48                                    -1.3187316737056024e-04        -7.3271407650340103e-05         3.1991587754728228e-05        -6.9839465785404096e-05        -4.4520489886214860e-05         4.0718014701255755e-05        -5.1504453826179222e-04         1.3375899891605804e-04
49                                    -7.2009589360689098e-05        -8.2372290506250610e-05        -7.0312750079679087e-05         6.7534244883986957e-05        -9.3158502705217058e-05        -3.7325850741677462e-05        -6.9620997592231317e-05         4.8071665666541427e-06
50                                    -2.9639821414853811e-05        -6.4028778898522765e-05         5.9570399856987907e-06         2.4509718670887373e-05        -1.0948872560622921e-05         1.9821835960170606e-05        -4.7361033766809765e-05         9.7402855928210158e-05
                                                         8                           9                          10                          11                          12                          13                          14                          15

0                                      7.8122882537354187e-03        -2.3970177514296546e-03        -4.1005301179261088e-03        -9.6600649568754065e-04        -2.7884296305013363e-04         3.6225553641274400e-04        -2.9158141573731020e-04        -4.3525709729218776e-01
1                                      2.2386375390700285e-02        -4.0303049745790409e-03         5.2569123744995319e-03         7.7955321809995938e-03        -5.9706412467048879e-04         2.8642948639433837e-04        -2.7903141133154435e-04        -7.9960865022869948e-02
2                                     -1.6846207697905451e-03        -1.1159787582622387e-03         7.7372826788718804e-03         1.5123539758982268e-02         3.4953390666388976e-04        -1.3076589769687422e-04         1.1084168123373672e-04        -8.2164792135724796e-03
3                                      8.8695329099679615e-02         1.3386957250144634e-02         1.9403373830052882e-02        -1.0832512030493756e-02         1.7263114361700579e-03         9.0041897997203760e-04        -2.0033282833177937e-04        -1.6336953780783287e-02
4                                      2.0565860422796470e-01        -1.1459973885338474e-02        -2.1202689150640934e-02         1.6156473739685148e-02        -3.4811957188056767e-03         1.9806666518035303e-03        -1.9731074325287199e-03        -3.7071252738306928e-03
5                                     -1.8850441374775531e-01         7.0220565863410994e-03         2.0729875000682407e-02        -1.0975577157435849e-03         2.3694906444558629e-03        -1.2914015258278892e-03         6.1267236800280139e-04        -3.4450518743507630e-04
6                                     -5.3277149819968839e-03        -1.5973775174463753e-01         5.1341881455013068e-02        -3.8668637410675590e-02        -2.3237673967461171e-02         3.6433255161885968e-02        -2.4714988680653992e-02         3.1255004806801986e-03
7                                     -3.2168007268642368e-01         6.2162971416515000e-02        -2.0127163503720907e-01         6.7450907678016453e-02        -2.0623266809560378e-03         5.1595186449439751e-03        -2.5463830472644750e-03        -3.0086911124520971e-03
8                                      3.9244995966964796e-01        -4.4092892801273910e-02         6.5192571999217519e-02        -1.4583951775989565e-01        -3.1364671722908764e-03         3.9313226035827663e-03        -1.1748753594291450e-03         2.2616735221530990e-03
9                                     -4.4092892801273910e-02         6.6683641588308662e-01         3.5864205906641772e-02        -4.5402632788840470e-02        -2.6419079630503917e-01        -2.9374445660769605e-02        -7.9727179993006655e-03        -4.0606748915328079e-04
10                                     6.5192571999217519e-02         3.5864205906641772e-02         7.3954803924587897e-01         4.2082042603915834e-02        -2.2897236308233281e-02        -1.1771259386234197e-01        -2.7489118224167004e-03        -5.5435747294349611e-04
11                                    -1.4583951775989565e-01        -4.5402632788840470e-02         4.2082042603915834e-02         7.7290507875947589e-01        -1.0780256173643917e-02        -4.2429603375217758e-03        -1.1598616893801170e-01         2.7853114167070104e-04
12                                    -3.1364671722908764e-03        -2.6419079630503917e-01        -2.2897236308233281e-02        -1.0780256173643917e-02         6.5967092546177519e-01        -2.2860431360543519e-02        -1.3242378379572831e-02        -7.2339509425557551e-05
13                                     3.9313226035827663e-03        -2.9374445660769605e-02        -1.1771259386234197e-01        -4.2429603375217758e-03        -2.2860431360543519e-02         8.2914295493314394e-01        -6.3030505769071645e-03        -5.8109182218350416e-05
14                                    -1.1748753594291450e-03        -7.9727179993006655e-03        -2.7489118224167004e-03        -1.1598616893801170e-01        -1.3242378379572831e-02        -6.3030505769071645e-03         8.2290820378906016e-01         2.2794204792775198e-05
15                                     2.2616735221530990e-03        -4.0606748915328079e-04        -5.5435747294349611e-04         2.7853114167070104e-04        -7.2339509425557551e-05        -5.8109182218350416e-05         2.2794204792775198e-05         4.5300880385650882e-01
16                                    -1.6422954309478007e-03        -3.4970946072504527e-04         1.7128544617173213e-04        -2.9632027862258657e-04         7.4005541826586887e-05        -1.5041313430855756e-04         1.0329009844325804e-04         8.6583986772991700e-02
17                                     9.3992555686581592e-04         1.7188469077446234e-04        -2.9402332571510997e-04        -9.5390281668691239e-06        -4.6157422086404116e-05         7.4910643728376159e-05        -6.6651762435197384e-05         8.5332041137498767e-03
18                                    -6.6168449514181443e-04         1.0002856144387287e-03        -5.7466513337820955e-04        -1.4049526169529723e-03         4.2811841165036300e-05         7.1379047963423918e-06         2.0753119040024727e-05         1.1626730371303556e-03
19                                    -6.5123226789166183e-04        -2.8897163667502505e-04         7.7128428585764366e-04         1.8214765416781158e-03        -4.6788894334502153e-05         7.5285834035450968e-05        -6.7076943344734148e-05         2.1155586683113264e-03
20                                    -1.3671179805539151e-03         1.1308857789609379e-03        -6.6274662961646452e-04        -2.3051512316899655e-03         7.2815433113451733e-05         5.8649322749453059e-05        -4.1719687104710976e-05         1.5994267040291485e-03
21                                    -4.0907932655840566e-04         6.7218474385571112e-04         1.2546561855090409e-03         1.6046688207022068e-03         5.7855809079100044e-05         2.4368411646590927e-05        -8.0536610557717533e-06        -7.0926724428459174e-03
22                                     5.0562048468088139e-04        -1.9357655673278939e-04        -2.0061518845633525e-03        -2.2874995469714036e-03        -8.9403646628508792e-05        -1.6989569214663911e-05        -1.9196762334906502e-05        -2.2052045152887111e-03
23                                     3.8955865122600262e-04        -3.0427563755466153e-04         3.9286913576692950e-04         7.5057086478785623e-04         2.5736212667573817e-05        -1.1065446472731193e-04         4.4670023903295051e-05        -3.7176240190686036e-03
24                                    -2.2042485320137029e-03         1.6721801625415745e-03         2.3566083482324104e-03         6.2595590504821506e-04        -3.1525540358749715e-04         1.9521594088290888e-03        -1.0998903406700313e-03         9.3602851445961151e-04
25                                    -3.3385030959121043e-04         1.1294670658099672e-03        -4.8796844455570049e-04        -5.8690136718196496e-03         1.9350004766907665e-04        -9.5338600958140779e-04         3.6552513527586907e-04         7.9972112495113037e-04
26                                     1.0005800947635219e-02         1.2534011968105114e-03        -5.7194332362352027e-03        -7.5086657931843024e-03        -1.2232489271523424e-04         6.5130707368018593e-04        -7.7031354098462776e-04        -5.5265727626777885e-04
27                                    -3.2436580425254755e-02        -8.6614317915530564e-03        -4.6182195978656110e-03         8.0985539034162876e-04         1.4789633238804778e-03         8.5232242489919176e-04        -4.1126184443984965e-04         6.0377341485271137e-04
28                                     2.0115901558008841e-03         2.8830092774162795e-02         4.4673468178612567e-03         3.9978049440551984e-03         1.0407330446622787e-03        -4.5390201415736360e-03         3.4712316608290772e-03         1.1576437517137793e-04
29                                    -6.3800430617659609e-02        -1.8349760847575853e-02        -1.0776218964274253e-03         1.5036012197326195e-03        -6.4019822953754199e-04         3.4777670239716091e-03        -7.9047523230813075e-04         2.9582132082416187e-05
30                                    -2.1394968583592341e-02        -1.2690194062371180e-01        -1.4912536081806246e-02         1.3523570777711771e-01        -1.8961352297939181e-02        -2.5497781607208064e-03         3.9046830522339530e-02         1.7637544936772737e-04
31                                     3.4104058327586367e-02        -1.5625478029310122e-02        -6.9820454364389023e-02         2.9016201983148079e-02        -2.9961280177977973e-03        -2.3687642959245581e-04         6.3457530485281676e-03        -1.2354697650972628e-04
32                                    -1.4584018701338569e-02         1.3955254207047768e-01         2.7633380112123369e-02        -3.7706740537637840e-01        -7.3252291740576458e-03        -1.4160415060081536e-03         1.0407419027575134e-02        -2.3644865146774281e-05
33                                     8.7334298975220576e-03        -7.5871152968345387e-02        -5.2791605331415935e-02        -2.6366424463070390e-02        -1.0165484963103009e-02        -3.8820163107936213e-02        -2.2017190051698013e-02         1.2850085058959890e-04
34                                    -9.4614037213949960e-03        -5.6942379839279356e-02        -3.4670599773125343e-01        -1.5562788318034501e-01         1.5411972152288532e-03         2.0498666319204717e-04        -2.8503124076278036e-04        -5.9208470205565286e-06
35                                     1.1693905576300883e-02        -2.8491260382273224e-02        -1.5330649692833415e-01        -1.5096672767018432e-01         1.1607011632236517e-03         6.9986618619162174e-04         5.1348916850711430e-04         1.5023153284963488e-04
36                                     5.1969998216029687e-04        -1.7208721122739343e-02         3.1617199993158485e-02        -2.1745894292430026e-02        -1.3276450644824553e-01         1.1825613751183287e-01        -8.0321959113517180e-02         5.7320477535165301e-05
37                                     1.8346339306241511e-04        -6.4251356994728982e-03         8.7332299771880166e-03        -6.3918520523089228e-03         1.2116327069856729e-01        -2.8561995038735055e-01         1.4545028568016793e-01         4.2800067975615978e-05
38                                     8.2835678490392434e-04         1.3884495660579487e-03        -1.1253710104651773e-04        -1.5120725308260651e-04        -8.2258446211517719e-02         1.4548025428179234e-01        -1.7331890483735624e-01        -1.2948372355990915e-05
39                                     1.1201141427101256e-03        -9.1835576887784008e-03        -3.9505381391695821e-02        -2.1860780051827716e-02        -8.0754610789200695e-02        -6.0814911886219583e-02        -3.2527562486726752e-02        -4.2755046238598243e-06
40                                     2.2624453808067421e-04         4.6120078505314938e-04         5.0318060535031739e-04        -3.2903345591274273e-05        -6.4527902400883630e-02        -3.5516562055233902e-01        -1.5290759324026429e-01        -1.3584985209065883e-05
41                                     1.1866389352961529e-04         1.0967267979922635e-03         7.8725438894540218e-04         5.7739861949111706e-04        -3.4194432111480391e-02        -1.5127286743672513e-01        -1.5501845800677916e-01        -3.9757962382123285e-06
42                                     4.5070921175446269e-04        -1.9131973662993108e-02        -1.9734510807354203e-03         3.9573846482217630e-02        -1.3241379141667359e-01        -4.4421827701621314e-03         1.4378007653438193e-01        -1.4677702287396906e-05
43                                    -5.1090443154188508e-04        -3.7607903867928742e-03        -1.9193091266643710e-04         6.5296865349901119e-03        -4.4980215936720504e-03        -7.2510238594586190e-02         1.1334177953335529e-02        -3.2850434947600464e-06
44                                     5.4186404171624718e-04        -5.5297190531601349e-03        -6.2465412419225423e-04         1.0750257790184705e-02         1.4814247363562522e-01         1.0787676803943826e-02        -3.8686385169841925e-01         1.7360623893626984e-05
45                                    -4.9335792778008674e-05        -1.2691112917036012e-04        -2.2714403167008179e-04        -4.2129256712139908e-04        -3.3568516807412282e-05        -7.3458114299860687e-05         1.2380009745949043e-04         1.0781078357930025e-05
46                                    -5.4179077700422496e-05        -1.0335952524826255e-05         1.0621137276101318e-04        -1.5095916813329764e-04        -3.3029491242123543e-05         8.7123948190662853e-05        -2.0114042902820862e-04         5.6127683003098739e-06
47                                    -2.4162799093810534e-05        -1.3013399095864950e-05        -1.5439055570794571e-04        -3.1537781002202031e-06         3.7698466211722945e-05         1.3950750823080865e-04        -9.7139527713650115e-06         9.5460976448254187e-06
48                                     1.3158927374813006e-04         2.4929862348372560e-04         3.3166727030535612e-04         3.3975577393201750e-04         2.1135470846296578e-04         1.9812282326922928e-04        -1.9437296222306420e-04        -2.5673438175166110e-05
49                                     1.3333576177610611e-04        -1.3023072254337957e-06        -1.5806873794850816e-04         3.4128776308886772e-05         8.4123769139538267e-05        -3.1877480815623027e-05         2.6155753862101600e-04        -8.8805192297023751e-06
50                                     1.1122613690752858e-05        -3.6262742036421384e-04         1.6067629868488781e-04        -6.7535246821678364e-04        -4.0452440914534073e-04        -5.3481791147401078e-04        -5.5616304268270127e-04        -2.6872878693007946e-05
                                                        16                          17                          18                          19                          20                          21                          22                          23

0                                     -8.5866277851129380e-02        -4.8119645511349451e-03        -7.7133927423575999e-02        -4.2895698823169730e-02        -1.9856603098022934e-02        -1.1241378470894066e-01        -1.2768012219027274e-02         1.1746378789118012e-01
1                                     -8.7017128763322293e-02        -3.5954737993900950e-03        -4.2743992061256883e-02        -3.5948667669108741e-01        -1.5055389833429100e-01        -1.2827070254100934e-02        -6.7391004598481435e-02         2.7241208850699746e-02
2                                     -4.4872004683794899e-03        -7.1102591530251502e-02        -1.9488787298208590e-02        -1.5148111557115329e-01        -1.4165045305150425e-01         1.1702337006621605e-01         2.8209309510951470e-02        -3.9845587355639095e-01
3                                      3.5118449782139197e-02        -2.2792210504834504e-02         4.7382773725672591e-03        -4.0234555658034965e-03         3.7300550434823240e-03         1.0179253164819709e-02        -1.1364205475012847e-02         5.2685996900915400e-03
4                                      6.1491580350044629e-03        -3.9444683084601268e-03         2.1873083979383846e-02        -2.5479721793868967e-02         2.5729432547955622e-02         3.2359317283905623e-03        -6.0241470728506418e-03         4.4052115639983350e-03
5                                      1.8756294296417833e-03        -8.3477817006131008e-04         9.8648742085678393e-03        -8.2895086667473840e-03         1.1484040114584508e-02        -2.4229267244031426e-02         3.2349005951196913e-02        -1.3432780670468930e-02
6                                      3.0519820932947347e-04         3.2781837109103573e-04        -1.6812834422703072e-03         2.3978928769532383e-03        -2.7020769096061620e-03        -1.9966895844596901e-03         3.3411482848641799e-03        -1.0165421533562917e-03
7                                      2.6124870424212008e-03        -2.1524416907004796e-03         1.8646616762012344e-04         1.1042186896528456e-03         8.6126135786224580e-04         8.6987633155328082e-04        -2.7703354591393991e-04        -1.6894032286523478e-03
8                                     -1.6422954309478007e-03         9.3992555686581592e-04        -6.6168449514181443e-04        -6.5123226789166183e-04        -1.3671179805539151e-03        -4.0907932655840566e-04         5.0562048468088139e-04         3.8955865122600262e-04
9                                     -3.4970946072504527e-04         1.7188469077446234e-04         1.0002856144387287e-03        -2.8897163667502505e-04         1.1308857789609379e-03         6.7218474385571112e-04        -1.9357655673278939e-04        -3.0427563755466153e-04
10                                     1.7128544617173213e-04        -2.9402332571510997e-04        -5.7466513337820955e-04         7.7128428585764366e-04        -6.6274662961646452e-04         1.2546561855090409e-03        -2.0061518845633525e-03         3.9286913576692950e-04
11                                    -2.9632027862258657e-04        -9.5390281668691239e-06        -1.4049526169529723e-03         1.8214765416781158e-03        -2.3051512316899655e-03         1.6046688207022068e-03        -2.2874995469714036e-03         7.5057086478785623e-04
12                                     7.4005541826586887e-05        -4.6157422086404116e-05         4.2811841165036300e-05        -4.6788894334502153e-05         7.2815433113451733e-05         5.7855809079100044e-05        -8.9403646628508792e-05         2.5736212667573817e-05
13                                    -1.5041313430855756e-04         7.4910643728376159e-05         7.1379047963423918e-06         7.5285834035450968e-05         5.8649322749453059e-05         2.4368411646590927e-05        -1.6989569214663911e-05        -1.1065446472731193e-04
14                                     1.0329009844325804e-04        -6.6651762435197384e-05         2.0753119040024727e-05        -6.7076943344734148e-05        -4.1719687104710976e-05        -8.0536610557717533e-06        -1.9196762334906502e-05         4.4670023903295051e-05
15                                     8.6583986772991700e-02         8.5332041137498767e-03         1.1626730371303556e-03         2.1155586683113264e-03         1.5994267040291485e-03        -7.0926724428459174e-03        -2.2052045152887111e-03        -3.7176240190686036e-03
16                                     8.6325124673993642e-02        -7.0704338469412516e-04        -3.6292038560890652e-02        -2.9825881051917242e-03         2.8039372241947160e-03        -7.7184645744214457e-04        -5.5314105406356444e-04        -1.3731576799835624e-03
17                                    -7.0704338469412516e-04         6.4320375114724784e-02        -2.0160307997619802e-02        -2.3790365323654718e-03         7.8142359408368747e-04         3.9387714144384058e-02         9.3596251549455944e-03         6.5974494655827833e-03
18                                    -3.6292038560890652e-02        -2.0160307997619802e-02         6.9470794553008627e-02         4.3262707698956758e-02         2.4370351281195461e-02         2.6011250679313213e-03         1.4534077909839413e-02         6.9253771462537018e-03
19                                    -2.9825881051917242e-03        -2.3790365323654718e-03         4.3262707698956758e-02         3.7746086797720041e-01         1.5789097743440217e-01        -7.4130187727628957e-05         7.0283093970265661e-03         4.4120225505997965e-03
20                                     2.8039372241947160e-03         7.8142359408368747e-04         2.4370351281195461e-02         1.5789097743440217e-01         1.4539386304897670e-01        -7.7417765339449426e-03        -3.6530741735314606e-02        -1.3398104539688958e-02
21                                    -7.7184645744214457e-04         3.9387714144384058e-02         2.6011250679313213e-03        -7.4130187727628957e-05        -7.7417765339449426e-03         1.0822465557699401e-01         8.8362956465168965e-03        -1.2518961470025633e-01
22                                    -5.5314105406356444e-04         9.3596251549455944e-03         1.4534077909839413e-02         7.0283093970265661e-03        -3.6530741735314606e-02         8.8362956465168965e-03         6.7723794289241038e-02        -3.2026294052546055e-02
23                                    -1.3731576799835624e-03         6.5974494655827833e-03         6.9253771462537018e-03         4.4120225505997965e-03        -1.3398104539688958e-02        -1.2518961470025633e-01        -3.2026294052546055e-02         4.1638489889126851e-01
24                                     9.6965599421716241e-04        -6.3769693317514533e-04         8.0687488215907253e-04        -7.7636603813847384e-04         6.1673916180508218e-04         7.4757803203084894e-04        -6.6314798784817305e-04         3.3911453914355072e-04
25                                    -4.2047879951417630e-03         3.4339686074164049e-03        -8.0366964551530388e-04         2.0328072366816953e-03        -5.3484456136160805e-04        -3.8484592154206399e-04         7.4858036978380979e-04        -8.9467519439080244e-04
26                                     3.4750153187814653e-03        -5.3975315338617791e-04         1.9756590067511242e-04        -1.8840916026152156e-04         1.2009274550081822e-04         6.2072354275859783e-04        -1.2851844150825042e-03         1.4667333421274895e-03
27                                     2.0024970961075167e-04        -7.5596969345526847e-07        -5.6892213705398527e-04         2.5228400287133790e-04        -6.8493396078137892e-04        -5.1145713146441845e-04         2.3674720106715806e-04         8.2827025676119811e-05
28                                    -3.0542824179372827e-04         1.7999005053198882e-04         2.6268119350196848e-04        -4.6164282538522150e-04         6.1863805561681966e-04        -2.9966021982642691e-04         7.5310406443160100e-04        -2.5225399167140154e-04
29                                     1.8824340577216505e-04        -1.3063032608812041e-04         3.6424272351762334e-04        -8.9244026430391403e-04         9.5395037527053000e-04        -6.4502904035143756e-04         1.3453943011725162e-03        -3.2676208290048441e-04
30                                     4.4318489086771738e-05        -5.3008930141323180e-05        -3.7317742599748499e-04         1.9780989578850345e-04        -4.8382958679528063e-04        -8.8201522191134725e-05        -9.3475040803779513e-05         1.5013276365063370e-04
31                                     2.2364442356386077e-06         4.1695857090114965e-05         3.9322859801014414e-04        -2.8752633062326517e-04         5.6094192672729844e-04        -1.2611175525724451e-04         3.2321481842104589e-04        -2.0040925082529177e-04
32                                     5.6882349106048610e-06        -1.9220044238621524e-05        -7.8494366958691865e-05         6.7270858854050729e-05        -1.0165599532205001e-04         1.0448484891906044e-04        -1.9063317760906808e-04         3.7624021973791267e-05
33                                     8.3834753999284582e-05         1.3209190743261763e-05        -5.3190397735963018e-05        -1.6125577845690041e-04         1.0436789720062462e-05        -3.6963210677582164e-04         3.8558254357320797e-04        -2.0898976735413675e-05
34                                    -2.8575558576718167e-05        -2.5543088029538759e-05        -1.5226225989654646e-04         2.4419637774233645e-04        -2.6721653908623163e-04         2.5393373137916971e-04        -3.3120102068627755e-04         5.5050616937481634e-05
35                                     6.1962263853035165e-05         3.9855413405177756e-05         4.4873609250770943e-05        -2.6523544803526465e-04         8.8768619606246005e-05        -4.7508413618439191e-04         5.5861808549292490e-04        -4.7719433778892900e-05
36                                    -3.1062045365820958e-05         2.6940701885264278e-05        -4.5274170560859694e-05         7.9835088185858244e-06        -5.6971631349552669e-05        -5.9533426885871122e-05         4.6632493124093951e-05         7.9465922430015969e-06
37                                    -4.7720154390495950e-05         3.3378084232197529e-05        -5.7709658143121029e-05         1.3725734693397287e-05        -5.5713777547522015e-05        -4.9635638046096990e-05         3.5279062127016421e-05         8.8347296314157144e-06
38                                     2.4253255908774653e-05        -1.2959118715213057e-05         5.1059479216612898e-06         2.1751951056259763e-06         7.0473090814464606e-06         3.3647891972368401e-05        -2.3543473785029602e-05         5.5259022412753288e-06
39                                    -3.6453012583228281e-05         7.9504751056524129e-06        -7.5081402234843098e-06         3.3799618890935400e-05        -2.9043946615056821e-05         1.0816550475249286e-05        -9.5479663896511319e-06        -4.1139217691209175e-06
40                                    -1.8462368121354052e-05         4.4522692755533295e-06         7.6461086483464269e-05        -1.8753555575768376e-05         8.5653328995309499e-05         2.1447012536146342e-05         3.1386526211620773e-06        -1.2368694070737096e-05
41                                    -5.9993267315261228e-05         3.9279432136472251e-05        -1.2730419162802200e-06         3.8236654421310197e-05         3.6233060388961725e-05         2.7736987460558193e-05        -3.2262359885252401e-05        -3.2574925705751477e-05
42                                    -4.3157265536132572e-05         3.5080211404370527e-05         2.0344292135620213e-05         7.2778260679297498e-06         3.1165860311527086e-05         1.6508241822145030e-05         2.0987787363967679e-05        -3.1877582939988198e-05
43                                     4.6723643499861232e-05        -2.0050179825037767e-05        -5.6003070035224038e-06        -7.7893831007102426e-06        -3.9615463728823739e-05         2.5657215561373847e-05        -1.3838525489520684e-05         3.9781166159725970e-05
44                                     3.2776994369183550e-05        -1.4627640705434271e-05        -2.7016995139361147e-05        -1.9375902968981999e-05        -3.0109685346070645e-05        -9.5900225644319093e-05         8.6353233641387302e-05         2.9857088251017058e-05
45                                     7.8646884269054388e-07         1.9338255204033250e-05        -3.6769426294846536e-05        -1.5143294569876101e-05        -1.2452264218408148e-05        -3.2506552838230832e-05         1.3614804651983948e-05         1.4571025163822855e-05
46                                    -1.6197830759855244e-06        -1.3965858508905262e-05        -2.0373858151455105e-05        -1.0438630478984976e-06        -4.9861762475855189e-05        -1.4015184893266259e-05         5.0899019775522977e-06         2.3086837117607291e-06
47                                     3.7743850035247290e-06         4.6814352851858032e-06        -2.2063170141320204e-05        -8.9990602543882706e-06        -2.0600895118478863e-05        -1.9885033511812767e-05         9.2176024921158256e-06         1.0275517464035724e-05
48                                    -3.8138950055933182e-06        -2.4680309744621185e-05         5.6865903176926306e-05         2.1994820952315683e-05         2.3726052803352791e-05         5.4500289393643079e-05        -2.3714935614798693e-05        -2.2587601763158420e-05
49                                     2.8498726596554473e-06         1.4261694620154830e-05         3.8968246908335584e-05        -4.9529850092928972e-06         7.4299456295278256e-05         2.0351028088373582e-05        -7.0032843663958623e-06        -4.1460227121067287e-06
50                                    -1.8796295087176442e-05         7.7607619645608578e-06         3.3521871569005992e-05         2.1118730888747619e-05         4.9494198835540234e-05         4.0785306499453418e-05        -2.1713518970561756e-05        -2.3348559892056187e-05
                                                        24                          25                          26                          27                          28                          29                          30                          31

0                                     -8.5612399567378955e-03         2.9734391072161255e-02        -1.9063021832790232e-02         2.4909321089692012e-03        -1.3259818304925023e-04         2.1699821511240846e-03         4.6751743177626489e-04        -8.0812235970672389e-05
1                                     -4.8687283989635975e-03         5.1418700881911313e-03        -1.3717779103461798e-03         2.9617455179161822e-03        -4.5824927925783993e-04        -5.9828913065386128e-03         1.2406005926926924e-03        -2.0357227515268631e-03
2                                      9.1898924944233337e-04         3.8256332772671972e-03         1.9958777844986970e-03         4.0918447578127651e-04        -6.4495318440464799e-03        -7.8203996399441953e-03         1.4708166861168871e-03        -2.2950673127549058e-03
3                                     -4.5920284697530617e-01        -5.0672085864196914e-02        -3.0539649810402643e-02        -6.2874042911294850e-03        -3.5174227426189170e-02         1.7797491425287686e-02        -1.8727822759144230e-03         3.4512719698993550e-03
4                                     -5.5350264129500691e-02        -7.4929309180959844e-02         1.5603294838089010e-03         7.2864473188286732e-04        -1.3274816275365281e-04         6.1322964427536417e-03         1.2518246132148881e-03        -1.0473894126067395e-04
5                                     -2.7862091359277807e-02         2.2400012096536583e-03        -6.3530722667606482e-02        -2.8590895023625704e-03         7.3536805935154898e-04         9.3992826345714077e-03        -5.5813576895487023e-04         4.2093556163060996e-04
6                                     -5.6653619112916730e-03        -3.4980563039499715e-02         1.7758754111981842e-02        -4.5703857402934328e-01        -4.3721796515249552e-02        -3.4831907818064251e-02         1.0369281160643838e-02        -1.2854873808936320e-02
7                                     -4.3891792655464251e-04         1.6116319251172576e-03         4.8505127771737997e-03        -4.8093674846640684e-02        -7.2808824690207816e-02         1.3670357500737058e-03         3.4160792485709943e-03        -7.3060855445166197e-03
8                                     -2.2042485320137029e-03        -3.3385030959121043e-04         1.0005800947635219e-02        -3.2436580425254755e-02         2.0115901558008841e-03        -6.3800430617659609e-02        -2.1394968583592341e-02         3.4104058327586367e-02
9                                      1.6721801625415745e-03         1.1294670658099672e-03         1.2534011968105114e-03        -8.6614317915530564e-03         2.8830092774162795e-02        -1.8349760847575853e-02        -1.2690194062371180e-01        -1.5625478029310122e-02
10                                     2.3566083482324104e-03        -4.8796844455570049e-04        -5.7194332362352027e-03        -4.6182195978656110e-03         4.4673468178612567e-03        -1.0776218964274253e-03        -1.4912536081806246e-02        -6.9820454364389023e-02
11                                     6.2595590504821506e-04        -5.8690136718196496e-03        -7.5086657931843024e-03         8.0985539034162876e-04         3.9978049440551984e-03         1.5036012197326195e-03         1.3523570777711771e-01         2.9016201983148079e-02
12                                    -3.1525540358749715e-04         1.9350004766907665e-04        -1.2232489271523424e-04         1.4789633238804778e-03         1.0407330446622787e-03        -6.4019822953754199e-04        -1.8961352297939181e-02        -2.9961280177977973e-03
13                                     1.9521594088290888e-03        -9.5338600958140779e-04         6.5130707368018593e-04         8.5232242489919176e-04        -4.5390201415736360e-03         3.4777670239716091e-03        -2.5497781607208064e-03        -2.3687642959245581e-04
14                                    -1.0998903406700313e-03         3.6552513527586907e-04        -7.7031354098462776e-04        -4.1126184443984965e-04         3.4712316608290772e-03        -7.9047523230813075e-04         3.9046830522339530e-02         6.3457530485281676e-03
15                                     9.3602851445961151e-04         7.9972112495113037e-04        -5.5265727626777885e-04         6.0377341485271137e-04         1.1576437517137793e-04         2.9582132082416187e-05         1.7637544936772737e-04        -1.2354697650972628e-04
16                                     9.6965599421716241e-04        -4.2047879951417630e-03         3.4750153187814653e-03         2.0024970961075167e-04        -3.0542824179372827e-04         1.8824340577216505e-04         4.4318489086771738e-05         2.2364442356386077e-06
17                                    -6.3769693317514533e-04         3.4339686074164049e-03        -5.3975315338617791e-04        -7.5596969345526847e-07         1.7999005053198882e-04        -1.3063032608812041e-04        -5.3008930141323180e-05         4.1695857090114965e-05
18                                     8.0687488215907253e-04        -8.0366964551530388e-04         1.9756590067511242e-04        -5.6892213705398527e-04         2.6268119350196848e-04         3.6424272351762334e-04        -3.7317742599748499e-04         3.9322859801014414e-04
19                                    -7.7636603813847384e-04         2.0328072366816953e-03        -1.8840916026152156e-04         2.5228400287133790e-04        -4.6164282538522150e-04        -8.9244026430391403e-04         1.9780989578850345e-04        -2.8752633062326517e-04
20                                     6.1673916180508218e-04        -5.3484456136160805e-04         1.2009274550081822e-04        -6.8493396078137892e-04         6.1863805561681966e-04         9.5395037527053000e-04        -4.8382958679528063e-04         5.6094192672729844e-04
21                                     7.4757803203084894e-04        -3.8484592154206399e-04         6.2072354275859783e-04        -5.1145713146441845e-04        -2.9966021982642691e-04        -6.4502904035143756e-04        -8.8201522191134725e-05        -1.2611175525724451e-04
22                                    -6.6314798784817305e-04         7.4858036978380979e-04        -1.2851844150825042e-03         2.3674720106715806e-04         7.5310406443160100e-04         1.3453943011725162e-03        -9.3475040803779513e-05         3.2321481842104589e-04
23                                     3.3911453914355072e-04        -8.9467519439080244e-04         1.4667333421274895e-03         8.2827025676119811e-05        -2.5225399167140154e-04        -3.2676208290048441e-04         1.5013276365063370e-04        -2.0040925082529177e-04
24                                     4.7218951927207953e-01         5.5094441642726054e-02         3.3317719593338714e-02        -5.9255499796126963e-04        -9.9252167299295011e-04        -1.8810907280756011e-03        -7.5467673505124309e-04         1.1925917279508738e-04
25                                     5.5094441642726054e-02         7.1788028593800193e-02        -1.2327131219422777e-02        -1.0438437625673608e-03         7.1337097203105901e-05         8.9580843523771811e-03        -2.8793920371836962e-04         8.9738486853729535e-04
26                                     3.3317719593338714e-02        -1.2327131219422777e-02         4.8560461236522245e-02        -1.8857748155924816e-03         8.9651987680720354e-03         1.0435227414236805e-02        -5.9872797363464954e-04         1.2519204797382245e-03
27                                    -5.9255499796126963e-04        -1.0438437625673608e-03        -1.8857748155924816e-03         4.6751511219850078e-01         5.0053457628093954e-02         3.6022491319913169e-02         8.0161893751396580e-04        -7.1903566728054682e-04
28                                    -9.9252167299295011e-04         7.1337097203105901e-05         8.9651987680720354e-03         5.0053457628093954e-02         7.0113131036525944e-02        -1.1942977785544404e-02        -2.3449474818697680e-04         8.4229094107697447e-04
29                                    -1.8810907280756011e-03         8.9580843523771811e-03         1.0435227414236805e-02         3.6022491319913169e-02        -1.1942977785544404e-02         4.8719038583191737e-02         3.5343669797063576e-04        -1.3923242492357840e-03
30                                    -7.5467673505124309e-04        -2.8793920371836962e-04        -5.9872797363464954e-04         8.0161893751396580e-04        -2.3449474818697680e-04         3.5343669797063576e-04         1.3456030439811192e-01         1.2423705776496877e-02
31                                     1.1925917279508738e-04         8.9738486853729535e-04         1.2519204797382245e-03        -7.1903566728054682e-04         8.4229094107697447e-04        -1.3923242492357840e-03         1.2423705776496877e-02         7.0233560892969157e-02
32                                     1.8166687441758048e-05        -2.9872974618378541e-04        -3.3252769335204591e-04         3.3915133393095688e-04        -7.5301030076496190e-04         1.4604601647893057e-03        -1.4135323820653467e-01        -3.1933079944929527e-02
33                                    -7.8211040871217069e-04         2.1334168846497728e-04         2.8747514714236517e-04         7.4751552995692364e-04        -5.5421327394993675e-04         1.1593828662367166e-04         3.8800632415784062e-03         1.6277881950869773e-02
34                                     2.2610876389675752e-04        -4.1778086771633501e-04        -1.0169799515936905e-03        -7.4121406619474632e-04         2.0201224445411639e-03        -4.9706668343229773e-05         4.6010247327297506e-04         6.4352190701541540e-03
35                                    -6.6003606406533867e-04         5.2474384197476491e-04         1.0314407531359800e-03         6.2172813659385796e-04        -5.5992960506521421e-04         1.5787094034219371e-04        -8.1551206264465579e-03        -3.5423420079961937e-02
36                                    -1.0679676330650756e-05        -4.7234590670209388e-05         6.6254826661158654e-05        -2.5252920571300613e-04         1.3958303015228987e-03        -8.6861974955442759e-04         2.8097259858055786e-03         5.3369473910190211e-04
37                                     1.0464174166934133e-04         3.3753916620828353e-05        -1.6621958211228286e-04        -2.2214003323358083e-04         8.3512873150203850e-04        -3.9675990757560110e-04        -6.0886807841067925e-05         2.6841090645264099e-04
38                                    -2.6416785842170009e-05        -1.9616975430713070e-04        -1.4809842522855142e-04         5.8006022866187446e-05        -1.3285988231086270e-04         2.6789857191899006e-04         3.4414648933949691e-04        -4.9350141698763618e-04
39                                    -2.5004406167184563e-04         3.5937367654547889e-04        -6.6293594995846955e-04         1.0976272895452425e-04        -1.5553184414320443e-04         3.4412273588099067e-04         2.6630356732477551e-03         5.4144680484509498e-04
40                                     1.0308056633335227e-03        -2.7861677163558819e-04         1.1983999761650682e-03         6.4192980418693521e-05        -2.8301728214581143e-04         2.0020090446171108e-04         7.0186990300109570e-04         2.1029511241199182e-04
41                                    -7.6158368121375785e-04         4.7035857601475644e-04        -8.9226295934015007e-04        -5.1258153864947899e-06        -7.4753128933478471e-05         7.4484457951841528e-05        -1.3188558495010353e-05         5.4172770294676133e-04
42                                    -3.0948302384759419e-04         7.2413117560699871e-04        -1.0035486483603773e-04         1.6027727357855468e-04        -4.1333388715937130e-04         1.0005049511227525e-05        -6.2108788623719928e-03        -8.4184706188531681e-04
43                                     1.1750459747100384e-03        -1.0725434038648279e-03         7.2274335425942521e-05         4.7668727238998410e-05        -8.2596277449056331e-05         4.0601701795343870e-05        -1.2593195996589948e-03         5.1596386467186995e-04
44                                    -7.1800415967832910e-04         5.9606929997919726e-04         1.3697941342547481e-04        -3.4347775046458112e-05         2.7084336678153510e-04        -1.7439103701103224e-04        -3.3464708355421769e-03        -2.6884183653812645e-04
45                                    -1.1122238144625047e-04        -2.5009650356395139e-06        -1.1078232062052440e-05        -2.4698532000475872e-05        -1.6587474186031080e-05         6.2658182205174392e-05        -3.3933593979636515e-05         2.0970354400238952e-04
46                                    -3.8150370422165196e-05        -2.8114026462789298e-05        -3.2895125757944764e-05        -2.1920092017983219e-05         5.4620146139048768e-06        -3.0689903910105379e-05         7.5411805904772387e-05        -2.1796539351136849e-04
47                                    -7.4125832324915125e-05        -1.7328659848539301e-05        -9.3193023005339265e-06        -2.5085114721186755e-05         4.7945182659017878e-06         1.3246386563000158e-05         2.1820527407539602e-05         1.0593472182901390e-04
48                                     2.0329466867367646e-04         1.6520315801495913e-06         2.7103862839788714e-05         2.9616600011864950e-05         2.1998993012152488e-05        -8.1333771780000208e-05        -5.3097894088853981e-04        -5.8063006268405993e-04
49                                     7.2033281241705915e-05         4.7112603982912707e-05         7.1549895042037165e-05         3.7142076606819295e-05        -3.6396247189243523e-05         5.0745355514646764e-05        -4.1502209568215244e-04         2.8079283648949511e-04
50                                     9.6026746168643290e-05         6.8881309890913786e-05        -2.0950101699853015e-05         2.7700998997861291e-05        -8.5100296981630106e-05         5.8028187343147405e-05        -6.7337238323335151e-04        -3.7988485256095330e-04
                                                        32                          33                          34                          35                          36                          37                          38                          39

0                                     -1.8125827438198816e-04         7.5224725799667637e-04        -3.6266504875623155e-04         9.1092606286042113e-04         2.8272210716061839e-04         3.0550218894985362e-04        -1.3331204294768774e-04         1.5806651201130954e-04
1                                      4.9550544020762147e-04        -5.5278872505558666e-04         8.7200478603505736e-04        -7.0642957401415019e-04         1.3897939945428650e-04         1.5131473794157465e-04        -3.2133981360003405e-05         3.5624129637133869e-06
2                                      8.7741418876348550e-04        -1.4090109760504406e-03         2.0005982826410912e-03        -2.3740790644355774e-03        -3.7345258720161874e-05        -1.0063288656636613e-05         3.9181298229498283e-05         1.2108083619903398e-04
3                                     -1.1962182370681721e-03        -1.4914391560481074e-03         2.5305033867026776e-03        -2.5551139524941698e-03         1.8246492419835090e-04        -9.9555704479432124e-05         7.0159380225888295e-05         1.0150971215379097e-04
4                                     -1.7913872662092406e-03         3.7194274288911838e-04         1.4405475921572995e-03         8.2121282558238412e-04        -1.2444899763617301e-03        -2.0142526415140114e-04         2.1693489531801093e-05         2.7279161920932795e-04
5                                      3.7944388567100711e-04        -6.7187797657841295e-04        -7.8534572346883064e-04        -1.3381514859351561e-03         7.3630338070875098e-04         2.3688470790359179e-04         2.0636928061398526e-04        -4.6596412232110466e-05
6                                      6.1739663002075857e-03         4.7783756779961346e-03        -4.1014743098614793e-03         4.0044875347408273e-03        -6.7360737392645580e-03        -3.7417590393417424e-03         9.6567290903295296e-04         3.3994702413363011e-03
7                                      4.5053241827744429e-03         1.9295392189741249e-02        -2.8053392945856945e-02         2.6361211037931050e-02        -3.1880549953334802e-03        -5.9601628141230448e-04         2.4115447675072694e-04        -3.9357933494573062e-04
8                                     -1.4584018701338569e-02         8.7334298975220576e-03        -9.4614037213949960e-03         1.1693905576300883e-02         5.1969998216029687e-04         1.8346339306241511e-04         8.2835678490392434e-04         1.1201141427101256e-03
9                                      1.3955254207047768e-01        -7.5871152968345387e-02        -5.6942379839279356e-02        -2.8491260382273224e-02        -1.7208721122739343e-02        -6.4251356994728982e-03         1.3884495660579487e-03        -9.1835576887784008e-03
10                                     2.7633380112123369e-02        -5.2791605331415935e-02        -3.4670599773125343e-01        -1.5330649692833415e-01         3.1617199993158485e-02         8.7332299771880166e-03        -1.1253710104651773e-04        -3.9505381391695821e-02
11                                    -3.7706740537637840e-01        -2.6366424463070390e-02        -1.5562788318034501e-01        -1.5096672767018432e-01        -2.1745894292430026e-02        -6.3918520523089228e-03        -1.5120725308260651e-04        -2.1860780051827716e-02
12                                    -7.3252291740576458e-03        -1.0165484963103009e-02         1.5411972152288532e-03         1.1607011632236517e-03        -1.3276450644824553e-01         1.2116327069856729e-01        -8.2258446211517719e-02        -8.0754610789200695e-02
13                                    -1.4160415060081536e-03        -3.8820163107936213e-02         2.0498666319204717e-04         6.9986618619162174e-04         1.1825613751183287e-01        -2.8561995038735055e-01         1.4548025428179234e-01        -6.0814911886219583e-02
14                                     1.0407419027575134e-02        -2.2017190051698013e-02        -2.8503124076278036e-04         5.1348916850711430e-04        -8.0321959113517180e-02         1.4545028568016793e-01        -1.7331890483735624e-01        -3.2527562486726752e-02
15                                    -2.3644865146774281e-05         1.2850085058959890e-04        -5.9208470205565286e-06         1.5023153284963488e-04         5.7320477535165301e-05         4.2800067975615978e-05        -1.2948372355990915e-05        -4.2755046238598243e-06
16                                     5.6882349106048610e-06         8.3834753999284582e-05        -2.8575558576718167e-05         6.1962263853035165e-05        -3.1062045365820958e-05        -4.7720154390495950e-05         2.4253255908774653e-05        -3.6453012583228281e-05
17                                    -1.9220044238621524e-05         1.3209190743261763e-05        -2.5543088029538759e-05         3.9855413405177756e-05         2.6940701885264278e-05         3.3378084232197529e-05        -1.2959118715213057e-05         7.9504751056524129e-06
18                                    -7.8494366958691865e-05        -5.3190397735963018e-05        -1.5226225989654646e-04         4.4873609250770943e-05        -4.5274170560859694e-05        -5.7709658143121029e-05         5.1059479216612898e-06        -7.5081402234843098e-06
19                                     6.7270858854050729e-05        -1.6125577845690041e-04         2.4419637774233645e-04        -2.6523544803526465e-04         7.9835088185858244e-06         1.3725734693397287e-05         2.1751951056259763e-06         3.3799618890935400e-05
20                                    -1.0165599532205001e-04         1.0436789720062462e-05        -2.6721653908623163e-04         8.8768619606246005e-05        -5.6971631349552669e-05        -5.5713777547522015e-05         7.0473090814464606e-06        -2.9043946615056821e-05
21                                     1.0448484891906044e-04        -3.6963210677582164e-04         2.5393373137916971e-04        -4.7508413618439191e-04        -5.9533426885871122e-05        -4.9635638046096990e-05         3.3647891972368401e-05         1.0816550475249286e-05
22                                    -1.9063317760906808e-04         3.8558254357320797e-04        -3.3120102068627755e-04         5.5861808549292490e-04         4.6632493124093951e-05         3.5279062127016421e-05        -2.3543473785029602e-05        -9.5479663896511319e-06
23                                     3.7624021973791267e-05        -2.0898976735413675e-05         5.5050616937481634e-05        -4.7719433778892900e-05         7.9465922430015969e-06         8.8347296314157144e-06         5.5259022412753288e-06        -4.1139217691209175e-06
24                                     1.8166687441758048e-05        -7.8211040871217069e-04         2.2610876389675752e-04        -6.6003606406533867e-04        -1.0679676330650756e-05         1.0464174166934133e-04        -2.6416785842170009e-05        -2.5004406167184563e-04
25                                    -2.9872974618378541e-04         2.1334168846497728e-04        -4.1778086771633501e-04         5.2474384197476491e-04        -4.7234590670209388e-05         3.3753916620828353e-05        -1.9616975430713070e-04         3.5937367654547889e-04
26                                    -3.3252769335204591e-04         2.8747514714236517e-04        -1.0169799515936905e-03         1.0314407531359800e-03         6.6254826661158654e-05        -1.6621958211228286e-04        -1.4809842522855142e-04        -6.6293594995846955e-04
27                                     3.3915133393095688e-04         7.4751552995692364e-04        -7.4121406619474632e-04         6.2172813659385796e-04        -2.5252920571300613e-04        -2.2214003323358083e-04         5.8006022866187446e-05         1.0976272895452425e-04
28                                    -7.5301030076496190e-04        -5.5421327394993675e-04         2.0201224445411639e-03        -5.5992960506521421e-04         1.3958303015228987e-03         8.3512873150203850e-04        -1.3285988231086270e-04        -1.5553184414320443e-04
29                                     1.4604601647893057e-03         1.1593828662367166e-04        -4.9706668343229773e-05         1.5787094034219371e-04        -8.6861974955442759e-04        -3.9675990757560110e-04         2.6789857191899006e-04         3.4412273588099067e-04
30                                    -1.4135323820653467e-01         3.8800632415784062e-03         4.6010247327297506e-04        -8.1551206264465579e-03         2.8097259858055786e-03        -6.0886807841067925e-05         3.4414648933949691e-04         2.6630356732477551e-03
31                                    -3.1933079944929527e-02         1.6277881950869773e-02         6.4352190701541540e-03        -3.5423420079961937e-02         5.3369473910190211e-04         2.6841090645264099e-04        -4.9350141698763618e-04         5.4144680484509498e-04
32                                     3.9359293010256968e-01         8.2474867116948715e-03         4.5742108116391469e-03        -1.5197241557945320e-02         5.7882780649372821e-05        -5.0295198110669390e-04         7.1094463587706436e-04        -2.4920443399818141e-04
33                                     8.2474867116948715e-03         8.0955436838944919e-02         5.4728858826467552e-02         3.2156579333422822e-02         2.4928929005872688e-03        -5.8714717707749535e-05         4.8177769235998452e-04        -7.6432316072540946e-03
34                                     4.5742108116391469e-03         5.4728858826467552e-02         3.6228904286400815e-01         1.6034614007879053e-01         4.5984433049825295e-04         1.0268877345874800e-03         6.7700694238791853e-05         1.3251851793811907e-03
35                                    -1.5197241557945320e-02         3.2156579333422822e-02         1.6034614007879053e-01         1.5488306151274311e-01         2.8732651360371649e-04        -5.6829006332045993e-05        -5.3138574964358126e-05         6.5036595343653954e-04
36                                     5.7882780649372821e-05         2.4928929005872688e-03         4.5984433049825295e-04         2.8732651360371649e-04         1.3720228319852965e-01        -1.2495641602955393e-01         8.6275518812448618e-02         4.4925539913918747e-03
37                                    -5.0295198110669390e-04        -5.8714717707749535e-05         1.0268877345874800e-03        -5.6829006332045993e-05        -1.2495641602955393e-01         2.9253959699462728e-01        -1.5634713890261526e-01         1.4769830640199792e-02
38                                     7.1094463587706436e-04         4.8177769235998452e-04         6.7700694238791853e-05        -5.3138574964358126e-05         8.6275518812448618e-02        -1.5634713890261526e-01         1.7168978126003157e-01         1.0922625661250237e-02
39                                    -2.4920443399818141e-04        -7.6432316072540946e-03         1.3251851793811907e-03         6.5036595343653954e-04         4.4925539913918747e-03         1.4769830640199792e-02         1.0922625661250237e-02         8.2030567001125876e-02
40                                     4.4406746368086045e-04         1.2343466274730040e-03         7.0748251658983899e-04         2.8252495162199662e-04        -7.3379704220793394e-03        -1.9502843587841524e-02        -1.7405848452219770e-02         6.6502884365800763e-02
41                                     5.4227363298149471e-04         6.1275093937503806e-04         3.8806110109748190e-05         7.7244457534007306e-04         6.0935468314924895e-03         2.1891618669219307e-02         1.3673572237064134e-02         3.4803346772450026e-02
42                                    -3.1912995549077464e-03         2.7842182919259519e-03         8.0454830661106508e-04         2.0186743434509125e-04         9.5338509703380547e-03        -9.6613707626971336e-04        -1.8407684428901550e-02         4.6944989220955614e-03
43                                    -5.2431343046366644e-04         4.1314461633218391e-04         3.3467782562252013e-04         6.7028553299603908e-04        -1.5848284639229646e-02         2.4660259692813845e-03         2.9342151493809268e-02         1.7303599961041208e-02
44                                    -3.9623396903371933e-04        -3.1126046460743266e-04         4.5388474356739851e-04         7.4247798531499286e-04         8.6481285484252407e-03        -3.5842489600299982e-03        -1.3478785579570369e-02         6.7641594619432636e-03
45                                     3.8603767340351794e-04         8.5551944204042922e-05         7.4566099328925812e-05        -1.1010525950874261e-04        -9.7658667344840662e-05        -4.7941621391214221e-05        -1.1404375969185010e-04        -1.4682960319038763e-04
46                                     1.5314157555640254e-04         1.0026686926466462e-05         1.4466683206149729e-05         2.7244921012365114e-05        -6.6731745215915989e-05        -3.3052775575850282e-05         1.1909712126998079e-04         3.7301265551193720e-05
47                                     4.2067079218695638e-05         4.9317343337776072e-05         7.0248408518580260e-05        -7.2498404607607234e-05        -7.1801319532834029e-05         9.4186788650333850e-05        -3.0364184929245266e-05        -7.2923769890189056e-05
48                                    -1.2739613042432023e-03        -2.2856092580538138e-04        -1.1417730913892152e-04         2.5635782374344468e-04         1.2116190153808838e-04         2.9476536393484949e-04         4.1141788162285661e-04         3.2977606215052403e-04
49                                    -4.7108199190186721e-04        -6.0366324834078707e-05        -5.2686433746456236e-05        -3.1851282880807866e-05         2.6916349048255100e-04        -1.0234531429949452e-04        -5.4919521935144590e-04        -2.3023406260927758e-04
50                                    -3.5227340181094580e-04         8.9536899699824168e-05        -9.1147434241503622e-05         1.2624164715550846e-04         3.7936574098503244e-04        -3.9242641900582090e-04        -2.3521930611532585e-04         7.1896038647824572e-04
                                                        40                          41                          42                          43                          44                          45                          46                          47

0                                     -5.4937525512360318e-05         2.3290728673887491e-04         1.9818854459858679e-04        -2.3067265499878773e-04         4.0801177613859849e-05         7.9898083001567546e-05         3.4491235163683386e-05         4.4046747826448612e-05
1                                     -1.0759231603023767e-04         5.4634726722644321e-06        -9.5492427416666269e-05         5.9981241679435329e-05        -1.5600137273709923e-05         4.6423197981642446e-05         5.1356849545458843e-05         3.1137442270956928e-05
2                                     -1.2411456858814514e-04         1.0526146376628551e-04         3.8942543902171708e-06         5.6422832201289146e-05        -1.2729754731239436e-04        -2.9807235882289580e-05         4.6396740210812493e-05         3.4362144707188527e-06
3                                      3.3115495682545584e-04         4.3936402537097683e-04         2.6350765186161163e-04        -2.1178360289904590e-04        -4.3798069068107584e-04         5.6150487834178038e-05        -3.2215638827991200e-05         1.8914763221927582e-05
4                                     -3.7802383139541856e-04        -1.5059382472669847e-04         8.8663487391716939e-05        -1.4572159149245291e-04         5.1918138168450135e-04         1.8892748782013561e-05         4.9214883861460157e-05         1.8979863704369007e-05
5                                      5.0504872439845628e-04         5.1254186511413662e-05        -1.0593295811828587e-04        -1.2564012090638131e-04        -2.9335296277747600e-04        -1.3941352380869554e-05         1.2952306211913133e-05        -2.8243167166735160e-06
6                                      8.5214064872776957e-04         8.6390098129869022e-04         3.3950412169640658e-03         1.9845675472270069e-04        -4.5060815250217508e-04         2.5818958340357440e-04         5.4740047748738727e-05         1.5240457511849371e-04
7                                      9.4538664287244483e-04        -2.1530695691695688e-04        -5.1284051283454488e-04         1.4127348620407958e-04        -5.7517101499550676e-04        -9.6130432203710798e-05        -1.1050067337913102e-05        -4.9933174163702826e-05
8                                      2.2624453808067421e-04         1.1866389352961529e-04         4.5070921175446269e-04        -5.1090443154188508e-04         5.4186404171624718e-04        -4.9335792778008674e-05        -5.4179077700422496e-05        -2.4162799093810534e-05
9                                      4.6120078505314938e-04         1.0967267979922635e-03        -1.9131973662993108e-02        -3.7607903867928742e-03        -5.5297190531601349e-03        -1.2691112917036012e-04        -1.0335952524826255e-05        -1.3013399095864950e-05
10                                     5.0318060535031739e-04         7.8725438894540218e-04        -1.9734510807354203e-03        -1.9193091266643710e-04        -6.2465412419225423e-04        -2.2714403167008179e-04         1.0621137276101318e-04        -1.5439055570794571e-04
11                                    -3.2903345591274273e-05         5.7739861949111706e-04         3.9573846482217630e-02         6.5296865349901119e-03         1.0750257790184705e-02        -4.2129256712139908e-04        -1.5095916813329764e-04        -3.1537781002202031e-06
12                                    -6.4527902400883630e-02        -3.4194432111480391e-02        -1.3241379141667359e-01        -4.4980215936720504e-03         1.4814247363562522e-01        -3.3568516807412282e-05        -3.3029491242123543e-05         3.7698466211722945e-05
13                                    -3.5516562055233902e-01        -1.5127286743672513e-01        -4.4421827701621314e-03        -7.2510238594586190e-02         1.0787676803943826e-02        -7.3458114299860687e-05         8.7123948190662853e-05         1.3950750823080865e-04
14                                    -1.5290759324026429e-01        -1.5501845800677916e-01         1.4378007653438193e-01         1.1334177953335529e-02        -3.8686385169841925e-01         1.2380009745949043e-04        -2.0114042902820862e-04        -9.7139527713650115e-06
15                                    -1.3584985209065883e-05        -3.9757962382123285e-06        -1.4677702287396906e-05        -3.2850434947600464e-06         1.7360623893626984e-05         1.0781078357930025e-05         5.6127683003098739e-06         9.5460976448254187e-06
16                                    -1.8462368121354052e-05        -5.9993267315261228e-05        -4.3157265536132572e-05         4.6723643499861232e-05         3.2776994369183550e-05         7.8646884269054388e-07        -1.6197830759855244e-06         3.7743850035247290e-06
17                                     4.4522692755533295e-06         3.9279432136472251e-05         3.5080211404370527e-05        -2.0050179825037767e-05        -1.4627640705434271e-05         1.9338255204033250e-05        -1.3965858508905262e-05         4.6814352851858032e-06
18                                     7.6461086483464269e-05        -1.2730419162802200e-06         2.0344292135620213e-05        -5.6003070035224038e-06        -2.7016995139361147e-05        -3.6769426294846536e-05        -2.0373858151455105e-05        -2.2063170141320204e-05
19                                    -1.8753555575768376e-05         3.8236654421310197e-05         7.2778260679297498e-06        -7.7893831007102426e-06        -1.9375902968981999e-05        -1.5143294569876101e-05        -1.0438630478984976e-06        -8.9990602543882706e-06
20                                     8.5653328995309499e-05         3.6233060388961725e-05         3.1165860311527086e-05        -3.9615463728823739e-05        -3.0109685346070645e-05        -1.2452264218408148e-05        -4.9861762475855189e-05        -2.0600895118478863e-05
21                                     2.1447012536146342e-05         2.7736987460558193e-05         1.6508241822145030e-05         2.5657215561373847e-05        -9.5900225644319093e-05        -3.2506552838230832e-05        -1.4015184893266259e-05        -1.9885033511812767e-05
22                                     3.1386526211620773e-06        -3.2262359885252401e-05         2.0987787363967679e-05        -1.3838525489520684e-05         8.6353233641387302e-05         1.3614804651983948e-05         5.0899019775522977e-06         9.2176024921158256e-06
23                                    -1.2368694070737096e-05        -3.2574925705751477e-05        -3.1877582939988198e-05         3.9781166159725970e-05         2.9857088251017058e-05         1.4571025163822855e-05         2.3086837117607291e-06         1.0275517464035724e-05
24                                     1.0308056633335227e-03        -7.6158368121375785e-04        -3.0948302384759419e-04         1.1750459747100384e-03        -7.1800415967832910e-04        -1.1122238144625047e-04        -3.8150370422165196e-05        -7.4125832324915125e-05
25                                    -2.7861677163558819e-04         4.7035857601475644e-04         7.2413117560699871e-04        -1.0725434038648279e-03         5.9606929997919726e-04        -2.5009650356395139e-06        -2.8114026462789298e-05        -1.7328659848539301e-05
26                                     1.1983999761650682e-03        -8.9226295934015007e-04        -1.0035486483603773e-04         7.2274335425942521e-05         1.3697941342547481e-04        -1.1078232062052440e-05        -3.2895125757944764e-05        -9.3193023005339265e-06
27                                     6.4192980418693521e-05        -5.1258153864947899e-06         1.6027727357855468e-04         4.7668727238998410e-05        -3.4347775046458112e-05        -2.4698532000475872e-05        -2.1920092017983219e-05        -2.5085114721186755e-05
28                                    -2.8301728214581143e-04        -7.4753128933478471e-05        -4.1333388715937130e-04        -8.2596277449056331e-05         2.7084336678153510e-04        -1.6587474186031080e-05         5.4620146139048768e-06         4.7945182659017878e-06
29                                     2.0020090446171108e-04         7.4484457951841528e-05         1.0005049511227525e-05         4.0601701795343870e-05        -1.7439103701103224e-04         6.2658182205174392e-05        -3.0689903910105379e-05         1.3246386563000158e-05
30                                     7.0186990300109570e-04        -1.3188558495010353e-05        -6.2108788623719928e-03        -1.2593195996589948e-03        -3.3464708355421769e-03        -3.3933593979636515e-05         7.5411805904772387e-05         2.1820527407539602e-05
31                                     2.1029511241199182e-04         5.4172770294676133e-04        -8.4184706188531681e-04         5.1596386467186995e-04        -2.6884183653812645e-04         2.0970354400238952e-04        -2.1796539351136849e-04         1.0593472182901390e-04
32                                     4.4406746368086045e-04         5.4227363298149471e-04        -3.1912995549077464e-03        -5.2431343046366644e-04        -3.9623396903371933e-04         3.8603767340351794e-04         1.5314157555640254e-04         4.2067079218695638e-05
33                                     1.2343466274730040e-03         6.1275093937503806e-04         2.7842182919259519e-03         4.1314461633218391e-04        -3.1126046460743266e-04         8.5551944204042922e-05         1.0026686926466462e-05         4.9317343337776072e-05
34                                     7.0748251658983899e-04         3.8806110109748190e-05         8.0454830661106508e-04         3.3467782562252013e-04         4.5388474356739851e-04         7.4566099328925812e-05         1.4466683206149729e-05         7.0248408518580260e-05
35                                     2.8252495162199662e-04         7.7244457534007306e-04         2.0186743434509125e-04         6.7028553299603908e-04         7.4247798531499286e-04        -1.1010525950874261e-04         2.7244921012365114e-05        -7.2498404607607234e-05
36                                    -7.3379704220793394e-03         6.0935468314924895e-03         9.5338509703380547e-03        -1.5848284639229646e-02         8.6481285484252407e-03        -9.7658667344840662e-05        -6.6731745215915989e-05        -7.1801319532834029e-05
37                                    -1.9502843587841524e-02         2.1891618669219307e-02        -9.6613707626971336e-04         2.4660259692813845e-03        -3.5842489600299982e-03        -4.7941621391214221e-05        -3.3052775575850282e-05         9.4186788650333850e-05
38                                    -1.7405848452219770e-02         1.3673572237064134e-02        -1.8407684428901550e-02         2.9342151493809268e-02        -1.3478785579570369e-02        -1.1404375969185010e-04         1.1909712126998079e-04        -3.0364184929245266e-05
39                                     6.6502884365800763e-02         3.4803346772450026e-02         4.6944989220955614e-03         1.7303599961041208e-02         6.7641594619432636e-03        -1.4682960319038763e-04         3.7301265551193720e-05        -7.2923769890189056e-05
40                                     3.6793581478262721e-01         1.6224837062998748e-01         9.1665991323957620e-04         5.2475271077635881e-03         4.7099917707717973e-03         7.3856716297534056e-05        -1.0345930960292422e-04        -2.1038521597854278e-04
41                                     1.6224837062998748e-01         1.5348248714542706e-01        -9.7796456595773233e-03        -3.4650853608092308e-02        -1.2340505766026487e-02        -3.8903499765403828e-05        -3.9510827458894351e-05        -1.2650333072135918e-04
42                                     9.1665991323957620e-04        -9.7796456595773233e-03         1.3723137026623963e-01         6.7089135110006241e-03        -1.5264908286951717e-01         1.0734631915373081e-04        -8.1438483268480113e-06        -2.9450009277244647e-05
43                                     5.2475271077635881e-03        -3.4650853608092308e-02         6.7089135110006241e-03         6.5439863081395044e-02        -1.2433487583461193e-02         2.4489891244851102e-05         8.3360567634266252e-05        -2.9401848822576434e-05
44                                     4.7099917707717973e-03        -1.2340505766026487e-02        -1.5264908286951717e-01        -1.2433487583461193e-02         4.0144985241609643e-01         3.0253151187939606e-05        -2.7073776232170626e-05         5.7796326319337586e-05
45                                     7.3856716297534056e-05        -3.8903499765403828e-05         1.0734631915373081e-04         2.4489891244851102e-05         3.0253151187939606e-05         5.6014768836107190e-02         2.9915486758469272e-02        -1.6601453502002764e-01
46                                    -1.0345930960292422e-04        -3.9510827458894351e-05        -8.1438483268480113e-06         8.3360567634266252e-05        -2.7073776232170626e-05         2.9915486758469272e-02         1.6381851958205434e-02        -8.9323168953663892e-02
47                                    -2.1038521597854278e-04        -1.2650333072135918e-04        -2.9450009277244647e-05        -2.9401848822576434e-05         5.7796326319337586e-05        -1.6601453502002764e-01        -8.9323168953663892e-02         4.9389268896106281e-01
48                                    -3.3676137134799325e-04         6.2828208945743037e-04        -3.2434732253987665e-04        -8.0105791492418826e-05        -4.5117131434511612e-05        -5.5968587928989774e-02        -2.9894743681175971e-02         1.6599930499829371e-01
49                                     3.0356415445115161e-04         4.7288876328560126e-04         2.6290890434390657e-05        -3.1073809910287019e-04         8.8594779644100689e-05        -2.9892325001510775e-02        -1.6387832961381174e-02         8.9333779301312699e-02
50                                     7.8967540172516018e-04        -1.0630477160155404e-03         2.1101464402285917e-04         2.5196607743762766e-04         1.0070824893926647e-05         1.6618866574827326e-01         8.9544350463057740e-02        -4.9372505095602448e-01
                                                        48                          49                          50

0                                     -1.3187316737056024e-04        -7.2009589360689098e-05        -2.9639821414853811e-05
1                                     -7.3271407650340103e-05        -8.2372290506250610e-05        -6.4028778898522765e-05
2                                      3.1991587754728228e-05        -7.0312750079679087e-05         5.9570399856987907e-06
3                                     -6.9839465785404096e-05         6.7534244883986957e-05         2.4509718670887373e-05
4                                     -4.4520489886214860e-05        -9.3158502705217058e-05        -1.0948872560622921e-05
5                                      4.0718014701255755e-05        -3.7325850741677462e-05         1.9821835960170606e-05
6                                     -5.1504453826179222e-04        -6.9620997592231317e-05        -4.7361033766809765e-05
7                                      1.3375899891605804e-04         4.8071665666541427e-06         9.7402855928210158e-05
8                                      1.3158927374813006e-04         1.3333576177610611e-04         1.1122613690752858e-05
9                                      2.4929862348372560e-04        -1.3023072254337957e-06        -3.6262742036421384e-04
10                                     3.3166727030535612e-04        -1.5806873794850816e-04         1.6067629868488781e-04
11                                     3.3975577393201750e-04         3.4128776308886772e-05        -6.7535246821678364e-04
12                                     2.1135470846296578e-04         8.4123769139538267e-05        -4.0452440914534073e-04
13                                     1.9812282326922928e-04        -3.1877480815623027e-05        -5.3481791147401078e-04
14                                    -1.9437296222306420e-04         2.6155753862101600e-04        -5.5616304268270127e-04
15                                    -2.5673438175166110e-05        -8.8805192297023751e-06        -2.6872878693007946e-05
16                                    -3.8138950055933182e-06         2.8498726596554473e-06        -1.8796295087176442e-05
17                                    -2.4680309744621185e-05         1.4261694620154830e-05         7.7607619645608578e-06
18                                     5.6865903176926306e-05         3.8968246908335584e-05         3.3521871569005992e-05
19                                     2.1994820952315683e-05        -4.9529850092928972e-06         2.1118730888747619e-05
20                                     2.3726052803352791e-05         7.4299456295278256e-05         4.9494198835540234e-05
21                                     5.4500289393643079e-05         2.0351028088373582e-05         4.0785306499453418e-05
22                                    -2.3714935614798693e-05        -7.0032843663958623e-06        -2.1713518970561756e-05
23                                    -2.2587601763158420e-05        -4.1460227121067287e-06        -2.3348559892056187e-05
24                                     2.0329466867367646e-04         7.2033281241705915e-05         9.6026746168643290e-05
25                                     1.6520315801495913e-06         4.7112603982912707e-05         6.8881309890913786e-05
26                                     2.7103862839788714e-05         7.1549895042037165e-05        -2.0950101699853015e-05
27                                     2.9616600011864950e-05         3.7142076606819295e-05         2.7700998997861291e-05
28                                     2.1998993012152488e-05        -3.6396247189243523e-05        -8.5100296981630106e-05
29                                    -8.1333771780000208e-05         5.0745355514646764e-05         5.8028187343147405e-05
30                                    -5.3097894088853981e-04        -4.1502209568215244e-04        -6.7337238323335151e-04
31                                    -5.8063006268405993e-04         2.8079283648949511e-04        -3.7988485256095330e-04
32                                    -1.2739613042432023e-03        -4.7108199190186721e-04        -3.5227340181094580e-04
33                                    -2.2856092580538138e-04        -6.0366324834078707e-05         8.9536899699824168e-05
34                                    -1.1417730913892152e-04        -5.2686433746456236e-05        -9.1147434241503622e-05
35                                     2.5635782374344468e-04        -3.1851282880807866e-05         1.2624164715550846e-04
36                                     1.2116190153808838e-04         2.6916349048255100e-04         3.7936574098503244e-04
37                                     2.9476536393484949e-04        -1.0234531429949452e-04        -3.9242641900582090e-04
38                                     4.1141788162285661e-04        -5.4919521935144590e-04        -2.3521930611532585e-04
39                                     3.2977606215052403e-04        -2.3023406260927758e-04         7.1896038647824572e-04
40                                    -3.3676137134799325e-04         3.0356415445115161e-04         7.8967540172516018e-04
41                                     6.2828208945743037e-04         4.7288876328560126e-04        -1.0630477160155404e-03
42                                    -3.2434732253987665e-04         2.6290890434390657e-05         2.1101464402285917e-04
43                                    -8.0105791492418826e-05        -3.1073809910287019e-04         2.5196607743762766e-04
44                                    -4.5117131434511612e-05         8.8594779644100689e-05         1.0070824893926647e-05
45                                    -5.5968587928989774e-02        -2.9892325001510775e-02         1.6618866574827326e-01
46                                    -2.9894743681175971e-02        -1.6387832961381174e-02         8.9544350463057740e-02
47                                     1.6599930499829371e-01         8.9333779301312699e-02        -4.9372505095602448e-01
48                                     5.6539036970925077e-02         3.0140966256142418e-02        -1.6625694219622783e-01
49                                     3.0140966256142418e-02         1.6628305702920659e-02        -8.9353217481292713e-02
50                                    -1.6625694219622783e-01        -8.9353217481292713e-02         4.9636290844262837e-01
   &MODES [&Type "ArrayOfDoubles", &Dim (51,51)] "The modes of vibrations"
                                                         0                           1                           2                           3                           4                           5                           6                           7

0                                      0.0000000000000000e+00         0.0000000000000000e+00         0.0000000000000000e+00         0.0000000000000000e+00         0.0000000000000000e+00         0.0000000000000000e+00        -7.4303570021285398e-03         5.4093531494717653e-03
1                                      0.0000000000000000e+00         0.0000000000000000e+00         0.0000000000000000e+00         0.0000000000000000e+00         0.0000000000000000e+00         0.0000000000000000e+00         2.0950813388645191e-02         3.5396457503140639e-02
2                                      0.0000000000000000e+00         0.0000000000000000e+00         0.0000000000000000e+00         0.0000000000000000e+00         0.0000000000000000e+00         0.0000000000000000e+00         1.1482452525043299e-01         3.1258702861909168e-02
3                                      0.0000000000000000e+00         0.0000000000000000e+00         0.0000000000000000e+00         0.0000000000000000e+00         0.0000000000000000e+00         0.0000000000000000e+00         9.9038926905616696e-03        -2.8804624004615136e-03
4                                      0.0000000000000000e+00         0.0000000000000000e+00         0.0000000000000000e+00         0.0000000000000000e+00         0.0000000000000000e+00         0.0000000000000000e+00        -1.4054010723714466e-02         5.5347265402835273e-03
5                                      0.0000000000000000e+00         0.0000000000000000e+00         0.0000000000000000e+00         0.0000000000000000e+00         0.0000000000000000e+00         0.0000000000000000e+00         4.5653651910244744e-02        -3.9404194130305539e-03
6                                      0.0000000000000000e+00         0.0000000000000000e+00         0.0000000000000000e+00         0.0000000000000000e+00         0.0000000000000000e+00         0.0000000000000000e+00         1.8054503889672432e-02        -5.3552375535196048e-03
7                                      0.0000000000000000e+00         0.0000000000000000e+00         0.0000000000000000e+00         0.0000000000000000e+00         0.0000000000000000e+00         0.0000000000000000e+00        -2.3786725847308236e-02        -2.8129888437363790e-02
8                                      0.0000000000000000e+00         0.0000000000000000e+00         0.0000000000000000e+00         0.0000000000000000e+00         0.0000000000000000e+00         0.0000000000000000e+00         3.4835370889948286e-02        -7.4480086660278874e-02
9                                      0.0000000000000000e+00         0.0000000000000000e+00         0.0000000000000000e+00         0.0000000000000000e+00         0.0000000000000000e+00         0.0000000000000000e+00         3.5318935442052592e-02        -1.2695631354776258e-02
10                                     0.0000000000000000e+00         0.0000000000000000e+00         0.0000000000000000e+00         0.0000000000000000e+00         0.0000000000000000e+00         0.0000000000000000e+00        -5.8026028512124406e-02        -5.8841710908836359e-02
11                                     0.0000000000000000e+00         0.0000000000000000e+00         0.0000000000000000e+00         0.0000000000000000e+00         0.0000000000000000e+00         0.0000000000000000e+00        -3.2680109542476708e-02        -1.1273093570607853e-01
12                                     0.0000000000000000e+00         0.0000000000000000e+00         0.0000000000000000e+00         0.0000000000000000e+00         0.0000000000000000e+00         0.0000000000000000e+00         3.9833839785433478e-02        -2.8250945102934459e-02
13                                     0.0000000000000000e+00         0.0000000000000000e+00         0.0000000000000000e+00         0.0000000000000000e+00         0.0000000000000000e+00         0.0000000000000000e+00        -6.9450848140321195e-02        -1.3988592019897850e-02
14                                     0.0000000000000000e+00         0.0000000000000000e+00         0.0000000000000000e+00         0.0000000000000000e+00         0.0000000000000000e+00         0.0000000000000000e+00        -6.6475064899999367e-02         9.1765622715063748e-04
15                                     0.0000000000000000e+00         0.0000000000000000e+00         0.0000000000000000e+00         0.0000000000000000e+00         0.0000000000000000e+00         0.0000000000000000e+00        -1.1744913317075927e-02         1.0444877699758796e-02
16                                     0.0000000000000000e+00         0.0000000000000000e+00         0.0000000000000000e+00         0.0000000000000000e+00         0.0000000000000000e+00         0.0000000000000000e+00         3.6447163142286396e-02         1.8127120621730157e-02
17                                     0.0000000000000000e+00         0.0000000000000000e+00         0.0000000000000000e+00         0.0000000000000000e+00         0.0000000000000000e+00         0.0000000000000000e+00         1.5358593067418250e-01        -2.2102483379003536e-02
18                                     0.0000000000000000e+00         0.0000000000000000e+00         0.0000000000000000e+00         0.0000000000000000e+00         0.0000000000000000e+00         0.0000000000000000e+00         2.7152331785263592e-02        -2.9797153377799573e-02
19                                     0.0000000000000000e+00         0.0000000000000000e+00         0.0000000000000000e+00         0.0000000000000000e+00         0.0000000000000000e+00         0.0000000000000000e+00         3.1330483581726801e-03         8.7700259794096097e-03
20                                     0.0000000000000000e+00         0.0000000000000000e+00         0.0000000000000000e+00         0.0000000000000000e+00         0.0000000000000000e+00         0.0000000000000000e+00         1.4071222475458078e-01         9.4056883815330089e-02
21                                     0.0000000000000000e+00         0.0000000000000000e+00         0.0000000000000000e+00         0.0000000000000000e+00         0.0000000000000000e+00         0.0000000000000000e+00        -5.0924297920278701e-02         4.2444175465142633e-02
22                                     0.0000000000000000e+00         0.0000000000000000e+00         0.0000000000000000e+00         0.0000000000000000e+00         0.0000000000000000e+00         0.0000000000000000e+00         4.9593356034829089e-02         1.0282368237555675e-01
23                                     0.0000000000000000e+00         0.0000000000000000e+00         0.0000000000000000e+00         0.0000000000000000e+00         0.0000000000000000e+00         0.0000000000000000e+00         1.0216547919448772e-01         5.0447413478503809e-02
24                                     0.0000000000000000e+00         0.0000000000000000e+00         0.0000000000000000e+00         0.0000000000000000e+00         0.0000000000000000e+00         0.0000000000000000e+00         1.5019034339865938e-02        -7.0436232343347909e-03
25                                     0.0000000000000000e+00         0.0000000000000000e+00         0.0000000000000000e+00         0.0000000000000000e+00         0.0000000000000000e+00         0.0000000000000000e+00        -3.0732079555417069e-02         1.6178515661832541e-02
26                                     0.0000000000000000e+00         0.0000000000000000e+00         0.0000000000000000e+00         0.0000000000000000e+00         0.0000000000000000e+00         0.0000000000000000e+00         5.2012784314500191e-03         3.7486610760305974e-02
27                                     0.0000000000000000e+00         0.0000000000000000e+00         0.0000000000000000e+00         0.0000000000000000e+00         0.0000000000000000e+00         0.0000000000000000e+00         1.2729643856503039e-02        -7.0258710339761259e-04
28                                     0.0000000000000000e+00         0.0000000000000000e+00         0.0000000000000000e+00         0.0000000000000000e+00         0.0000000000000000e+00         0.0000000000000000e+00        -6.9787887495605678e-03        -3.8758152389005110e-02
29                                     0.0000000000000000e+00         0.0000000000000000e+00         0.0000000000000000e+00         0.0000000000000000e+00         0.0000000000000000e+00         0.0000000000000000e+00         7.5481957429770666e-02        -1.1545342615747436e-01
30                                     0.0000000000000000e+00         0.0000000000000000e+00         0.0000000000000000e+00         0.0000000000000000e+00         0.0000000000000000e+00         0.0000000000000000e+00         6.2743042430402671e-02        -7.3686377098247519e-02
31                                     0.0000000000000000e+00         0.0000000000000000e+00         0.0000000000000000e+00         0.0000000000000000e+00         0.0000000000000000e+00         0.0000000000000000e+00        -9.8228327439605231e-02        -1.5011550568703247e-01
32                                     0.0000000000000000e+00         0.0000000000000000e+00         0.0000000000000000e+00         0.0000000000000000e+00         0.0000000000000000e+00         0.0000000000000000e+00        -2.4589070496436171e-02        -1.4999439508638049e-01
33                                     0.0000000000000000e+00         0.0000000000000000e+00         0.0000000000000000e+00         0.0000000000000000e+00         0.0000000000000000e+00         0.0000000000000000e+00         1.7351195486857707e-02         5.3154835625292877e-02
34                                     0.0000000000000000e+00         0.0000000000000000e+00         0.0000000000000000e+00         0.0000000000000000e+00         0.0000000000000000e+00         0.0000000000000000e+00        -3.6155913834594336e-02        -2.7384132177172209e-02
35                                     0.0000000000000000e+00         0.0000000000000000e+00         0.0000000000000000e+00         0.0000000000000000e+00         0.0000000000000000e+00         0.0000000000000000e+00        -6.6688955082938331e-02        -1.9523234192632982e-01
36                                     0.0000000000000000e+00         0.0000000000000000e+00         0.0000000000000000e+00         0.0000000000000000e+00         0.0000000000000000e+00         0.0000000000000000e+00         4.9153235766336428e-02        -3.5808254266076624e-02
37                                     0.0000000000000000e+00         0.0000000000000000e+00         0.0000000000000000e+00         0.0000000000000000e+00         0.0000000000000000e+00         0.0000000000000000e+00        -8.5449785336562264e-02        -3.2116448459162089e-02
38                                     0.0000000000000000e+00         0.0000000000000000e+00         0.0000000000000000e+00         0.0000000000000000e+00         0.0000000000000000e+00         0.0000000000000000e+00        -9.7398420111216633e-02        -1.9079280432669286e-02
39                                     0.0000000000000000e+00         0.0000000000000000e+00         0.0000000000000000e+00         0.0000000000000000e+00         0.0000000000000000e+00         0.0000000000000000e+00         5.8711856691390910e-02        -9.2910311743832838e-02
40                                     0.0000000000000000e+00         0.0000000000000000e+00         0.0000000000000000e+00         0.0000000000000000e+00         0.0000000000000000e+00         0.0000000000000000e+00        -8.3489472652531219e-02        -3.7294019436845738e-02
41                                     0.0000000000000000e+00         0.0000000000000000e+00         0.0000000000000000e+00         0.0000000000000000e+00         0.0000000000000000e+00         0.0000000000000000e+00        -4.8683998923505771e-02         7.2430722075835438e-02
42                                     0.0000000000000000e+00         0.0000000000000000e+00         0.0000000000000000e+00         0.0000000000000000e+00         0.0000000000000000e+00         0.0000000000000000e+00         1.4844640251491906e-02         3.4327751770486761e-02
43                                     0.0000000000000000e+00         0.0000000000000000e+00         0.0000000000000000e+00         0.0000000000000000e+00         0.0000000000000000e+00         0.0000000000000000e+00        -4.7000272886683410e-02         6.1669846169667808e-02
44                                     0.0000000000000000e+00         0.0000000000000000e+00         0.0000000000000000e+00         0.0000000000000000e+00         0.0000000000000000e+00         0.0000000000000000e+00        -7.7289150931976525e-02         3.3006168236206869e-02
45                                     0.0000000000000000e+00         0.0000000000000000e+00         0.0000000000000000e+00         0.0000000000000000e+00         0.0000000000000000e+00         0.0000000000000000e+00        -8.1228398040293942e-02         5.7835921551706103e-02
46                                     0.0000000000000000e+00         0.0000000000000000e+00         0.0000000000000000e+00         0.0000000000000000e+00         0.0000000000000000e+00         0.0000000000000000e+00         1.2000193895064562e-01         6.1548628276807432e-02
47                                     0.0000000000000000e+00         0.0000000000000000e+00         0.0000000000000000e+00         0.0000000000000000e+00         0.0000000000000000e+00         0.0000000000000000e+00        -7.8186494519018906e-02         1.3469186511277040e-01
48                                     0.0000000000000000e+00         0.0000000000000000e+00         0.0000000000000000e+00         0.0000000000000000e+00         0.0000000000000000e+00         0.0000000000000000e+00        -4.5878156655774958e-02        -2.9681254762907688e-01
49                                     0.0000000000000000e+00         0.0000000000000000e+00         0.0000000000000000e+00         0.0000000000000000e+00         0.0000000000000000e+00         0.0000000000000000e+00         1.1441525103938717e-01        -1.8351610810343127e-01
50                                     0.0000000000000000e+00         0.0000000000000000e+00         0.0000000000000000e+00         0.0000000000000000e+00         0.0000000000000000e+00         0.0000000000000000e+00        -6.7311262634533811e-02        -2.9103006052661536e-02
                                                         8                           9                          10                          11                          12                          13                          14                          15

0                                     -3.0067788591723908e-02        -4.0912187520958105e-04         8.8628553023096298e-04         6.1755895367648066e-03        -6.4602715830895732e-03        -1.1454407499381866e-01         5.9535987389697075e-03         1.0104326642250295e-02
1                                     -2.9450608910552654e-03         1.5299260117424785e-03        -1.6174726725917969e-03         2.5943035270823631e-02         2.1222858761844727e-02         4.1726060759750159e-03         3.9852972907977686e-02        -1.4573092230619195e-02
2                                     -1.9925140334412179e-02        -2.5431421905262974e-03        -1.1511062738129489e-02         2.9519260024943952e-02         3.7584778228751795e-02        -4.5813955547182057e-03         7.0984163867068933e-02        -3.5358041265991146e-02
3                                     -4.1347765035867852e-04         2.5745882201982243e-03        -8.9170254622812223e-03        -7.6322708346340503e-04         1.9014905567183178e-02         3.6436425453001305e-02         6.9910607448217879e-04        -1.7807797026230362e-02
4                                     -2.3542316874178492e-03        -8.1609379460963662e-03         3.2161539634967713e-02        -1.9253536963355761e-02        -7.6376954591985888e-02         7.1688123184119767e-02        -3.5923067857836569e-02         3.2354352844282348e-02
5                                     -4.9096248375859554e-02        -1.9757288408544411e-02         4.8614660115255059e-02        -2.9595766360453080e-02        -1.3180175848724468e-01        -4.6517947265430605e-02        -3.7069256959002810e-02         6.1852919683999502e-02
6                                      9.3079006006127011e-03        -8.6038630600238238e-04         3.6133354671936714e-03        -8.7966356712364645e-03        -6.2319927426326294e-03         8.1671401756096024e-02         6.5176068635479506e-03        -1.7938591732675983e-02
7                                      3.2936364606224559e-02         9.3806156450248410e-03        -2.0338167965027572e-02        -2.0100033848908957e-02         2.4848664475372470e-02         5.0626190309448003e-02        -7.5709852464152946e-02         3.7026006277629669e-02
8                                      3.2519018609681268e-02         1.2136033278563550e-02        -4.3457707266871419e-02        -3.9384066933061374e-02         4.4890444929469059e-02        -3.7695992802744979e-02        -1.1155501693480016e-01         7.1294530392876088e-02
9                                      3.3989444208831127e-02         6.2545737366846658e-03        -1.1221150595917172e-02        -1.1896228439484572e-02         4.2449664959477535e-03         6.4714423853160889e-03        -5.9936724299023969e-03         1.2479420368234493e-02
10                                     2.9009343522081451e-02        -2.6645017643943877e-03         1.6227924618350043e-02        -3.6423246424944357e-02         3.5800454678160737e-03         2.2048922277840288e-02         2.5991107903501794e-02        -3.3099599572492207e-02
11                                     3.0505561036665587e-03        -1.1655698306317722e-02         2.5346377300241855e-02        -5.9421111284693413e-02         3.3710854493335220e-03        -8.3783075315915362e-03         5.1533581916469486e-02        -5.9934261904099027e-02
12                                     5.1918773548204580e-02         6.5629809588865669e-03         5.0601656682782428e-03        -2.8378006607457949e-02        -2.3940053868358739e-04         2.0060503393021886e-02         1.1467782348226781e-05         5.7500576475793264e-03
13                                    -2.1781191901139953e-02        -3.5121986522041564e-03        -4.6714925259950676e-02         1.4186422862362172e-02         2.4198830914839233e-02        -1.2632349102756110e-01         2.4913235597088239e-02        -1.2979797785061158e-03
14                                    -1.2655643926845525e-01        -1.2022265417063700e-02        -6.8970960300871229e-02         3.6468979198761776e-02         2.5602945112763596e-02         8.5085841934486928e-02        -1.2735022348581978e-02        -1.6475514727890477e-02
15                                    -4.5926085633255675e-02        -1.3048569259727857e-02         5.4079747195305450e-02        -1.3900815622300628e-02         2.5474085479422988e-02        -9.3525154020217827e-02        -1.7792453972292403e-02         1.7504259670170243e-02
16                                     5.4117321768928077e-02         5.0135509465519985e-02        -2.0643548682275917e-01         1.0600675157315129e-01        -1.0179292674787195e-01        -1.0320458417176966e-01         1.3533810087714976e-01        -4.0428093671070739e-02
17                                     1.2240720117499733e-01         8.1687719066685968e-02        -3.6681750730006341e-01         1.4006460431248077e-01        -1.7552479461909498e-01         9.0558968282050525e-02         1.9351782583855628e-01        -1.0982712910580177e-01
18                                     8.2913292143167644e-02         8.0432461095568161e-02        -3.3952400004871741e-01         1.2892813302337347e-01        -2.0300805632425317e-01        -1.7211736991506627e-01         1.5167758312965773e-01        -4.9569032156682853e-02
19                                     1.8675204814139500e-02         1.3209848245538107e-02        -5.2553521577847324e-02         2.1867360747371129e-02        -9.8553481909396348e-02         2.2544187747211203e-02         5.4067401659642052e-03         2.2340344208289051e-02
20                                    -9.4343169445708364e-02        -4.8385126278811350e-02         1.8497525963185091e-01         3.1894790230683847e-03         3.3419928270925342e-01        -2.5581513600435601e-02         9.9545877040844499e-02        -9.3114373058180808e-02
21                                    -1.4981076386308279e-01        -7.0142419310891949e-02         2.9288047294060138e-01        -9.1774927016063532e-02         1.3341033740421629e-01        -2.1548592071404457e-01        -1.1240620628445978e-01         9.2817138712172287e-02
22                                    -8.4559354711766524e-02        -5.3259769968319839e-02         2.3514330783637766e-01        -1.4174271299473204e-02         3.5972059021697467e-01         2.9012100212735693e-02         5.6260791329536410e-02        -7.9531073222334325e-02
23                                    -6.9619933941479681e-02        -3.2271872275338044e-02         1.1365286115598865e-01        -8.7243216888996215e-03         1.1986332037615402e-01        -3.7622334504797170e-02         3.0895088181399917e-02        -1.2707642906587831e-02
24                                     1.1315141962500774e-02         9.5184856980655638e-03        -2.9237388078387747e-02         3.9492631105398392e-03         5.0444499191177529e-02         3.2778130251496319e-02        -8.4407604569590126e-03        -1.2397101463458696e-02
25                                    -3.6882320958974514e-02        -3.4446932775200993e-02         1.0990942368011361e-01        -4.4995297474811964e-02        -1.9772581743011514e-01         1.3594815772218916e-01        -7.4484630892566982e-03         8.3673815628108016e-03
26                                    -1.4815132279076082e-01        -6.5941771233030105e-02         1.8531385296297156e-01        -5.3211727514219535e-02        -3.4252729161020062e-01        -7.9445712326031981e-02         3.1131099850826707e-02         2.9402883519383288e-02
27                                    -2.9509969276671237e-03        -7.1963836865468755e-03         2.3030268588869696e-02        -1.3492825218709819e-02        -3.8435561327852343e-02         8.1680617484140752e-02         1.6456822137036021e-02        -2.1022512869782982e-02
28                                     6.8587668771951688e-02         3.2845096844725259e-02        -9.3406316046515156e-02         2.0011781928823695e-03         1.4711444451941130e-01         5.3123534931431689e-02        -1.1531618665427200e-01         4.4803830750745462e-02
29                                     1.3081135115939227e-01         5.4889879377748828e-02        -1.7507040132305113e-01        -1.6223613867130261e-02         2.6121692285728965e-01        -4.4401479541252752e-02        -1.7485103911787975e-01         9.6700066656426192e-02
30                                     1.1172425529973314e-01         1.0494556769279084e-02         3.4251016019318875e-02        -4.5189794603312038e-02        -2.6586096310177453e-04        -5.2920079431469536e-02         6.0298379321116723e-03         8.7909400978598944e-03
31                                     7.2353702051557264e-02        -2.9977384534107497e-02         1.2379646407226047e-01        -8.4887733307422636e-02        -2.5309989733218095e-02         6.2898702537657933e-02         2.4129490519514407e-01        -1.8563252313237252e-01
32                                     4.2103015035000448e-02        -1.3156695320557826e-02         5.7823984257708197e-02        -7.7757997378543095e-02        -2.3168206192906472e-03        -3.0208781688023816e-02         7.9770738100241351e-02        -7.7948039543717471e-02
33                                    -4.2202501288566834e-02         7.5176148062265262e-03        -7.9544741763658833e-02         4.4907295609966189e-02         1.8498049872729343e-02        -4.6656960753644096e-02        -4.0042883154859321e-02         4.8527677135651023e-02
34                                     2.1781122798083107e-02         6.4861312498465107e-03        -1.9168339637222108e-02        -2.1256169617125523e-02         1.3140547121961953e-02         3.1626453729878136e-02        -7.3256651475048229e-02         3.1077976136908912e-02
35                                     4.3931386995469862e-02        -2.9463176712833449e-02         1.1716093903879914e-01        -1.0787573318491415e-01        -2.0693989074944050e-02        -7.2951621692023925e-03         2.5019910144044805e-01        -1.9335170097199952e-01
36                                     7.1424571532751932e-02        -1.4961937342442358e-03        -5.7883509680638277e-04        -4.0760945070930567e-02        -6.0226615048582311e-03        -1.1103202888153925e-01        -2.1132796947258455e-02        -5.9041260393186010e-02
37                                    -3.9290692332067979e-02         1.1980942221884894e-02        -5.3652725427753921e-02         2.9435636002804313e-02         6.4201219902679144e-02        -1.4599836761567583e-01         1.9199327070837055e-01         2.4049592024642841e-01
38                                    -1.6833723434883349e-01         1.7549179413075811e-02        -7.4620406011639634e-02         6.8220399222371941e-02         8.8551860625630099e-02         1.6543994970727718e-01         2.4746709846776480e-01         3.8831866615220062e-01
39                                     1.2330913462216289e-01         1.1091884680296229e-02         7.8018901489073297e-02        -1.0308850768935177e-01        -2.6728322752257994e-02         8.4870670801695414e-02         2.0860916643610540e-02        -3.8259580876544519e-02
40                                    -3.2401650573326016e-02         7.3153667001190142e-03        -4.7037122308163218e-02         2.2888100240537609e-02         6.0064586648810300e-02        -1.2019037392456627e-01         1.7705853223712151e-01         2.1570555090080623e-01
41                                    -1.3698620239447459e-01        -3.5294821772796345e-02        -1.0085671502570831e-01         5.0757807437360809e-02        -2.9158015344004772e-02         4.7366487906216108e-02        -3.0558843016219844e-01        -4.0293270511816814e-01
42                                    -3.0110232692159563e-02         1.0506218112515685e-02        -5.3194306681182128e-02         4.2363078045320621e-02         2.8310707464829360e-02         9.8143620095052300e-02         3.1601533694067701e-03         1.0704971186269562e-01
43                                    -3.3852807374981038e-02        -3.0960259659586861e-02        -8.8923141816274129e-02         3.3045825234789543e-02        -3.5120836844950487e-02        -2.3095562840426465e-01        -3.0104882470808969e-01        -4.4235753867953043e-01
44                                    -1.6515285270239555e-01        -1.1173209588763205e-02        -9.8005723080852494e-02         7.0200724063419248e-02         3.6920862326489418e-02         1.1661593452678773e-01        -2.4042021992668777e-02         1.3232791266732151e-02
45                                    -6.3085726700176287e-02         1.6765347863874357e-02        -2.7360968365555609e-03        -6.1823734270434159e-03        -5.3092373991147478e-03         1.5551246450046731e-03         3.8790804600693384e-04        -2.8823362655964421e-03
46                                    -1.6982732625655396e-02        -4.6956002219937648e-02         2.8960740449695652e-03         2.2417226822174850e-03        -7.8278635058410071e-03         3.7645099541636643e-04         2.5929861769575249e-04        -6.0330291024547047e-04
47                                     1.3756753535712044e-01         2.9279365110165892e-02         3.7727060841728562e-02         2.2234298588862948e-02        -1.1076563020318074e-03        -3.1844727845545800e-03         4.5906013754418483e-03         6.0785813177389892e-03
48                                     1.0025290777701484e-01        -4.7205837567738157e-01         1.8929490539720706e-01         7.0640740180915929e-01        -2.0476430345062739e-02         1.0970955443954673e-02        -9.0178242513788448e-02         3.9674210230008340e-02
49                                    -1.5442051763309725e-01         8.1279440662593017e-01         2.8802390963870195e-01         3.3925027546684677e-01        -3.1388692887138199e-02        -5.4543664677525897e-03        -6.5650905043370913e-02        -4.8461332427525906e-02
50                                     1.6646884438567594e-01         2.0091677170454215e-02         1.5316888932443487e-01         3.2214655109257156e-01        -1.0436766266404917e-02        -8.4802272999896008e-04        -3.8084195627978497e-02         1.0995055527160489e-02
                                                        16                          17                          18                          19                          20                          21                          22                          23

0                                      1.6404247228678913e-02         3.2359527971139848e-02         1.7517661253453499e-03        -6.8981473611123677e-03        -6.3679074399218766e-03        -3.3079740414078424e-03         4.8262263827172892e-02        -9.8406060411800871e-03
1                                      1.0178035425917276e-01        -9.3352033394043979e-02        -7.3721610369933280e-03        -4.9009183332104453e-02         3.9276273034220483e-03         9.8907953145772401e-02         2.1712503461987265e-02         2.3505249210513536e-02
2                                     -5.4920453491744139e-02         5.8855210029580669e-02        -1.4712535973584186e-02         1.7283762371879448e-02         3.3765034367459888e-02        -5.7783082142704563e-02        -2.6868792211043177e-03         4.0975181592359501e-02
3                                     -1.4034229649587840e-01         8.7836340053851214e-03         1.0399566309730938e-02        -6.0328747404283234e-02        -2.3775762501935832e-02         5.8553206961905468e-02        -4.2995401833550266e-02         2.1508739040681604e-03
4                                     -5.1816829580853922e-03        -4.4066737338576446e-02        -3.5490562989725541e-02        -2.0368438660687258e-02         2.5841191822569755e-02        -3.9730578546643726e-02        -4.8556433370880994e-03         3.0723005524839501e-03
5                                     -2.2182078100376874e-02         2.5576906492538208e-02        -6.2422179188998499e-02        -1.6193871892421781e-02         4.9341144283255839e-02         3.1818854447669617e-02        -2.7311624712317664e-03         7.6893568698017780e-03
6                                     -6.6594948371312149e-02        -1.0755535790181514e-01        -5.4482246012619489e-03         1.2628280781263465e-01         4.6915426199010742e-02        -2.9933350928909152e-03         2.0960630637020278e-02        -6.0045314216264287e-03
7                                     -3.6276711036638272e-02         2.9231934837581471e-02         2.1000438124990667e-02        -2.5484663564367165e-02        -5.8745633016062400e-02        -5.9975906622792952e-02        -9.1784602229023019e-03         2.1771228090906154e-02
8                                      6.9791935642775473e-03        -3.4412755707427092e-02         3.6326313250989770e-02         6.4946672828771618e-02        -7.3439199650553247e-02         3.4770369194329610e-02         9.5293295546713275e-03         3.8438965138147409e-02
9                                      6.3641887650051535e-02         8.4359246385654670e-03        -1.2174369383192605e-02         4.4144532827555961e-02         5.2520404503607326e-03         6.3481937003367864e-02         1.8671760103817488e-02        -5.8351294012601576e-03
10                                     1.0680082273029844e-02         1.4518663555511679e-01         3.7223675710054464e-02         8.1198991206261104e-02         4.0346837818351557e-02         2.1031073862337376e-02         6.3359025956202616e-02         1.2391665538817924e-02
11                                     8.2802228094362544e-03        -8.0823739839784678e-02         6.9507783071656393e-02        -4.9810229746145712e-02         2.1016144942873009e-02        -1.0361105871515199e-03        -3.2051472092762698e-02         2.6802875790620836e-02
12                                     8.7305173362110314e-02         4.2942928589841299e-02        -1.6928654362187697e-03        -1.0256566090415997e-01        -3.3599178405514650e-02        -9.1736822729242662e-02         5.0600683658379823e-03         2.8597333031958713e-03
13                                    -6.4745812305671793e-02         2.1509490198731301e-03         6.5071122633020310e-03        -1.8795569214205138e-03         2.0664610468274534e-02         2.3654307697375941e-02        -6.4928051344896681e-02        -4.2527913993810522e-03
14                                     5.2869100418986514e-02         6.2613092506808802e-03         9.9740369344454589e-03        -2.7339294062944022e-02         2.8236675882786652e-02        -2.9158309795804947e-02         3.8901356499613418e-02        -1.4450539915655399e-02
15                                    -1.9480874147462711e-02         4.6835923397943076e-02        -1.2941700669153500e-02        -5.9101322157568026e-02        -2.8633711542506730e-03         4.5993198621047754e-02         9.9686309802229311e-02         2.5263011258777205e-03
16                                     2.7199848505504726e-01        -1.5385056150724177e-01         4.8881043976050871e-02         2.0927949588727759e-01         5.7395254879235745e-03        -1.6969769388340639e-01        -2.2898652846906786e-01        -2.1312069384814399e-02
17                                    -1.5446747133888158e-01         9.7327873358337688e-02         8.5688059456126245e-02        -9.9552548260424201e-02        -1.1420861004644775e-01         1.0549940514811543e-01         1.4319709565652050e-01        -7.2236933211898988e-02
18                                     1.3321154202589858e-01        -7.4059103232459221e-03         8.9652783684805559e-02         2.0959972941974125e-01        -4.6918301873301239e-02        -2.3572064921314817e-01        -1.4705997467442777e-01        -8.3645152740729714e-02
19                                     6.8593233588733052e-02        -8.6388056031474869e-02        -9.8835114725799048e-02        -1.2467048949562876e-01         9.5365060837200352e-02         1.5728537592929090e-01         6.4112677277734745e-02         1.2820933933621095e-01
20                                    -1.8392321400146582e-02         5.1135940193182239e-02         1.4572179097917767e-01         1.0755881564963261e-01        -1.3941258416679478e-01        -1.0232431345002471e-01        -3.3578467541171109e-02        -1.4479012242813200e-01
21                                     1.2640660940073040e-01        -9.2836762187571819e-03        -1.0914167796740740e-01         1.4949397323488894e-01         1.5990003739036157e-01        -2.3146217314305581e-01        -1.3159143584039484e-01         1.1072089596505984e-01
22                                     7.5025694872835808e-02        -8.5026184866457091e-02         1.6519146001468693e-01        -2.9173413990089537e-02        -2.0282959331599182e-01         1.3837855397017126e-01         2.5157666978928628e-02        -1.7945069264692734e-01
23                                    -1.9928657279345431e-02         4.7283427023538611e-02        -3.6598271936844735e-02         7.4935433160432413e-02         7.2369243372074191e-02        -1.3793876205396499e-01        -6.5368200713091365e-02         6.5601137502766110e-02
24                                    -1.3474724669948351e-01         1.4425184433304834e-02        -3.7564003328329633e-02        -9.0283839443882630e-02         2.3591272610022234e-02         8.1058135073532336e-02        -2.5699066812232073e-02         7.6604551822712252e-02
25                                    -3.9071949304925316e-02        -1.5029297252085011e-01         1.5084721636999116e-01         1.8007506865972445e-01        -1.3489969451412798e-01        -2.1801083710400185e-01        -2.1708665550729014e-01        -2.7837981389354838e-01
26                                     1.9518319601772398e-03         9.2069717009256438e-02         2.5688390736261735e-01        -8.9327059013974679e-03        -3.1936807630453384e-01         1.3819686930015443e-01         8.8488236291422828e-02        -4.9801797217226212e-01
27                                    -6.0996416944667106e-02        -1.0541720034437169e-01         4.3275323256214887e-02         1.5828215776141219e-01         1.6470884736709201e-03         4.0668573922436899e-03         4.9706212572848962e-02         8.4895052044951180e-02
28                                    -1.4415135240551688e-01         2.7301554472550719e-02        -1.6399783663969922e-01        -2.0743061558899159e-01         1.0030514008918848e-01        -1.5639998188637708e-01        -3.2642596110443278e-01        -3.1635744215645745e-01
29                                     6.7561575161021847e-02        -3.7627218940887511e-02        -2.9096857225176165e-01         5.2926595363426192e-02         2.7816664356761595e-01         8.9260170273898931e-02         1.6235430800158826e-01        -5.8142390364475949e-01
30                                     7.3522394273123917e-02         3.3012528496003182e-02        -1.5362523392734340e-01         6.6062739978230992e-02        -2.5439533183020113e-01         1.7092374022915413e-01        -1.9707312787318118e-01         7.9328383746352593e-02
31                                     1.6697922898109042e-03         1.1727328747514450e-01        -4.0099074973641330e-01         1.2669320114927574e-01        -7.0211433035368379e-02        -2.6429727698533568e-02         1.4363771947387247e-01        -1.0638249660580790e-01
32                                     1.2480377315269067e-02        -7.4640278824724099e-02        -4.0744646851272499e-02        -4.1297688234773422e-02        -1.0896250634839380e-01         3.7574647995033371e-02        -1.2412837895126461e-01         5.4853038136358723e-02
33                                     7.2649595345304685e-02         3.2409172867471324e-02         2.1532060047041227e-01        -7.5576578067154634e-02         2.9016970845531814e-01         1.7041175243212606e-01        -2.0680580946565913e-01        -6.5875054510679737e-02
34                                    -4.8299710183332621e-04         1.3127668195317538e-01         1.9816992600230099e-01         1.0585105309478776e-01         3.6421398718017771e-02        -2.1649595990022724e-02         1.5929401346238795e-01         8.0698916558373010e-02
35                                     2.4254195255577704e-02        -6.0404581782337936e-02        -3.1598494607577016e-01        -4.0102641603686942e-02        -7.4468399657139639e-02         4.7108734058827983e-02        -1.1984484527594706e-01        -7.4469165997574333e-02
36                                    -9.6396171696758529e-03        -2.0224498943144187e-01         2.2300094234674252e-02        -2.4587924236963518e-01        -4.0495643302344855e-02        -3.4596803908178042e-01         4.0775827422220645e-01        -2.2097605221130592e-02
37                                    -1.2564485469366679e-01        -1.1950867716303792e-01        -4.3994950210364717e-02        -3.9545372578950667e-02        -8.7423907612557472e-02        -9.4279231797692944e-02         1.2891986577229073e-01         6.2067115952764073e-03
38                                     4.7668358804154994e-02         3.4289548719818250e-02        -8.3464884015600316e-02         2.5580372777036699e-02        -1.2627732989397406e-01        -1.4529563122709275e-03        -8.4126474272124135e-03         2.1346388123711237e-02
39                                     1.5065957166384500e-01         1.8928821533379162e-01         2.5684783478816092e-01        -1.3670643339184310e-01         3.1082885298326263e-01         2.8168629344588782e-02        -2.2263116314083123e-01        -6.4381672363334835e-02
40                                    -1.0175552338878775e-01        -6.9924413330973156e-02         1.9106990815801952e-03        -3.0061555585358668e-02        -3.7268173110358263e-03        -5.5134387673349078e-02         7.0929079500057654e-02        -7.8450100422072459e-03
41                                     9.7340029410748166e-02         7.9607517921441120e-02        -9.3838287107879961e-02         3.2094868367139331e-02        -7.6998649723251419e-02         5.6099545216989274e-02        -1.1661619614621306e-01         2.2576016264807711e-02
42                                     1.3949488924376066e-01         1.8010536533065546e-01        -2.3313905497688814e-01         2.0943542543174053e-02        -3.1267439458529822e-01         2.9247601728477821e-02        -2.2333185772717182e-01         8.2074647040901449e-02
43                                    -7.6087917379152270e-02        -7.6884605278193935e-02        -1.1407229568222452e-01        -4.4297280468336125e-03        -1.2563110055734800e-01        -7.4488165510440615e-02         1.0453735034659742e-01         2.3516542056646682e-02
44                                     7.5563292067998611e-02         6.6379563835110011e-02        -1.0340679217679168e-01         3.4190734911842297e-02        -1.0692286001014567e-01         2.8459890460862836e-02        -6.1172686607309068e-02         2.4095919141234007e-02
45                                     5.9289222338076445e-05         1.0274741964407768e-04        -7.7252864027155840e-04         1.0271120222694340e-04        -1.2168973798788706e-04         1.6986593012282731e-04        -5.5502355110847071e-05        -4.3155201812828116e-05
46                                     3.2694827825013146e-04         7.9007278973929160e-05        -2.8614348212771014e-04        -3.7447397204393633e-05         1.2492926502533222e-04         1.4153158641567714e-04        -1.4288848903297891e-04         7.6742391642046218e-05
47                                    -1.5051760233482227e-03        -2.7555430344789389e-04         6.1772027659368013e-04        -1.8205425834413034e-04         6.1466421046935701e-04        -1.9123720414636902e-04         1.6783903631758235e-04        -1.1502625196599944e-04
48                                    -3.2834723849723324e-04         5.7769967417634974e-03         1.6642033382979798e-02        -6.0288533076886435e-03         1.1070026972400088e-02        -5.3557571232027840e-03         2.6235600117468800e-03        -8.3514630317464927e-04
49                                    -9.8291460741699310e-03        -1.7376403566046535e-03         8.5432296678915353e-04        -7.8971935869725401e-04         3.1942614440909492e-03        -4.7621194950723178e-03         5.3813830395148072e-03        -3.2105221340993327e-03
50                                    -3.2095800424962505e-03         1.3993291473108017e-03         6.0883058735858100e-03        -2.0932454999792764e-03         4.2580018188789100e-03        -2.5921376804791292e-03         1.8080755031160975e-03        -7.9212287726020949e-04
                                                        24                          25                          26                          27                          28                          29                          30                          31

0                                      6.6364143947791790e-02         1.3499915829130385e-02        -2.3714169648409849e-04         9.3416891941113772e-02        -9.8434278143364514e-05        -4.5507198822643702e-02         1.9272772749212474e-02         7.6217860576217817e-03
1                                     -4.7835237124971938e-02        -5.2897312055462949e-02        -1.0582121684826933e-02        -6.9934547974379209e-03         1.4804151552593448e-04        -2.8353116549659760e-02         1.8647280862687517e-02        -9.8556625685774762e-03
2                                      3.8039472968234983e-02        -9.1417559956219682e-02        -1.9015965160764533e-02         1.7427775350912004e-02         1.3567866539427726e-03         9.6991402956180580e-03        -7.7684200151363720e-03         6.7398770437346279e-03
3                                     -5.9978419945972195e-02        -1.6111297173040814e-02        -2.6424492770444697e-03        -1.0340693954478471e-01         3.2586490917110786e-03        -1.6709739894314037e-02        -9.5906450527555392e-02         9.7663498661081042e-03
4                                      8.1541070793523240e-02         6.1626172476878870e-02         2.2447328107652445e-02         5.4012948112569535e-02         3.8213359451037309e-03         5.0779992960839716e-02        -4.9067902440732496e-02        -1.3399567575280245e-02
5                                     -5.6011131139388111e-02         1.0679357420292841e-01         4.2842870454752047e-02        -4.4857924166120042e-02         4.1092889535726705e-03        -3.2068825110992676e-02         1.4007111066768200e-02         9.1248623558913451e-03
6                                     -5.4352937066109622e-02        -1.3678775773704084e-04         1.1546593310294695e-02         6.3321089170782219e-02         2.5174398360259978e-04         4.1492405710181493e-02         7.9670126856448600e-02        -4.5813274969345022e-02
7                                      6.3903297938964737e-02         1.5251786206359266e-03        -5.1904803320600504e-02        -1.4058487378885366e-02        -1.9512946373674653e-02         8.3891412610864552e-02        -1.9922302793337850e-02         9.8534215582737946e-03
8                                     -4.3000413566702554e-02         2.2925797357885016e-03        -9.1230014980860710e-02         1.3725237539836394e-02        -3.4398592910689960e-02        -4.2816794563465106e-02         2.1943556501113709e-02        -1.1518434694187035e-02
9                                      1.2253688230164313e-01         3.2597901689000860e-03        -1.2880221686277039e-02        -8.1711528186378224e-02         1.1829764121292361e-02         1.0513213046899174e-02         1.5485593854199895e-02         1.4025398944722364e-01
10                                    -2.7716038264458492e-02        -1.4206867357485749e-02         6.1711075463412181e-02        -4.8129293498144397e-02        -2.3566930656948780e-02        -5.1090107115253351e-02         2.0258465282332334e-02        -6.5706404835171803e-02
11                                     3.6180701445899112e-02        -2.4590721832117041e-02         1.0426247530969600e-01         1.9802034641234950e-02        -3.5421945013165930e-02         3.0825406626438984e-02        -1.0813199438828058e-02         6.1458307596316007e-02
12                                    -8.5843620772000945e-02        -2.3189354058348586e-03         8.0294371172822017e-03         3.9115410078295020e-02        -1.3393464502694153e-02        -1.2704235007739010e-02        -1.0308847416470898e-03        -9.4528824571233608e-04
13                                    -4.0677806802906495e-02         9.5170100434569908e-03        -3.8380689194178218e-02         6.4838161352704426e-02         4.4618137157242360e-02         2.3962824779684446e-02        -1.0525326972874420e-02         3.5292383320382502e-02
14                                     8.4883140767320186e-03         1.6030905306463991e-02        -5.9924697375647144e-02        -3.4058425815734650e-02         7.3819871120905475e-02        -1.4979247933469062e-02         9.2899733560175123e-03        -2.2266394719992973e-02
15                                     1.0305995907288341e-01        -2.6568770843528430e-02        -1.0660180507778024e-02         1.6238480418648865e-01         4.5763019771243720e-05        -7.5522169118387827e-02         3.3382320653246804e-02        -6.6467505001981744e-03
16                                    -1.9442777964861049e-01         1.0156431929228711e-01         3.1246254095999338e-02        -3.1536631187322212e-01         7.0202296615884039e-04         9.3605507126798590e-02        -6.1335296233536431e-02         6.3543712053490381e-02
17                                     1.2706722514319130e-01         1.7367826996122179e-01         2.7875388554506515e-02         2.0771958945267815e-01        -1.7964600268199041e-03        -6.5739226458576494e-02         4.0275503293120574e-02        -3.7606250018247404e-02
18                                    -1.0484660626215130e-02         1.5639215531729639e-01         3.2411883644463652e-02        -1.1685306901565305e-01        -1.1475286803120589e-03         1.2183302750223281e-01        -8.1999017909859778e-02        -4.5599956706278394e-02
19                                    -4.0930014025519906e-02        -2.7691338532559795e-01        -5.5016500422622967e-02         2.1153085753701464e-02         3.0695735967697100e-03        -6.4046482028274065e-02         2.7290934826646802e-02         2.3303069809618937e-02
20                                     3.7451382041158110e-02         3.1838979160312036e-01         6.1073176634281558e-02         1.4337984261955943e-02        -4.1603374170467097e-03         3.3874757682880050e-02         4.3824082104205733e-03        -4.6000848447325861e-02
21                                    -5.2886167294521761e-03        -1.8501026746280258e-01        -2.9915021913014806e-02        -1.0871798943423204e-01         3.6948028369993783e-03         1.1712912457667167e-01        -7.4749370417680719e-02        -5.1471560106686846e-02
22                                    -5.6814758254443751e-02         3.9143732934892334e-01         7.6586897693178252e-02        -1.2817974685291254e-02        -3.6120675014476777e-03        -4.6523673760629623e-02        -9.7168503349078070e-04         4.5711984026346027e-02
23                                     1.5839336714636360e-02        -1.1865433198787974e-01        -2.1220786090750624e-02        -5.1798431684240080e-02         2.4449048491002037e-03         6.5550106026107932e-02        -4.3334528224134257e-02        -8.2537943555636029e-03
24                                    -6.5815192292396657e-02         5.1587688193841533e-02         1.6700929407770456e-02        -1.1202613512515389e-01         4.1007387089773096e-03         4.5512837205849824e-02        -9.3179948392283649e-02        -4.1151635483382336e-04
25                                     9.7353637978445845e-02        -2.0127735350889212e-01        -5.0620823449234645e-02         7.2920217426093614e-02         1.5473346943584551e-02        -6.7602812024290426e-01        -2.5022316158653080e-01         8.2979644672309366e-02
26                                    -7.4676277853961193e-02        -3.4441865316611975e-01        -8.7262806776908619e-02        -6.5664680041650034e-02        -2.1271950177570727e-02         3.9982186263521580e-01         1.3039698198501593e-01        -4.7877819908035329e-02
27                                    -5.6720691575566688e-02         1.5683260204576679e-02        -3.3844533429607665e-02         7.2844345805905361e-02        -1.2278023882768118e-02         6.5800960555406365e-02         3.9943502886210090e-02        -5.8482856463562445e-02
28                                     2.2169623011585367e-02        -5.8928061937951907e-02         1.2475015329440861e-01        -1.2436649654325310e-01         1.4267404590682774e-02        -1.3582359332928479e-01         6.8568912940124271e-01         1.0272159480710065e-01
29                                    -3.4365654862088681e-02        -1.0271331877696069e-01         2.0407939205834860e-01         8.9710369971516754e-02         6.0171301851068837e-02         9.0502672424939132e-02        -3.8736801440053181e-01        -6.8687802609022311e-02
30                                     2.5823156623702231e-01        -4.0727105409400166e-02         1.0802379499186227e-01        -1.1330773452215742e-01         5.2881511066248876e-01        -2.9115851567814533e-02         4.7557671698783971e-02        -4.4358497532037594e-01
31                                    -7.9702236765784196e-02         8.9374798343781675e-02        -3.4909148357548969e-01        -4.6411499299328252e-02        -1.3556299606807395e-01        -1.7187060150520562e-02         2.8895766636706642e-02         1.9380652769577469e-01
32                                     8.6831330241535526e-02        -3.3780549846723962e-02         1.1823831507824317e-01         1.4118826221070030e-02         1.7878127111267969e-01         1.9280569315020150e-02         2.1363249871249579e-03        -1.7203778479116699e-01
33                                     2.6197882150915713e-01         3.5271722489560564e-02        -7.8474222723420958e-02        -1.1743013985274189e-01        -5.6327634975621921e-01        -3.8720841543822326e-02         1.2904252320855328e-02        -3.9938604654225623e-01
34                                    -8.0569466396466144e-02        -7.1087428894067023e-02         2.7472478045886284e-01        -2.9654120640213832e-02         1.4865525434528790e-01        -2.2904017211927641e-02         2.9466028197808341e-02         1.7062093103723508e-01
35                                     9.1853958107803058e-02         6.8531812837118095e-02        -2.6057131653002535e-01        -1.6364012141177262e-02        -1.5546366792997537e-01        -8.6051450906945159e-03        -2.3619916653021329e-02        -1.7979460135904768e-01
36                                    -1.0492963087497937e-02         6.6378835507740876e-03        -1.5023355179903658e-02        -2.3648905522828514e-01         9.6313406518167763e-03        -5.3640340374134947e-02         2.2469485820452013e-02        -2.2998009123217608e-01
37                                     3.8717692193079238e-05        -2.1567140865016592e-02         6.8418586803100562e-02        -6.5675034716685940e-02        -5.5329032197706594e-02         4.2161976804261534e-03        -2.6412549749657379e-03        -7.5502910439566251e-02
38                                    -1.5544830143073200e-03        -3.6596153328492954e-02         1.1462758838865683e-01         4.5402068594363977e-03        -9.1238221205987333e-02        -1.2312368529015284e-02         8.7555750754551441e-04         2.2257253458483669e-03
39                                    -1.7092634011837668e-01         8.1401449618568239e-02        -3.0531752855344452e-01         2.1037448718571342e-01         2.6440610976850182e-01         6.0698865560597996e-02        -4.9133379609227028e-02        -6.1424405006239927e-02
40                                    -8.5058777296228086e-03         7.6485675220981514e-03        -2.9084420275769126e-02        -3.5494294726829849e-02         4.8456274185355905e-02        -2.8345388337943280e-02         1.6204581419512015e-02        -6.2005741592093492e-03
41                                    -2.9475757108633208e-02        -1.5707181058426157e-02         5.5390025302885643e-02         8.9813004601123195e-02        -4.0336163254391863e-02         5.0917200622587151e-02        -2.1421300349881149e-02         8.1680199001809992e-02
42                                    -1.6507094470480324e-01        -7.5205057183692955e-02         2.7105592639549375e-01         2.3069945679643131e-01        -2.5285658809883427e-01         5.8653477763791491e-02        -6.4379356425090656e-02        -2.8455724781433035e-02
43                                    -4.2093352735198090e-03        -2.8533170323175653e-02         1.0774531766948493e-01        -5.6098594796611514e-02        -9.9580003562305439e-02        -5.0870596081701393e-02         1.2177429415442365e-02        -8.1485683997947075e-02
44                                    -1.9964041403927008e-02        -1.9065524496398156e-02         6.7547338578923144e-02         4.5573777122204402e-02        -3.6629503703530429e-02         1.5514692308742545e-02        -1.8376756705586576e-02        -4.1401549751309642e-02
45                                     5.7132617606986211e-05         5.8962141039209678e-05         2.0006134442712110e-04         3.1735706969953933e-06         6.2219110649346289e-05         6.4065832864295401e-06         1.2709781146608582e-05         5.1539146937718112e-05
46                                     8.0347691131565628e-05         4.1518386605024102e-05         2.4155967848083358e-04         2.4880325794703497e-05         9.2267827671781849e-05         9.6456785321816118e-06         3.2211182161600136e-05        -2.5926900820728506e-05
47                                    -1.5721576771623126e-04         8.0279427666284488e-05        -1.9339616553464936e-04         7.0428508477563966e-05        -8.2538702619873742e-05        -7.2700550411844674e-05        -6.7917776292845416e-05        -1.9984541319999772e-04
48                                    -5.0410099728880027e-03         1.1365625825694840e-03        -3.6058796901492604e-03         5.5680338625719412e-04        -4.1461643009318479e-03         3.2352034242410176e-04        -1.4368400069182993e-03         3.3734069561784101e-03
49                                    -3.7976389058842247e-03         1.3215666228296990e-03        -4.3912865345857675e-03        -4.3393069375929514e-04        -3.6314717778336385e-03         1.3986272277206115e-04        -1.1707323006038485e-03         3.0083908260122878e-03
50                                    -2.2497726991031388e-03         5.2441306371950780e-04        -1.8677388731984622e-03         7.3303887273042987e-05        -1.9778491455572610e-03         2.7199003900504177e-04        -5.2849216245310856e-04         2.1392445421042623e-03
                                                        32                          33                          34                          35                          36                          37                          38                          39

0                                     -6.2685722069873759e-02         1.7571557311840080e-02         7.7843983478435800e-03         4.6968558895537013e-02         1.0947796665527065e-02        -1.3604777330603532e-04        -9.1713038080885043e-04        -2.0838020307593270e-03
1                                      8.7777496989034712e-02        -3.2793890589915595e-02        -2.8565029820908146e-02         2.7594091828559004e-02         4.6359868198021176e-03        -7.9512969593482021e-05        -7.2730544246983153e-04         2.1285990134396589e-02
2                                     -6.0145731307125798e-02         2.1622433597067139e-02        -4.9541182326055894e-02        -8.4984443852480634e-03        -9.5583537033005627e-04        -2.9807682728937906e-05         2.9104217790354252e-04        -1.2595416390655369e-02
3                                      1.2630736667510349e-02        -2.5258246375408308e-03         1.7894958821109003e-03         6.2053266712834903e-03         2.5488721793062346e-03        -7.4826383125427303e-05         1.5808574116868144e-03        -4.7243658619890973e-02
4                                     -9.7662240427060423e-03         1.2885788700305314e-02        -6.8440100287717812e-03        -8.5380510820169501e-03         8.2838261431761873e-03         1.1019171647635325e-04         2.0166738335354287e-03        -1.6408419447410916e-01
5                                      7.5244819555026730e-03        -7.8397229734217030e-03        -1.1859481962704534e-02         5.9448082660214637e-03        -4.4510779563453305e-03         4.6102900428826029e-04        -9.6006768228515480e-04         8.7571404144356060e-02
6                                     -7.7528663424648427e-03         9.7935092600337607e-03        -1.9502227762126027e-05         1.9466717745989248e-03         8.6021056794352915e-04        -5.1380013820033173e-04        -2.1462374790599884e-03         4.7445032662570434e-02
7                                     -5.3892986650570006e-03         3.0258037493151998e-03         3.6777616429239197e-04         2.0870378757431748e-02        -6.9222342573145628e-05         6.1979502796597136e-04         4.8316065914489805e-03         1.6475709300907262e-01
8                                      1.9737562448708997e-03        -3.3649531608132032e-04         3.5852752221597162e-04        -1.1864984016941344e-02         7.2641916415431434e-04         5.1243915271029759e-04        -3.2471485913687414e-03        -8.7854909118466523e-02
9                                      5.2849491782439705e-03        -4.1078948969654618e-02        -1.9889033351717789e-05        -1.2505852156924190e-02         4.3473865194899396e-02         3.3685785166243307e-03        -1.1141203855020228e-03         5.0146019181851302e-04
10                                    -1.2698667338621222e-03         7.8030033787418645e-03         6.5622373045566703e-05        -1.6761156899633287e-02         5.4843486194060403e-02        -7.4985198488814794e-03        -2.8940588054122692e-02        -2.0516857145635479e-02
11                                     1.6063706396136500e-03        -1.1402413784731915e-02         7.6262487723571473e-05         7.2810028622402522e-03        -2.3327851536339522e-02        -8.8507249942746009e-03         1.7238537982046089e-02         1.1955608969102792e-02
12                                     4.2197896681473647e-02         1.2329150901357501e-01         5.0613060166027662e-05         2.8968739212698637e-03        -3.4845372563253253e-03         6.4665489681371346e-03        -1.0292821648155944e-03         2.2367307601152872e-04
13                                     6.7409047994267243e-03         1.1090602985971270e-02        -1.5829565652682036e-05         3.5076160983281445e-03        -8.0681887836636813e-03        -3.1249441958694904e-02        -4.4860944899342635e-02         2.7778334340863272e-03
14                                     2.9204959078533653e-03         1.3961012973280366e-02        -6.2016936910766265e-05        -1.7384870060500692e-03         4.0278763500126583e-03        -4.6844606029635125e-02         2.9940326804873404e-02        -1.5242626632524718e-03
15                                     4.0810278134614103e-02        -1.8386010434430777e-02        -9.2019738393477282e-02        -1.6063096629914911e-02        -6.0851714046890855e-03         1.8927187225833853e-05        -3.1986417696364439e-03         1.2731875366538983e-02
16                                    -4.1278876288507982e-01         1.3982775171701947e-01         3.5607231991517169e-01         2.9928424146907628e-01         7.7949380120083636e-02        -7.5576811554452336e-04         8.7622536073181448e-03        -5.0976074370199062e-02
17                                     2.4531072661464334e-01        -8.3966251527014021e-02         6.1142159183873557e-01        -1.7986270459738402e-01        -4.7458780218860318e-02         1.6902199324820514e-04        -5.4619705338683376e-03         3.1389075803309144e-02
18                                     2.8105509289748870e-01        -7.8385056989712945e-02        -4.6923045100214283e-01        -3.7351557719228495e-01        -8.8005108635687584e-02         8.4180481143901031e-04        -2.2537671621902888e-03        -1.2949681425433238e-02
19                                    -1.6767018969943945e-01         5.5049489029205964e-02         3.5764982857268000e-02        -1.5978371749526429e-01        -4.1910657056465794e-02         3.4317448173198912e-04        -4.0366830966597003e-03         4.6846461301199654e-02
20                                     3.4771297352263425e-01        -1.2433701615261707e-01        -2.9694261887824563e-02         4.6500157234486411e-01         1.1568231172524876e-01        -1.0789889346114296e-03         6.8692849182056034e-03        -5.9565174237259912e-02
21                                     3.2805301180342994e-01        -9.6686188987183314e-02         4.5151706713788275e-01        -2.8373552194160889e-01        -6.6707504250268779e-02         6.5471803153902756e-04        -1.0856317596080688e-03        -1.9614081123094762e-02
22                                    -3.4555287026142989e-01         1.2378818520491200e-01         1.0864828217278549e-02        -5.2524785641069316e-01        -1.3090955037439930e-01         1.1502284557509772e-03        -8.2063105002568026e-03         7.2826835184192251e-02
23                                     4.0050402224214667e-02        -5.2660242896437502e-03         1.1802301469919613e-01        -1.6872134787257048e-01        -3.9281439619685554e-02         3.5453380317609858e-04        -2.8456048281638203e-04        -1.4407454869666452e-02
24                                     1.0532396590703577e-02         3.3332462389505041e-03        -3.4479177947364954e-03         6.9217139080055166e-03         5.5580230244739450e-03         1.3138840857604033e-03         1.1995549089647006e-03        -9.8869340850439719e-02
25                                     1.8875235909658176e-02        -5.3596777385433308e-02         1.3233441114068751e-02         4.3442756662265825e-03        -2.6185636685793937e-02        -5.2791114223551252e-03        -2.3132266209039999e-02         1.3357419313597593e-01
26                                    -9.3399633045168125e-03         3.1899881419053970e-02         2.3509007501792734e-02        -1.7348590569970356e-03         1.6525265217461317e-02        -9.2714909966241359e-03         1.4694703666862503e-02        -9.2299016719019022e-02
27                                    -8.8547963896949116e-03         1.4703211739538764e-02        -3.9589763956936560e-04         7.6987799760657137e-03         5.8840359076957403e-04        -4.3182162419119703e-04        -1.7711432682711817e-03         9.2542480751311426e-02
28                                     1.1522230229321610e-02        -6.2401959767893360e-02         1.5027274146186458e-03        -4.7858866023460990e-02         1.3104839591152445e-02         7.6036509355903090e-04        -1.1432811274029555e-02        -1.2444698213110084e-01
29                                    -8.0418638578071949e-03         3.8200732946690331e-02         3.1762103916353666e-03         2.8685598004600327e-02        -7.6401911282996662e-03        -1.6113358990392475e-03         6.5895557674830810e-03         8.5463064273877620e-02
30                                    -3.2151358231877820e-02         7.8472157191009584e-02         2.4567746875671733e-04         5.7902676246789166e-02        -1.9844123925844587e-01         1.9935130660421178e-02         1.1135148260353712e-02         3.1667346109046958e-02
31                                     1.0416847841605879e-02        -5.3344892805516270e-02        -8.3884132048084781e-04         1.2908693230883889e-01        -5.8180105474597577e-01         1.2562796889840827e-02         1.4910784193917781e-01        -7.2996502707942446e-02
32                                    -1.5539443586599245e-02         3.3795038102737415e-02         7.9411608932855504e-05         5.0873742646848893e-02        -1.8527230974480438e-01        -2.9967193521068655e-03         4.1569458189028491e-02         2.1090784493430305e-02
33                                    -3.0165950044615471e-02         7.0958876828611753e-02        -2.4030985387569334e-04         8.2231680819054798e-02        -3.0392041836093120e-01        -2.4913538226281489e-02         4.2771196075836765e-02         2.4151645291773161e-02
34                                     1.3342363897870390e-02        -4.2656295356259206e-02         1.1903019879960988e-04         3.5471035614914895e-02        -1.8584897330416111e-01        -5.7288480209630038e-03         4.7500834978196238e-02        -5.0141695790035148e-02
35                                    -9.0307256150794386e-03         4.5439406448490559e-02         3.3601091705265125e-05        -1.1901092900855620e-01         5.2910330739138423e-01        -9.2960869750676623e-03        -1.4168909962572274e-01         5.7583501625095672e-02
36                                    -1.5981605894673676e-01        -3.9939847392369610e-01        -1.5808336572421239e-04         9.1499629725098550e-03        -6.4015713011855310e-02        -1.1232000728680822e-01        -2.6896243281611687e-01        -2.2918733207800180e-02
37                                    -8.8817940793654848e-02        -2.3501496716547637e-01         2.0574430830782466e-04         7.3140485926153614e-03        -3.4689731841145086e-02         3.5306435459137608e-01        -1.8637563888788208e-01        -7.7428489198702538e-03
38                                     2.7569433476614235e-02         7.9495541219950824e-02         4.2138449863492547e-04        -2.0140680991236363e-05         9.0895880030923935e-03         6.0776184086591534e-01         2.8035645989686442e-02         3.9764517382503734e-04
39                                    -1.6146825810316656e-01        -4.4287510220916526e-01        -1.5421497374545388e-04        -1.8361257457389483e-02         4.3982504237438151e-02         3.0149576337908374e-01         1.7353392987722824e-01         3.7923171143104794e-03
40                                     4.4668867023685895e-02         1.2863573426715996e-01        -1.0031431935326646e-04        -1.6292861219933282e-02         5.6675086956304369e-02        -2.4275417600626908e-01         2.4346796183551650e-01         1.2677837618674664e-03
41                                     1.6512550599007823e-02         2.9845769261450536e-02         2.3599504362398967e-04         4.1819837348348238e-02        -1.2883021174442988e-01         2.3990955819771878e-01        -5.6988915802192219e-01        -1.0888319993433697e-03
42                                    -1.4543025019846301e-01        -4.0643532583838576e-01        -5.0686127937593078e-05        -1.3434929745805721e-02         2.4869697392391431e-02        -2.9994113787996868e-01         9.6932031479895348e-02         3.3523756885312150e-03
43                                    -1.4964012420444447e-02        -2.4132356143940235e-02         1.9558534223232580e-04        -4.4101451859557675e-02         1.4294291602645090e-01         3.4432298682359264e-01         5.9431226516915059e-01         1.6928268758279682e-03
44                                    -8.4249349972428264e-02        -2.3112489038089332e-01        -7.1496525840041223e-05        -9.8826211066546966e-03         1.8813879114974001e-02        -1.6729844838367597e-01         9.5913810159483734e-02         4.5142718918085996e-04
45                                     2.9765162487078158e-05         1.3468314253763810e-04        -7.2163954667465481e-06         7.1335317272750289e-05        -2.3831391912153843e-04         2.3320035367027002e-05        -1.5361241784055143e-04        -1.8581393978133527e-06
46                                    -6.9454336904401374e-06         7.8348449625429041e-05        -8.7962516280486030e-06        -9.5116495287266304e-06         1.9016070191187774e-05         1.3872762230161779e-04        -1.1044601984798906e-04         6.7935510916982442e-06
47                                    -1.0651327143852113e-04        -2.5075994986576355e-04         6.1784607480660437e-06        -5.3701309169915065e-05         1.8561150053893804e-04        -3.5384693529494528e-04         7.0820204902667043e-04         2.0069000701701833e-05
48                                    -7.1304765298163903e-06        -3.0334657169865352e-03        -1.6403029008009651e-04        -2.2278341105709219e-03         8.3873281598900173e-03         4.4189450041568733e-03        -2.6569044435092847e-03        -6.6763975511895219e-05
49                                     5.4754534021122115e-04        -1.3635543805272554e-03         6.7091456008243507e-05         1.0984513407984121e-04        -1.1112190524723620e-04        -5.9306202986095548e-03        -1.7549399616525422e-03        -2.9436145120787785e-04
50                                     2.9421965459405048e-04        -7.1028077331039606e-04        -4.4029492095289235e-05        -5.3102921969985100e-04         2.0660204403179366e-03         1.3774729127247250e-03        -3.0924145442871838e-03        -1.6904842151667607e-04
                                                        40                          41                          42                          43                          44                          45                          46                          47

0                                     -1.8422321696919059e-02         4.1524064258584401e-04        -7.2184251474911816e-05        -3.6305966812568059e-05         1.1570473755734560e-02         6.8820109306095625e-03         7.1673948915970634e-02         1.9800615303212497e-02
1                                      4.1440002503339499e-02        -9.7863087704365219e-04         7.6839346870350583e-04         2.9452978895963338e-04        -4.4569428435073777e-02         3.4303714359215005e-03         3.5982488523743472e-02         9.8958337552172738e-03
2                                     -2.6708866004695395e-02         6.2363901332504327e-04        -4.5396300273219321e-04         4.5271147047785140e-04        -7.7153282111331531e-02        -8.6632925471899329e-04        -1.0012946420434930e-02        -2.8847842017790909e-03
3                                      1.3242585014546081e-03         1.1148058935362326e-03        -1.3204424383872137e-03        -1.2975980863907962e-04        -8.7511757016186102e-05        -2.1720599905669932e-02        -2.9407942155406631e-02        -5.3519001688723282e-03
4                                     -9.7087811623246484e-04         8.3938620077558454e-05         6.1555462844217962e-04        -1.3459042631291091e-04         1.9726242124954720e-04         1.1752484849789617e-04        -5.4608175265080227e-03        -7.2941822873687386e-04
5                                      7.5584015212065714e-04         1.2499968665525952e-04        -5.3790764490092196e-04        -2.6192122198245458e-04         3.3444076225419019e-04        -3.2938150699440287e-03        -1.2411096472010926e-03        -3.7610968898792673e-04
6                                      1.3866209480610265e-03        -1.0458695458258451e-04         1.1587090602769266e-03         1.9456502068678381e-05        -2.4223381136408409e-05        -7.8949841917425323e-02         1.7223855450941593e-02        -2.8056243641196451e-03
7                                     -6.8216214765624383e-04        -4.8221845020104106e-05         7.2398522800516403e-04         1.4621088588490246e-04        -1.3921020285872040e-04        -1.1263541616207432e-02         3.7959346360744856e-03        -8.6180273406448460e-05
8                                      6.0895525831696385e-04         3.2963868633167357e-05        -2.1906602285715117e-04         2.8140607432378828e-04        -2.3332589420740340e-04        -5.4091091494709370e-03         3.9448555799170479e-04        -3.2396697748639578e-04
9                                      5.2196765717365352e-04         3.2995734128140725e-03        -3.4895678228079936e-02         1.2115762947239655e-02         1.1971370225083746e-04         9.2501671799743480e-04         2.0110276757516945e-04        -4.0843133322583609e-04
10                                     1.1465008014496488e-03         2.6946947029106694e-03        -5.4771530279235953e-02        -4.5454123555700159e-02        -4.4415205945310798e-04        -1.3549313716714727e-03         1.3008476704764549e-03        -2.8865462786323601e-03
11                                    -5.7775938204713900e-04        -7.6931243589820801e-04         2.8428352858472016e-02        -7.6628730898127898e-02        -7.5027192193354659e-04         1.0509060107396679e-03         1.2755111055936415e-04        -2.2215629161342278e-03
12                                    -1.2532765309157059e-03        -5.1468806370345621e-02        -5.8320743032635645e-04        -1.9129834300791366e-03        -6.8702546855700216e-05         1.8018116021470472e-04        -2.5847347054549531e-03         9.8662034894652501e-03
13                                    -3.0909599143872447e-04        -6.9573249249028114e-03         2.8431137599421847e-03         5.8292207776984373e-03         2.2978656109331501e-04         5.4364489258633001e-03         2.0983080070507282e-02        -8.5150169234171430e-02
14                                    -6.1677601548761296e-05        -7.1723536181123931e-03        -2.0022136972320174e-03         8.7392131209940247e-03         3.6647662583028047e-04        -2.7492991004010410e-03        -6.9880469685829902e-03         1.9884776914307949e-02
15                                     4.7599808686342243e-01        -1.1671094932640749e-02         8.1316525314074767e-03        -1.2282109392537161e-04         8.7507094932484761e-04        -5.6664015323150442e-02        -7.1170249797028395e-01        -1.9638212283905732e-01
16                                     1.0779970802565587e-01        -2.6207393754965717e-03         1.7238715791807534e-03         3.1244200385336221e-05        -3.3818507355061374e-03        -1.4196369057740642e-02        -1.6206135821381748e-01        -4.4613729585209219e-02
17                                     9.0789750637242789e-03        -2.3239336136896148e-04         2.0278439493755145e-04         9.6042862731875753e-05        -5.8954712661845425e-03        -2.4670008305743385e-04        -1.3137192174903811e-02        -3.6966304097288882e-03
18                                    -7.3825890627848681e-02         1.9403203741486788e-03        -1.7224189098916469e-03        -5.5764368446196695e-04         8.7039598633667031e-02        -4.4761019822482737e-03        -3.2282064221409557e-02        -8.8055154124427725e-03
19                                    -5.2921253118433731e-01         1.2676195528141828e-02        -9.8372939565199106e-03        -5.3975035257677354e-03         5.9373839376315707e-01        -2.9951580280385113e-02        -2.5737921496437072e-01        -7.0402618461752595e-02
20                                    -2.7238717121603295e-01         6.7332807931899065e-03        -5.6708141522848164e-03        -2.3103038218849565e-03         2.9645536127640737e-01        -1.6102238144822929e-02        -1.3502674882512505e-01        -3.6856392914497105e-02
21                                    -1.9922392799387614e-01         4.9696847524458628e-03        -4.1774482287321524e-03         1.4760287505750358e-03        -2.2549671848013339e-01        -1.1360108749128755e-02        -9.3854879689591594e-02        -2.6248991025546661e-02
22                                    -4.6250439486982493e-02         9.4451643884094325e-04        -4.0509621814353364e-04         8.5626899891035546e-04        -6.0326130747654354e-02        -2.0042538742185371e-03        -1.9856371256425052e-02        -5.5696009851920443e-03
23                                     5.6399429698339021e-01        -1.3535454092247590e-02         1.0707563030967293e-02        -4.9492720568386208e-03         6.2710454695926043e-01         3.1138355024476531e-02         2.7601118764788962e-01         7.6997231395675172e-02
24                                    -3.6932689106037682e-03        -1.0288123926390945e-02         1.1390344789579131e-02         1.6638745041436158e-03         2.5142597899355354e-04         2.7540054977123823e-01         3.1787641511253939e-01         6.0220131267471118e-02
25                                    -5.1387408141001321e-03        -1.9211508631383546e-03         1.2034683430888556e-03         7.8868393600416121e-04         6.3361992608660040e-04         4.1860852690859270e-02         4.5051297168603469e-02         9.6623889594317121e-03
26                                     2.4368397780845795e-03        -3.2754318673152794e-04         9.9734033273329360e-04         1.1318802482936895e-03         1.0316859983042328e-03         1.6956231182445609e-02         2.1386220681907379e-02         3.8824919906549514e-03
27                                    -1.0188811941702632e-02         7.5657143608925826e-03        -1.2506662733685831e-02        -6.1856756491268530e-04         4.8896178219874902e-04         8.9647884869220529e-01        -1.8272703009437419e-01         2.7352414743833819e-02
28                                    -1.0621777280267379e-03        -3.3639002592974023e-04        -1.1201115174073566e-03         7.3985482054067650e-04         7.8439314549791643e-04         1.0938253324963650e-01        -2.0378214701791599e-02         4.3498214330546705e-03
29                                    -9.2184232977029275e-04         1.3200910768050350e-03        -1.3874449468032617e-03         1.2274224892301268e-03         1.2617915694098599e-03         7.1835242429277121e-02        -1.5760030397937011e-02         1.6734056613882972e-03
30                                    -4.6915815592845468e-03        -4.5348198399162024e-03         2.8061126833034516e-01        -2.5746696163558785e-01        -2.1501552630268880e-03         1.2053077733506579e-03        -2.4763164447350518e-03        -1.8583688852540645e-03
31                                    -1.5767782639117879e-03        -1.2719887837832225e-03         5.6045741853783915e-02        -6.1026957471283241e-02        -7.5823677553636551e-05         1.0991250283620667e-03        -9.5477275076301946e-04         4.5038541169638248e-04
32                                     1.2548828745081604e-02         2.4814872401615916e-02        -6.4346578020143874e-01         5.8372683714909424e-01         4.2533277013698167e-03        -5.0220749665494096e-03         4.1994206997379617e-03         6.3930843514569567e-03
33                                    -1.5131033476582180e-03         1.0850262172219611e-03         1.0521184194427724e-01         1.1487658970063182e-01         1.0492043713978786e-03        -2.7314525906558179e-04        -3.7862018102105314e-03         1.1384240422307689e-02
34                                    -1.1752562851232688e-02        -2.4967999979976566e-02         5.6724570737280955e-01         5.9742494969441395e-01         4.2033358926661293e-03         3.5070900150746885e-03        -1.3725186486609654e-02         3.8355468956492278e-02
35                                    -5.8548182448217457e-03        -1.3851058861458808e-02         3.1637985728053714e-01         3.2045273534553181e-01         2.7225600684107599e-03         9.8730997224051294e-04        -7.0665352816699127e-03         2.0148428223095476e-02
36                                     5.3932984951933580e-03         2.4101403898498908e-01         1.8803101986526214e-02         3.2563993123868960e-03         5.7571867488932313e-05         2.2466250734394455e-02         7.5354503610844045e-02        -2.9039033315728852e-01
37                                    -9.4251660623667338e-03        -4.3743341304568101e-01        -3.4669485898973430e-02        -5.1424663444002731e-03        -9.7062257859032832e-05        -3.8951868273326397e-02        -1.3620136184243500e-01         5.2304225243336910e-01
38                                     6.4949112326056317e-03         2.9911349440392832e-01         2.3601327864725432e-02         6.3993669821882518e-03         1.0805662229277498e-04         2.6942520875983356e-02         9.3971371645471272e-02        -3.6177303231254870e-01
39                                     2.4456456879357203e-03         1.0767088784073675e-01         8.9848823111040969e-03        -8.1329832279663974e-03        -5.5020691292652943e-04        -6.7491986058959451e-03        -2.4516569116102598e-02         1.0772385266899567e-01
40                                     1.2070933812197130e-02         4.9937269140599916e-01         1.0698277411760177e-02        -6.2691653799130068e-02        -2.6822399300915969e-03        -2.7817939291548653e-02        -1.0957126402110036e-01         4.8716561670616143e-01
41                                     6.3788978191100174e-03         2.6766367216567666e-01         4.3485693386082812e-03        -3.2707564588553902e-02        -1.4428287657278895e-03        -1.6440026679210452e-02        -6.1211513771563364e-02         2.6676866362907947e-01
42                                     5.2629622733873262e-03         2.1930177826601471e-01         1.0053816576999190e-02         2.6430027113932896e-02         1.2946105545442411e-03        -1.1748284056172240e-02        -2.2354742205523713e-02         6.5486478392335915e-02
43                                     4.9883126232404002e-04         1.7303422935285730e-02         2.5853206999443871e-03         3.2297733393124002e-03         1.1877917095516041e-04         3.4725721454837859e-04         7.2490878119640543e-04        -2.0135565241926317e-03
44                                    -1.2089010186670798e-02        -4.8677341086882192e-01        -6.2565493740623368e-03        -6.9846549101336405e-02        -2.9115768345438788e-03         2.4216289383742338e-02         4.7704069589328449e-02        -1.4111920007923495e-01
45                                     1.1607475335578066e-05        -8.1009196292745197e-05         8.0274710987015845e-06        -1.9679067529202213e-05        -1.3142701578686191e-06        -9.8742771521314101e-06        -1.2213545274821038e-05         1.9736242690887049e-05
46                                     5.3496289241261485e-06        -4.4050089554101182e-05         1.1215595712653155e-05        -1.6793508128789370e-05        -2.1265716948723297e-06        -3.8981609225345266e-06        -1.1967658486019075e-06        -6.8153710884082362e-06
47                                    -1.0176175541540143e-05         2.0610981284333596e-04        -1.1632078161999279e-04         1.7854985925553517e-04         4.6882753257244908e-06        -3.6326883517652711e-06         2.2745935821298390e-05        -4.4047507350543380e-05
48                                    -2.2117112330572296e-04         1.2159610677047439e-03         6.3435233655301162e-04        -3.1764792542363080e-04         1.5063586951511222e-05         2.5986753482641823e-04         2.0397875576503701e-04        -2.2605676714246891e-04
49                                    -1.0272486818883709e-04         9.8159213288078547e-04        -3.7475573769806353e-06        -3.6185944205824787e-05         5.5723108956919457e-05         9.0108345908762231e-05        -7.4920345254075730e-05         5.0147197524726573e-04
50                                     9.2630202610620053e-05        -2.8799436973485490e-03         1.9332447145633978e-03        -2.7316780585113420e-03        -6.0133543628378880e-05         5.4359119250131592e-05        -2.8472906427169539e-04         5.2799870536209502e-04
                                                        48                          49                          50

0                                     -2.3881737382204097e-03         2.9245613457904381e-02        -1.0971425614134077e-05
1                                     -1.4149800577793635e-03         1.6327957438422438e-02         1.4650956109181348e-05
2                                      3.9232881181920949e-05        -5.0708561135700452e-03        -5.1154146284325830e-07
3                                     -9.5929350238626947e-04         7.4884546750870584e-02         1.4011527120344664e-05
4                                     -2.4480920179844804e-04         1.4078140250666050e-02         5.0783940378475342e-06
5                                     -5.6459745745487072e-06         3.0494286714852644e-03        -1.7916439340023036e-06
6                                      1.7724841974807357e-03        -2.2266346244429726e-02        -2.7596004842416440e-05
7                                      3.2902819423904508e-04        -7.1022258438586672e-03        -1.1777189450678640e-05
8                                      2.1969328915014545e-04         7.5703980797146321e-04         5.0327333053165677e-06
9                                      1.5306659507695966e-03        -3.1135457083953841e-04        -1.9376028047513007e-05
10                                    -3.8743376960507941e-03        -9.2011973060164391e-04         7.3407768960967355e-06
11                                    -7.6374235753276475e-03         2.3159201387921413e-04         3.1897093003090452e-04
12                                     1.1477431953683169e-02         5.7373169126292674e-04         2.0585270977333119e-04
13                                    -1.9397817732510540e-02         3.1987052091183329e-03         9.6944715353607336e-05
14                                    -8.7288996761056295e-02        -2.9073056742813241e-03         1.9914569399302661e-04
15                                     2.4546195921863155e-02        -3.0827616756526788e-01         1.5099465317427256e-04
16                                     5.4594537984159822e-03        -6.3641976393994965e-02         6.0333616780336534e-05
17                                     4.9829917413462817e-04        -9.4975025136382566e-03        -2.1405207231162090e-05
18                                     1.4559650990402587e-03        -1.3735077746407587e-02        -3.6488044836044484e-05
19                                     1.0735574193513196e-02        -1.0960817693124066e-01        -1.6567651707085008e-04
20                                     5.6611694557979451e-03        -5.6492824527782926e-02        -1.2172209650047498e-04
21                                     2.2267196886502439e-03        -3.9875664579647384e-02        -6.4782563088349579e-05
22                                     6.0291082832293597e-04        -9.3324458623749822e-03         1.6138150827824948e-05
23                                    -7.0289437248661733e-03         1.1748924489362837e-01         1.1790908599101627e-04
24                                     9.9802773176581351e-03        -8.3946520275857206e-01        -2.4461317236861989e-04
25                                     1.5638549549297713e-03        -1.0807914353339190e-01        -1.3070483079438624e-04
26                                     1.9404367041101721e-03        -6.2989822937812703e-02         4.6925043003434014e-05
27                                    -1.8112154114877793e-02         2.1979543935092857e-01         4.5996694031378576e-05
28                                    -2.1407565260073893e-03         2.1697573746238080e-02         1.6501619905005279e-04
29                                    -1.3201386468310924e-03         2.0547304425383550e-02        -1.3217753229746628e-04
30                                    -3.5285882027192295e-02         3.4195383585994858e-03         1.6877500993592324e-03
31                                    -7.3102853790753880e-03         8.2315677228634785e-04         6.2338388270350928e-04
32                                     6.5067146328251307e-02        -6.3649708677140362e-03        -2.5324990989748558e-03
33                                     1.4141020462527975e-02         2.3114334172459482e-03        -4.0762027547087141e-04
34                                     5.4929078879315932e-02         8.6842737270056321e-03        -4.2576217345658692e-04
35                                     3.0787694807891949e-02         4.7291970307704757e-03        -3.8769382571330013e-04
36                                     9.2462404511741494e-02         1.3819843722107830e-02        -1.3659163496995900e-03
37                                    -1.6780736940422378e-01        -2.3998316916344437e-02         2.5579867280560854e-03
38                                     1.0823590206848804e-01         1.6544041814530522e-02        -6.0318550249573177e-04
39                                     9.3587113266625443e-02        -3.2396162401465583e-03        -1.4672668711732013e-03
40                                     4.2542820001581361e-01        -1.8500910210656227e-02        -3.1575817262011960e-03
41                                     2.2319323734245666e-01        -7.7500862532623570e-03         1.5003835496260904e-03
42                                    -3.2135011272522102e-01        -1.3244058991275048e-02        -6.7461150476648987e-04
43                                    -2.8651100012104538e-02        -2.8174859790874953e-03        -7.3815408391199875e-04
44                                     7.0080220263559756e-01         3.0767598425492558e-02         1.8148398131477174e-05
45                                    -4.5069361350931252e-05         1.7562149073977472e-05        -1.9062181112513572e-02
46                                    -2.8071378185291320e-05         7.3494977737797294e-06        -1.0268855116742933e-02
47                                     1.2170076584241381e-04        -7.0933940037111766e-06         5.6632775297799781e-02
48                                     8.3051818733597218e-04        -3.7818318005622192e-04         3.0300255450732555e-01
49                                     7.9633546441367365e-04        -1.7543684145725661e-04         1.6284514631278241e-01
50                                    -1.6743120216664608e-03         7.9371957914878925e-05        -9.0296767424268509e-01
$End
$Calculation_Timings
   &GeometryIndex 1
   &GTOINT [&Type "Double"]       3.0974420000000000e+00
   &SCF [&Type "Double"]       5.8168790000000001e+00
   &PROPINT [&Type "Double"]       2.6657589999999995e+00
   &RESPONSE [&Type "Double"]       3.2113199999999988e+00
   &PROP [&Type "Double"]       4.0829530000000016e+00
   &SUM [&Type "Double"]       1.8874352999999999e+01
$End
